CustomerID,Recency,Frequency,Monetary,TotalOrders,TotalItems,FirstPurchase,LastPurchase,Country,UniqueProducts,AvgOrderValue,R_Score,F_Score,M_Score,RFM_Score,RF_Score,Segment,Cluster,PCA_1,PCA_2
12346,177,1,40.59,1,11,2011-06-15 09:36:00,2011-06-15 09:36:00,United Kingdom,3,40.59,1,1,2,4,11,Lost Customers,0,-1.5453122719614705,0.349288188583193
12347,17,9,461.25,9,115,2011-01-16 12:43:00,2011-11-22 09:38:00,United Kingdom,27,51.25,4,4,4,12,44,VIP Customers,2,1.1871082378348214,-0.08584068503758854
12348,1,14,810.38,14,305,2010-12-29 11:00:00,2011-12-08 11:30:00,United Kingdom,41,57.88,5,5,5,15,55,VIP Customers,2,1.7267945074628264,0.023603831682459317
12349,253,1,5.56,1,4,2011-03-31 07:51:00,2011-03-31 07:51:00,United Kingdom,1,5.56,1,1,1,3,11,Lost Customers,0,-2.5307191003041427,0.6899825997839203
12350,60,5,113.34,5,50,2010-12-26 11:44:00,2011-10-10 18:01:00,United Kingdom,16,22.67,3,3,3,9,33,High Potential,1,0.17050198098562858,-0.14811394392912255
12351,134,2,63.41,2,24,2010-12-27 12:17:00,2011-07-28 09:38:00,United Kingdom,10,31.7,2,2,3,7,22,Occasional Buyers,1,-0.8935227134969461,0.180333429967056
12352,47,10,678.1,10,249,2010-12-10 07:31:00,2011-10-23 18:52:00,United Kingdom,38,67.81,3,4,5,12,34,High Potential,2,1.2029812730693834,0.3072987488727196
12353,167,3,108.82,3,21,2011-03-26 18:56:00,2011-06-25 07:56:00,United Kingdom,5,36.27,1,2,3,6,12,Occasional Buyers,1,-0.716479403326468,0.7009413739694144
12354,2,12,1558.04,12,405,2011-01-24 09:47:00,2011-12-07 09:47:00,United Kingdom,44,129.84,5,4,5,14,54,VIP Customers,4,1.8215711961718604,0.11292763545437615
12355,1,5,131.23,5,45,2010-12-04 11:44:00,2011-12-08 09:53:00,United Kingdom,12,26.25,5,3,3,11,53,Loyal Customers,1,0.543083274538568,-0.672081614103574
12356,40,17,1600.71,17,552,2011-01-17 08:16:00,2011-10-30 15:29:00,United Kingdom,50,94.16,3,5,5,13,35,High Potential,4,1.8425009455927972,0.5920017863392449
12357,38,11,535.74,11,193,2010-12-27 08:32:00,2011-11-01 15:59:00,Spain,39,48.7,3,4,4,11,34,High Potential,2,1.2413454850866545,0.206891333641564
12358,1,3,20.72,3,8,2011-01-18 12:46:00,2011-12-08 19:01:00,United Kingdom,4,6.91,5,2,2,9,52,New Customers,1,-0.28635924984348265,-1.1820354301250127
12359,194,1,23.43,1,11,2011-05-29 11:36:00,2011-05-29 11:36:00,United Kingdom,5,23.43,1,1,2,4,11,Lost Customers,0,-1.8019555964938954,0.4015431622673932
12360,19,6,236.72,6,94,2011-02-15 07:24:00,2011-11-20 18:36:00,United Kingdom,18,39.45,4,4,4,12,44,VIP Customers,2,0.727750465091884,-0.3295952258830181
12361,67,5,644.69,5,123,2011-03-09 08:28:00,2011-10-03 15:56:00,United Kingdom,20,128.94,2,3,5,10,23,At-Risk Customers,2,0.6588065160713368,0.2661774567323541
12362,348,1,19.39,1,19,2010-12-26 17:35:00,2010-12-26 17:35:00,Australia,5,19.39,1,1,2,4,11,Lost Customers,0,-2.7139487394674444,1.8091984304814046
12363,3,25,2351.11,25,636,2010-12-18 19:34:00,2011-12-06 11:48:00,United Kingdom,50,94.04,5,5,5,15,55,VIP Customers,4,2.418713549311702,0.4549963786877817
12365,35,4,49.22,4,19,2011-06-18 07:04:00,2011-11-04 15:06:00,United Kingdom,9,12.3,3,3,2,8,33,Occasional Buyers,1,-0.066561721272791,-0.6139678010172258
12366,13,1,4.6,1,2,2011-11-26 18:13:00,2011-11-26 18:13:00,Netherlands,1,4.6,4,1,1,6,41,New Customers,3,-1.2434238903215087,-1.5923696455630514
12367,366,1,21.7,1,7,2010-12-08 11:50:00,2010-12-08 11:50:00,United Kingdom,3,21.7,1,1,2,4,11,Lost Customers,0,-2.781423487455723,1.9995991927401733
12368,22,5,192.71,5,26,2011-01-25 17:02:00,2011-11-17 19:36:00,United Kingdom,5,38.54,4,3,4,11,43,Loyal Customers,2,0.5425194348578011,-0.3982656712526532
12369,15,3,27.14,3,13,2011-01-03 15:43:00,2011-11-24 10:48:00,Germany,6,9.05,4,2,2,8,42,New Customers,1,-0.28539127964988115,-0.9986028282469052
12370,107,1,2.18,1,2,2011-08-24 12:15:00,2011-08-24 12:15:00,United Kingdom,1,2.18,2,1,1,4,21,Lost Customers,3,-1.9388414711027244,-0.8248986490385992
12371,7,1,21.08,1,11,2011-12-02 16:21:00,2011-12-02 16:21:00,United Kingdom,2,21.08,5,1,2,8,51,New Customers,3,-0.7921938970920969,-1.3723299868032504
12372,214,1,28.2,1,9,2011-05-09 11:49:00,2011-05-09 11:49:00,United Kingdom,3,28.2,1,1,2,4,11,Lost Customers,0,-1.858923729261414,0.6250047225778187
12373,37,4,96.25,4,30,2011-01-30 18:19:00,2011-11-02 13:05:00,United Kingdom,10,24.06,3,3,3,9,33,High Potential,1,0.12359165275506898,-0.4621141986478179
12374,62,4,45.06,4,20,2011-02-07 09:07:00,2011-10-08 09:14:00,France,6,11.26,2,3,2,7,23,Occasional Buyers,1,-0.2431396563758564,-0.3782028826171488
12375,36,5,289.23,5,93,2010-12-16 18:10:00,2011-11-03 09:46:00,United Kingdom,26,57.85,3,3,4,10,33,High Potential,2,0.5877577209391238,-0.1855589816745712
12376,28,12,1371.39,12,350,2010-12-25 10:23:00,2011-11-11 11:56:00,United Kingdom,46,114.28,3,4,5,12,34,High Potential,2,1.6380557358925987,0.3310484529780989
12377,319,1,41.08,1,15,2011-01-24 08:33:00,2011-01-24 08:33:00,United Kingdom,3,41.08,1,1,2,4,11,Lost Customers,0,-2.3319072442202313,1.6831846575957812
12378,6,17,2031.55,17,600,2011-03-18 17:26:00,2011-12-03 17:11:00,United Kingdom,50,119.5,5,5,5,15,55,VIP Customers,4,2.104249488212536,0.321160326753169
12379,21,13,338.01,13,135,2011-02-13 14:22:00,2011-11-18 13:50:00,United Kingdom,29,26.0,4,5,4,13,45,VIP Customers,2,1.3021789736039755,0.010510421335114423
12380,145,2,14.95,2,8,2011-07-05 10:47:00,2011-07-17 08:11:00,United Kingdom,4,7.48,2,2,1,5,22,Lost Customers,3,-1.3798559296767532,0.0023645387195871488
12381,3,5,91.26,5,42,2011-02-25 15:29:00,2011-12-06 13:01:00,Italy,10,18.25,5,3,3,11,53,Loyal Customers,1,0.42232928346516435,-0.7258179039686288
12382,23,24,2398.13,24,640,2011-01-26 07:33:00,2011-11-16 18:43:00,United Kingdom,50,99.92,4,5,5,14,45,VIP Customers,4,2.286435519726286,0.632384875733398
12383,89,2,70.38,2,23,2011-05-29 19:48:00,2011-09-11 12:52:00,United Kingdom,5,35.19,2,2,3,7,22,Occasional Buyers,1,-0.6118248256481302,-0.22093906880556421
12384,19,9,211.7,9,106,2011-02-26 09:03:00,2011-11-20 08:14:00,United Kingdom,23,23.52,4,4,4,12,44,VIP Customers,2,0.939564026204997,-0.22341798578409366
12385,37,9,442.72,9,205,2011-06-01 09:50:00,2011-11-02 14:43:00,United Kingdom,37,49.19,3,4,4,11,34,High Potential,2,1.0633571088708131,0.09346010414842554
12386,123,1,5.72,1,4,2011-08-08 17:04:00,2011-08-08 17:04:00,United Kingdom,1,5.72,2,1,1,4,21,Lost Customers,3,-1.799991607924018,-0.5241773646379181
12387,7,45,4159.83,45,1397,2010-12-07 14:18:00,2011-12-02 19:37:00,United Kingdom,50,92.44,5,5,5,15,55,VIP Customers,4,2.9631865950737812,0.8130548677729835
12388,28,11,315.55,11,107,2010-12-24 11:30:00,2011-11-11 18:58:00,United Kingdom,31,28.69,3,4,4,11,34,High Potential,2,1.1361672341488678,0.006775315635858694
12389,112,2,14.46,2,8,2011-03-21 07:28:00,2011-08-19 13:02:00,United Kingdom,2,7.23,2,2,1,5,22,Lost Customers,3,-1.2057301173452228,-0.31336151796503847
12390,221,1,22.22,1,8,2011-05-02 13:21:00,2011-05-02 13:21:00,United Kingdom,2,22.22,1,1,2,4,11,Lost Customers,0,-1.967669311635058,0.6444921298792079
12391,2,21,1117.26,21,382,2010-12-27 07:10:00,2011-12-07 17:48:00,United Kingdom,47,53.2,5,5,5,15,55,VIP Customers,4,2.0827472441330666,0.23565053061684543
12392,2,26,2015.87,26,607,2011-01-30 12:31:00,2011-12-07 15:01:00,United Kingdom,49,77.53,5,5,5,15,55,VIP Customers,4,2.403441716949221,0.4282556111440413
12393,3,6,149.02,6,53,2011-06-02 12:10:00,2011-12-06 18:24:00,United Kingdom,15,24.84,5,4,3,12,54,Loyal Customers,2,0.6765811691104315,-0.5723370592170806
12394,54,1,14.2,1,4,2011-10-16 18:56:00,2011-10-16 18:56:00,Spain,1,14.2,3,1,1,5,31,Occasional Buyers,3,-1.1674463017532337,-1.0068079158356182
12395,4,29,3168.94,29,928,2011-01-23 07:44:00,2011-12-05 11:26:00,United Kingdom,49,109.27,5,5,5,15,55,VIP Customers,4,2.6026038625234653,0.5760564961597174
12396,16,14,1687.49,14,627,2011-01-11 11:47:00,2011-11-23 10:42:00,United Kingdom,49,120.54,4,5,5,14,45,VIP Customers,4,1.866532648570413,0.31185588784609053
12397,94,2,18.75,2,7,2011-03-07 08:18:00,2011-09-06 14:55:00,United Kingdom,3,9.38,2,2,2,6,22,Lost Customers,3,-1.0309799982695729,-0.4328256140110873
12398,300,2,17.36,2,8,2011-01-02 14:54:00,2011-02-12 07:20:00,United Kingdom,2,8.68,1,2,2,5,12,Lost Customers,0,-2.1994991981266683,1.484143482335673
12399,290,2,30.95,2,19,2011-02-11 10:47:00,2011-02-22 12:33:00,United Kingdom,8,15.48,1,2,2,5,12,Lost Customers,0,-1.975122224905828,1.5019483971390337
12400,3,11,969.83,11,298,2011-01-31 19:05:00,2011-12-06 10:02:00,United Kingdom,44,88.17,5,4,5,14,54,VIP Customers,2,1.6166041092442263,-0.0019473182435449075
12401,151,1,22.18,1,8,2011-07-11 12:44:00,2011-07-11 12:44:00,United Kingdom,3,22.18,1,1,2,4,11,Lost Customers,3,-1.5786777793016369,-0.012246840907039543
12402,15,6,417.15,6,119,2011-02-08 11:35:00,2011-11-24 08:11:00,Spain,29,69.52,4,4,4,12,44,VIP Customers,2,0.9220141052791462,-0.25336333152228696
12403,267,1,9.96,1,4,2011-03-17 16:15:00,2011-03-17 16:15:00,United Kingdom,1,9.96,1,1,1,3,11,Lost Customers,0,-2.452297739913593,0.9246318530867955
12404,196,2,150.92,2,37,2011-02-26 08:21:00,2011-05-27 18:10:00,United Kingdom,11,75.46,1,2,3,6,12,Occasional Buyers,0,-0.9771752075009552,0.9345273230503293
12405,220,1,19.07,1,14,2011-05-03 08:18:00,2011-05-03 08:18:00,Portugal,4,19.07,1,1,2,4,11,Lost Customers,0,-2.0065075476410397,0.6057534380157206
12406,2,10,381.09,10,141,2010-12-13 17:00:00,2011-12-07 09:39:00,Portugal,31,38.11,5,4,4,13,54,VIP Customers,2,1.2782222594185009,-0.23049496777635578
12407,5,18,921.0,18,339,2011-02-13 09:22:00,2011-12-04 15:37:00,Sweden,45,51.17,5,5,5,15,55,VIP Customers,4,1.9062927918076022,0.17206663840006275
12408,42,4,74.13,4,29,2011-01-26 15:43:00,2011-10-28 09:15:00,United Kingdom,7,18.53,3,3,3,9,33,High Potential,1,0.01716987387057934,-0.46720337610505075
12409,50,1,2.34,1,1,2011-10-20 16:02:00,2011-10-20 16:02:00,Germany,1,2.34,3,1,1,5,31,Occasional Buyers,3,-1.606712345133049,-1.3495024091771104
12410,267,1,17.72,1,11,2011-03-17 14:11:00,2011-03-17 14:11:00,United Kingdom,2,17.72,1,1,2,4,11,Lost Customers,0,-2.289248571382439,1.0324493728690007
12411,3,13,426.09,13,109,2011-02-19 09:49:00,2011-12-06 19:13:00,United Kingdom,22,32.78,5,5,4,14,55,VIP Customers,2,1.4726857193761813,-0.1117596380237736
12412,84,3,67.87,3,27,2011-05-12 17:06:00,2011-09-16 11:06:00,United Kingdom,6,22.62,2,2,3,7,22,Occasional Buyers,1,-0.3967435301227946,-0.1713293506284179
12413,37,4,109.87,4,38,2011-05-31 18:17:00,2011-11-02 07:58:00,United Kingdom,14,27.47,3,3,3,9,33,High Potential,1,0.16351281502199602,-0.4357160223110853
12414,12,2,30.95,2,13,2011-04-25 15:17:00,2011-11-27 17:53:00,United Kingdom,8,15.48,4,2,2,8,42,New Customers,1,-0.4281846517621973,-1.104864470663701
12415,4,76,7140.97,76,2053,2010-12-08 18:20:00,2011-12-05 08:28:00,France,50,93.96,5,5,5,15,55,VIP Customers,4,3.4992878028507874,1.0794426406027124
12416,71,5,318.69,5,112,2010-12-16 13:31:00,2011-09-29 09:12:00,United Kingdom,25,63.74,2,3,4,9,23,At-Risk Customers,2,0.42244474100777796,0.1621078461127277
12417,17,28,7642.13,28,1977,2010-12-28 08:01:00,2011-11-22 14:23:00,United Kingdom,50,272.93,4,5,5,14,45,VIP Customers,4,2.774964351150476,0.8629879500139644
12418,54,2,47.53,2,24,2011-09-28 12:06:00,2011-10-16 11:50:00,United Kingdom,7,23.76,3,2,2,7,32,Occasional Buyers,1,-0.5345808704595947,-0.6268422182064453
12419,5,14,979.47,14,350,2011-01-12 11:38:00,2011-12-04 10:12:00,United Kingdom,45,69.96,5,5,5,15,55,VIP Customers,2,1.762190372216901,0.09923605561346137
12420,8,21,910.41,21,298,2011-03-09 12:40:00,2011-12-01 15:17:00,United Kingdom,44,43.35,5,5,5,15,55,VIP Customers,4,1.9870642391280389,0.2507190590482065
12421,3,3,48.08,3,21,2010-12-29 19:58:00,2011-12-06 08:44:00,United Kingdom,7,16.03,5,2,2,9,52,New Customers,1,-0.04919638851766184,-0.9990964418419026
12422,11,55,12509.53,55,2968,2010-12-09 14:34:00,2011-11-28 07:38:00,United Kingdom,50,227.45,4,5,5,14,45,VIP Customers,4,3.411715658534379,1.143186028783258
12423,256,1,4.41,1,9,2011-03-28 18:17:00,2011-03-28 18:17:00,United Kingdom,1,4.41,1,1,1,3,11,Lost Customers,0,-2.606116171511573,0.6792955317431004
12424,13,1,1.71,1,1,2011-11-26 08:10:00,2011-11-26 08:10:00,United Kingdom,1,1.71,4,1,1,6,41,New Customers,3,-1.4644870902497258,-1.738549390888303
12425,141,2,76.02,2,28,2011-03-23 17:23:00,2011-07-21 10:30:00,United Kingdom,6,38.01,2,2,3,7,22,Occasional Buyers,1,-0.8780182091665317,0.2819821650558719
12426,21,4,38.93,4,23,2011-06-12 10:03:00,2011-11-18 13:23:00,United Kingdom,6,9.73,4,3,2,9,43,Occasional Buyers,1,-0.05849211445454467,-0.7914242354175343
12427,1,10,254.12,10,87,2011-02-23 11:07:00,2011-12-08 17:28:00,United Kingdom,22,25.41,5,4,4,13,54,VIP Customers,2,1.1607637527206212,-0.3212219197884153
12428,15,18,2234.53,18,700,2011-02-24 08:50:00,2011-11-24 09:47:00,Sweden,50,124.14,4,5,5,14,45,VIP Customers,4,2.120402673122927,0.44421453684368617
12429,24,24,1959.87,24,599,2011-01-11 12:17:00,2011-11-15 15:14:00,United Kingdom,48,81.66,4,5,5,14,45,VIP Customers,4,2.219433540670904,0.6011359093712553
12430,48,2,12.53,2,6,2011-04-09 16:13:00,2011-10-22 09:15:00,United Kingdom,3,6.26,3,2,1,6,32,Occasional Buyers,3,-0.8902141295606585,-0.9403471058762278
12431,175,2,56.07,2,14,2011-04-21 18:04:00,2011-06-17 08:49:00,United Kingdom,5,28.04,1,2,3,6,12,Occasional Buyers,0,-1.1585183406519093,0.5404239919318767
12432,40,16,589.86,16,220,2011-01-03 17:03:00,2011-10-30 07:42:00,United Kingdom,41,36.87,3,5,4,12,35,High Potential,2,1.4993960858679687,0.37055142085679504
12433,50,1,17.06,1,8,2011-10-20 15:50:00,2011-10-20 15:50:00,United Kingdom,4,17.06,3,1,1,5,31,Occasional Buyers,3,-1.0926788888217767,-1.0095938230504278
12434,22,1,38.69,1,20,2011-11-17 18:00:00,2011-11-17 18:00:00,United Kingdom,8,38.69,4,1,2,7,41,New Customers,3,-0.6970530016129016,-1.1135682031512038
12435,17,1,4.24,1,3,2011-11-22 13:41:00,2011-11-22 13:41:00,United Kingdom,2,4.24,4,1,1,6,41,New Customers,3,-1.2859192441659548,-1.5682435904629652
12436,26,5,163.55,5,59,2011-01-22 18:45:00,2011-11-13 16:32:00,United Kingdom,17,32.71,4,3,3,10,43,Loyal Customers,1,0.4705712542367423,-0.3936155249366249
12437,195,3,144.39,3,54,2010-12-29 13:31:00,2011-05-28 15:22:00,United Kingdom,14,48.13,1,2,3,6,12,Occasional Buyers,0,-0.7868303722422963,1.020006301624959
12438,295,1,13.4,1,4,2011-02-17 17:08:00,2011-02-17 17:08:00,United Kingdom,1,13.4,1,1,1,3,11,Lost Customers,0,-2.52496381494149,1.2421658989765234
12439,80,5,285.78,5,113,2011-02-03 12:45:00,2011-09-20 16:21:00,United Kingdom,20,57.16,2,3,4,9,23,At-Risk Customers,1,0.33927651516832336,0.22462169535301998
12440,92,1,54.41,1,20,2011-09-08 07:41:00,2011-09-08 07:41:00,United Kingdom,4,54.41,2,1,2,5,21,Lost Customers,3,-0.9849462036382608,-0.389977181991853
12441,47,4,78.4,4,38,2011-03-05 19:10:00,2011-10-23 13:50:00,United Kingdom,20,19.6,3,3,3,9,33,High Potential,1,0.006183467276672266,-0.4091851778390156
12442,204,2,31.01,2,6,2011-05-08 17:50:00,2011-05-19 08:21:00,United Kingdom,3,15.5,1,2,2,5,12,Lost Customers,0,-1.4960017633011569,0.6959021338606962
12443,80,5,73.95,5,38,2010-12-09 15:50:00,2011-09-20 07:06:00,United Kingdom,7,14.79,2,3,3,8,23,At-Risk Customers,1,-0.06942570663714943,-0.045635799864584124
12444,218,1,36.4,1,13,2011-05-05 19:35:00,2011-05-05 19:35:00,United Kingdom,3,36.4,1,1,2,4,11,Lost Customers,0,-1.8057998605422612,0.7123597258116701
12445,5,12,1433.85,12,427,2010-12-27 09:02:00,2011-12-04 09:34:00,United Kingdom,48,119.49,5,5,5,15,55,VIP Customers,2,1.7795951957955864,0.12434050817340277
12446,234,1,60.01,1,17,2011-04-19 09:14:00,2011-04-19 09:14:00,United Kingdom,4,60.01,1,1,3,5,11,Occasional Buyers,0,-1.7457851521921002,0.960950656271688
12447,109,2,13.45,2,6,2011-07-21 08:04:00,2011-08-22 13:01:00,United Kingdom,2,6.72,2,2,1,5,22,Lost Customers,3,-1.209613868241072,-0.3550995047863451
12448,194,2,22.6,2,13,2011-01-21 18:50:00,2011-05-29 11:32:00,United Kingdom,5,11.3,1,2,2,5,12,Lost Customers,0,-1.5331903085513259,0.5407448329340071
12449,3,1,9.83,1,8,2011-12-06 18:35:00,2011-12-06 18:35:00,United Kingdom,2,9.83,5,1,1,7,51,New Customers,3,-0.9868977077209775,-1.5533058181905361
12450,11,12,406.51,12,169,2010-12-04 09:33:00,2011-11-28 13:03:00,United Kingdom,35,33.88,4,5,4,13,45,VIP Customers,2,1.362829102361097,-0.072909631134166
12451,33,13,1583.56,13,470,2011-01-05 16:34:00,2011-11-06 16:46:00,United Kingdom,50,121.81,3,5,5,13,35,High Potential,4,1.7050632585186933,0.43360006732061324
12452,14,18,1924.12,18,689,2011-01-15 13:59:00,2011-11-25 09:38:00,United Kingdom,48,106.9,4,5,5,14,45,VIP Customers,4,2.0804368479266713,0.4047302179345432
12453,111,2,2.76,2,2,2010-12-03 12:08:00,2011-08-20 16:20:00,Germany,2,1.38,2,2,1,5,22,Lost Customers,3,-1.6307795580173012,-0.6074853465594735
12454,2,6,273.28,6,98,2011-03-30 12:12:00,2011-12-07 13:29:00,Japan,23,45.55,5,4,4,13,54,VIP Customers,2,0.8659180866205469,-0.4601931716129587
12455,274,1,18.71,1,9,2011-03-10 16:40:00,2011-03-10 16:40:00,Portugal,3,18.71,1,1,2,4,11,Lost Customers,0,-2.312504574645213,1.1084674234726122
12456,168,9,248.42,9,115,2010-12-31 11:02:00,2011-06-24 10:27:00,United Kingdom,21,27.6,1,4,4,9,14,At-Risk Customers,2,0.15895463148641725,1.2058327545873915
12457,9,8,231.18,8,85,2010-12-16 19:43:00,2011-11-30 14:24:00,United Kingdom,22,28.9,5,4,4,13,54,VIP Customers,2,0.9493243697363626,-0.3375201350378686
12458,189,2,38.2,2,22,2011-04-04 18:42:00,2011-06-03 10:27:00,United Kingdom,3,19.1,1,2,2,5,12,Lost Customers,0,-1.3508191492813402,0.5960561237324361
12459,136,2,7.3,2,6,2011-07-19 19:04:00,2011-07-26 11:44:00,United Kingdom,3,3.65,2,2,1,5,22,Lost Customers,3,-1.528722091000149,-0.213583837991493
12460,244,1,23.46,1,13,2011-04-09 14:29:00,2011-04-09 14:29:00,United Kingdom,4,23.46,1,1,2,4,11,Lost Customers,0,-2.079807995316022,0.8706415646374361
12461,67,1,0.77,1,1,2011-10-03 12:57:00,2011-10-03 12:57:00,United Kingdom,1,0.77,2,1,1,4,21,Lost Customers,3,-1.8947092552662603,-1.3179802357041013
12462,150,2,52.39,2,27,2011-01-15 12:14:00,2011-07-12 14:42:00,Spain,6,26.2,1,2,2,5,12,Lost Customers,3,-1.0397064756387715,0.292574032046943
12463,166,1,12.88,1,7,2011-06-26 16:21:00,2011-06-26 16:21:00,United Kingdom,1,12.88,1,1,1,3,11,Lost Customers,3,-1.8183421631469354,0.025122370480169305
12464,130,1,55.05,1,24,2011-08-01 12:57:00,2011-08-01 12:57:00,United Kingdom,6,55.05,2,1,2,5,21,Lost Customers,3,-1.1929003869278691,-0.031337352086008234
12465,38,4,259.83,4,80,2011-05-08 10:31:00,2011-11-01 19:00:00,United Kingdom,18,64.96,3,3,4,10,33,High Potential,1,0.41851209754568425,-0.2540391718601052
12466,24,10,249.83,10,106,2011-06-21 14:18:00,2011-11-15 13:25:00,United Kingdom,29,24.98,4,4,4,12,44,VIP Customers,2,1.0276146076893231,-0.10896581458641878
12467,7,3,44.04,3,19,2011-07-09 09:07:00,2011-12-02 09:21:00,United Kingdom,6,14.68,5,2,2,9,52,New Customers,1,-0.0976173372053685,-0.9788887320176003
12468,368,1,52.38,1,16,2010-12-06 11:39:00,2010-12-06 11:39:00,United Kingdom,5,52.38,1,1,2,4,11,Lost Customers,0,-2.53212252388523,2.190564594715993
12469,6,10,319.76,10,116,2011-04-26 18:29:00,2011-12-03 08:22:00,United Kingdom,28,31.98,5,4,4,13,54,VIP Customers,2,1.2026754846281928,-0.2282244195995048
12470,275,1,3.1,1,1,2011-03-09 15:42:00,2011-03-09 15:42:00,United Kingdom,1,3.1,1,1,1,3,11,Lost Customers,0,-2.7962881587633217,0.8016184074228592
12471,87,1,3.22,1,2,2011-09-13 15:46:00,2011-09-13 15:46:00,United Kingdom,1,3.22,2,1,1,4,21,Lost Customers,3,-1.7413713985391555,-0.9554522184045361
12472,88,1,1.56,1,1,2011-09-12 10:33:00,2011-09-12 10:33:00,France,1,1.56,2,1,1,4,21,Lost Customers,3,-1.8991690631541458,-1.0467405318676197
12473,7,10,200.79,10,93,2011-03-17 07:57:00,2011-12-02 15:52:00,United Kingdom,18,20.08,5,4,4,13,54,VIP Customers,2,1.0559527093791694,-0.312189377083176
12474,29,5,177.07,5,55,2011-03-09 15:32:00,2011-11-10 11:24:00,United Kingdom,16,35.41,3,3,3,9,33,High Potential,1,0.4779273071536551,-0.34958145163282695
12475,13,18,3495.21,18,1186,2011-01-23 11:38:00,2011-11-26 07:59:00,United Kingdom,50,194.18,4,5,5,14,45,VIP Customers,4,2.2677362933760716,0.5155268114298336
12476,200,2,16.75,2,5,2011-02-21 13:40:00,2011-05-23 13:38:00,United Kingdom,3,8.38,1,2,1,4,12,Lost Customers,0,-1.6533379479125387,0.5396359332777274
12477,3,2,9.77,2,5,2011-05-17 08:50:00,2011-12-06 09:29:00,United Kingdom,3,4.88,5,2,1,8,52,New Customers,3,-0.7092969319797391,-1.408261613096423
12478,96,4,132.04,4,48,2011-01-30 19:57:00,2011-09-04 14:02:00,United Kingdom,12,33.01,2,3,3,8,23,At-Risk Customers,1,-0.10927335385840663,0.15424194346240772
12479,275,1,3.74,1,4,2011-03-09 11:47:00,2011-03-09 11:47:00,United Kingdom,2,3.74,1,1,1,3,11,Lost Customers,0,-2.752110066455966,0.8308315115692831
12480,67,4,35.06,4,16,2011-01-26 14:39:00,2011-10-03 14:04:00,United Kingdom,6,8.76,2,3,2,7,23,Occasional Buyers,1,-0.3455093114019818,-0.3806125619316134
12481,312,1,11.53,1,3,2011-01-31 07:38:00,2011-01-31 07:38:00,United Kingdom,2,11.53,1,1,1,3,11,Lost Customers,0,-2.6619273040627482,1.3735600865445874
12482,210,2,14.14,2,6,2011-02-17 11:37:00,2011-05-13 12:36:00,United Kingdom,4,7.07,1,2,1,4,12,Lost Customers,0,-1.7574237819411926,0.6013744616965224
12483,255,3,94.09,3,31,2010-12-23 13:42:00,2011-03-29 07:53:00,United Kingdom,8,31.36,1,2,3,6,12,Occasional Buyers,0,-1.250021468568125,1.497114149990368
12484,65,2,22.04,2,8,2011-05-05 09:29:00,2011-10-05 13:45:00,Spain,3,11.02,2,2,2,6,22,Lost Customers,3,-0.8226809964986855,-0.6737279502432585
12485,201,1,12.56,1,4,2011-05-22 12:57:00,2011-05-22 12:57:00,United Kingdom,1,12.56,1,1,1,3,11,Lost Customers,0,-2.020204512671685,0.34862064583224994
12486,61,9,254.82,9,96,2010-12-03 11:39:00,2011-10-09 10:58:00,United Kingdom,25,28.31,2,4,4,10,24,At-Risk Customers,2,0.7620752299015658,0.20759375161529506
12487,86,3,68.52,3,25,2010-12-06 09:54:00,2011-09-14 11:53:00,United Kingdom,11,22.84,2,2,3,7,22,Occasional Buyers,1,-0.40501149362197847,-0.15068338750524118
12488,32,2,78.0,2,32,2010-12-31 08:40:00,2011-11-07 15:19:00,Germany,5,39.0,3,2,3,8,32,High Potential,1,-0.26375428687293145,-0.7350014468199012
12489,15,10,282.72,10,93,2011-03-19 07:36:00,2011-11-24 15:40:00,United Kingdom,25,28.27,4,4,4,12,44,VIP Customers,2,1.1152222661949251,-0.16854405474868844
12490,2,31,4238.74,31,1437,2011-03-13 12:28:00,2011-12-07 13:43:00,United Kingdom,50,136.73,5,5,5,15,55,VIP Customers,4,2.7467544148867806,0.6391324228706492
12491,6,16,1972.53,16,636,2010-12-16 13:06:00,2011-12-03 15:39:00,United Kingdom,48,123.28,5,5,5,15,55,VIP Customers,4,2.055902675304397,0.2946209922800568
12492,57,2,9.03,2,15,2011-10-11 12:15:00,2011-10-13 15:01:00,United Kingdom,2,4.51,3,2,1,6,32,Occasional Buyers,3,-1.0314617666226473,-0.9162387150926458
12493,3,26,2722.47,26,975,2010-12-09 11:36:00,2011-12-06 08:24:00,United Kingdom,50,104.71,5,5,5,15,55,VIP Customers,4,2.4893581784054217,0.49812514255437507
12494,25,22,2759.37,22,807,2011-01-06 12:56:00,2011-11-14 09:07:00,United Kingdom,50,125.43,4,5,5,14,45,VIP Customers,4,2.2605901850299026,0.6493293848275946
12495,83,6,51.89,6,26,2010-12-23 15:57:00,2011-09-17 19:39:00,United Kingdom,9,8.65,2,4,2,8,24,Occasional Buyers,1,-0.0861126779056881,-0.03214553655764509
12496,6,3,72.74,3,19,2011-07-24 13:08:00,2011-12-03 16:37:00,United Kingdom,6,24.25,5,2,3,10,52,New Customers,1,0.05809905257194094,-0.8889766775873309
12497,55,2,123.54,2,20,2011-05-12 15:07:00,2011-10-15 12:10:00,United Kingdom,2,61.77,3,2,3,8,32,High Potential,1,-0.25310391701391477,-0.42765680371839626
12498,89,3,52.69,3,22,2010-12-10 15:49:00,2011-09-11 11:53:00,Japan,7,17.56,2,2,2,6,22,Lost Customers,1,-0.5004025043545456,-0.17459160220811035
12499,37,8,212.5,8,82,2010-12-13 13:14:00,2011-11-02 17:25:00,United Kingdom,19,26.56,3,4,4,11,34,High Potential,2,0.7679714687380678,-0.0918560907844226
12500,66,3,76.01,3,23,2011-07-06 16:36:00,2011-10-04 16:10:00,United Kingdom,8,25.34,2,2,3,7,22,Occasional Buyers,1,-0.2625570578694071,-0.3176164708768993
12501,7,23,1712.84,23,583,2011-01-14 11:04:00,2011-12-02 18:01:00,United Kingdom,49,74.47,5,5,5,15,55,VIP Customers,4,2.2449003525419506,0.3998920016479319
12502,10,6,241.91,6,105,2010-12-21 16:44:00,2011-11-29 07:19:00,United Kingdom,25,40.32,4,4,4,12,44,VIP Customers,2,0.7844091510875234,-0.409638712730641
12503,14,5,287.41,5,128,2011-04-03 08:03:00,2011-11-25 11:33:00,United Kingdom,28,57.48,4,3,4,11,43,Loyal Customers,2,0.7082612958249106,-0.39312045876518215
12504,164,2,28.48,2,12,2011-03-05 12:04:00,2011-06-28 15:47:00,Spain,6,14.24,1,2,2,5,12,Lost Customers,3,-1.2984980737119622,0.30423861669121477
12505,28,4,46.33,4,16,2011-04-22 08:52:00,2011-11-11 12:32:00,United Kingdom,5,11.58,3,3,2,8,33,Occasional Buyers,1,-0.045661685283549164,-0.6915437531447066
12506,114,2,14.73,2,9,2011-02-24 09:53:00,2011-08-17 10:52:00,United Kingdom,2,7.36,2,2,1,5,22,Lost Customers,3,-1.2115859193395264,-0.29112049444926225
12507,69,3,80.05,3,25,2011-04-29 08:45:00,2011-10-01 09:57:00,Spain,9,26.68,2,2,3,7,22,Occasional Buyers,1,-0.26367761292923014,-0.27918761995142394
12508,24,1,4.91,1,4,2011-11-15 10:27:00,2011-11-15 10:27:00,United Kingdom,2,4.91,4,1,1,6,41,New Customers,3,-1.2882235911169093,-1.4783710955882192
12509,13,8,371.1,8,147,2011-03-16 07:29:00,2011-11-26 12:35:00,United Kingdom,29,46.39,4,4,4,12,44,VIP Customers,2,1.0707171598211305,-0.205021781205203
12510,21,6,673.44,6,237,2011-04-04 10:48:00,2011-11-18 11:11:00,United Kingdom,39,112.24,4,4,5,13,44,VIP Customers,2,1.0342249087870783,-0.10082341937355814
12511,29,5,241.35,5,79,2011-03-14 08:23:00,2011-11-10 17:37:00,United Kingdom,24,48.27,3,3,4,10,33,High Potential,2,0.5717980283579874,-0.28750871350362817
12512,66,1,30.43,1,11,2011-10-04 10:24:00,2011-10-04 10:24:00,Australia,2,30.43,2,1,2,5,21,Lost Customers,3,-1.0129595787564136,-0.7479730727859419
12513,18,3,67.53,3,27,2011-05-24 12:37:00,2011-11-21 09:11:00,United Kingdom,3,22.51,4,2,3,9,42,New Customers,1,-0.03099231161384164,-0.7912097226471483
12514,34,5,131.11,5,56,2010-12-11 14:35:00,2011-11-05 16:44:00,United Kingdom,19,26.22,3,3,3,9,33,High Potential,1,0.35917746753824026,-0.3628226542963629
12515,60,2,72.86,2,34,2011-03-30 14:18:00,2011-10-10 09:51:00,Australia,12,36.43,3,2,3,8,32,High Potential,1,-0.4400514114563951,-0.48599423143267334
12516,54,2,31.73,2,18,2010-12-21 18:22:00,2011-10-16 16:41:00,United Kingdom,4,15.86,3,2,2,7,32,Occasional Buyers,1,-0.6545484171932199,-0.7061716834205154
12517,94,5,150.83,5,53,2011-03-29 17:28:00,2011-09-06 08:19:00,Belgium,6,30.17,2,3,3,8,23,At-Risk Customers,1,0.0676799845287905,0.22781891961319015
12518,82,3,123.57,3,45,2011-04-09 10:05:00,2011-09-18 17:27:00,United Kingdom,12,41.19,2,2,3,7,22,Occasional Buyers,1,-0.20511127222916792,-0.07072426036492602
12519,3,31,1665.25,31,627,2011-02-06 19:31:00,2011-12-06 18:22:00,United Kingdom,49,53.72,5,5,5,15,55,VIP Customers,4,2.45674288262371,0.46041667007103715
12520,4,8,349.46,8,124,2011-04-19 19:26:00,2011-12-05 18:29:00,United Kingdom,23,43.68,5,4,4,13,54,VIP Customers,2,1.1025491708766477,-0.3014820982678881
12521,49,1,18.71,1,14,2011-10-21 19:18:00,2011-10-21 19:18:00,Belgium,4,18.71,3,1,2,6,31,Occasional Buyers,3,-1.0604867546548642,-1.0013631350008243
12522,94,1,2.14,1,2,2011-09-06 12:07:00,2011-09-06 12:07:00,United Kingdom,1,2.14,2,1,1,4,21,Lost Customers,3,-1.8703580460137614,-0.9493493714575216
12523,118,1,12.72,1,5,2011-08-13 10:51:00,2011-08-13 10:51:00,United Kingdom,2,12.72,2,1,1,4,21,Lost Customers,3,-1.5547763272972106,-0.42730991407109536
12524,27,4,10.76,4,5,2010-12-02 13:43:00,2011-11-12 10:03:00,United Kingdom,5,2.69,3,3,1,7,33,Occasional Buyers,1,-0.4641943135543362,-0.981358289294888
12525,109,3,81.74,3,29,2011-07-31 15:57:00,2011-08-22 14:25:00,United Kingdom,6,27.25,2,2,3,7,22,Occasional Buyers,1,-0.4799731507585117,0.10004964268623717
12526,171,3,101.16,3,52,2011-01-12 15:32:00,2011-06-21 17:11:00,United Kingdom,9,33.72,1,2,3,6,12,Occasional Buyers,1,-0.7607587371206571,0.7238877585734459
12527,24,9,169.51,9,81,2011-01-27 14:45:00,2011-11-15 09:25:00,United Kingdom,16,18.83,4,4,3,11,44,Loyal Customers,2,0.8444041487371146,-0.22106014410158603
12528,12,10,313.31,10,133,2011-04-16 17:33:00,2011-11-27 07:25:00,Spain,31,31.33,4,4,4,12,44,VIP Customers,2,1.1631014614282846,-0.17605339435549053
12529,32,12,603.04,12,154,2011-01-14 18:53:00,2011-11-07 13:38:00,United Kingdom,32,50.25,3,5,4,12,35,High Potential,2,1.3658456742019287,0.20327388643998667
12530,14,27,983.49,27,298,2010-12-16 14:58:00,2011-11-25 10:27:00,United Kingdom,44,36.43,4,5,5,14,45,VIP Customers,4,2.143286405563292,0.4094500829531892
12531,23,2,67.63,2,30,2011-02-06 14:04:00,2011-11-16 14:23:00,Spain,5,33.82,4,2,3,9,42,New Customers,1,-0.25653224398992247,-0.8477352950767784
12532,289,2,98.52,2,47,2011-01-22 19:00:00,2011-02-23 10:37:00,United Kingdom,9,49.26,1,2,3,6,12,Occasional Buyers,0,-1.6235081064554808,1.7213993350040793
12533,273,1,0.38,1,1,2011-03-11 10:27:00,2011-03-11 10:27:00,United Kingdom,1,0.38,1,1,1,3,11,Lost Customers,0,-3.1168076773903994,0.563559186828724
12534,10,5,163.67,5,46,2011-01-14 09:52:00,2011-11-29 16:46:00,United Kingdom,17,32.73,4,3,3,10,43,Loyal Customers,2,0.5598256636369126,-0.5435011004359178
12535,5,18,1288.51,18,396,2011-01-12 10:13:00,2011-12-04 12:43:00,United Kingdom,45,71.58,5,5,5,15,55,VIP Customers,4,2.008467987863187,0.23963077455123105
12536,42,3,42.34,3,10,2011-02-26 19:10:00,2011-10-28 12:23:00,United Kingdom,5,14.11,3,2,2,7,32,Occasional Buyers,1,-0.3040940353959153,-0.6584417302968937
12537,10,3,167.74,3,68,2011-09-20 12:10:00,2011-11-29 12:20:00,United Kingdom,19,55.91,4,2,3,9,42,New Customers,1,0.2879691079058032,-0.6847468957610352
12538,23,16,586.6,16,154,2010-12-21 13:41:00,2011-11-16 17:14:00,United Kingdom,24,36.66,4,5,4,13,45,VIP Customers,2,1.5923078997770956,0.21002772342118592
12539,88,2,9.0,2,7,2011-05-28 08:11:00,2011-09-12 13:45:00,United Kingdom,2,4.5,2,2,1,5,22,Lost Customers,3,-1.2048743451655897,-0.6261542447984555
12540,97,1,11.4,1,4,2011-09-03 16:38:00,2011-09-03 16:38:00,United Kingdom,1,11.4,2,1,1,4,21,Lost Customers,3,-1.468731183115053,-0.6446006852691081
12541,6,13,1405.75,13,493,2010-12-17 15:01:00,2011-12-03 16:33:00,United Kingdom,49,108.13,5,5,5,15,55,VIP Customers,4,1.8190539130590426,0.1564488271074588
12542,98,9,997.01,9,277,2011-02-12 11:32:00,2011-09-02 16:35:00,United Kingdom,42,110.78,2,4,5,11,24,At-Risk Customers,2,0.9707972575768997,0.8287073296829677
12543,46,2,98.19,2,42,2011-06-28 08:45:00,2011-10-24 14:19:00,United Kingdom,12,49.1,3,2,3,8,32,High Potential,1,-0.27234047141974393,-0.5578866034253638
12544,21,8,278.47,8,90,2011-03-19 14:56:00,2011-11-18 14:01:00,Germany,24,34.81,4,4,4,12,44,VIP Customers,2,0.9390120978508575,-0.18765989793607596
12545,9,17,2306.56,17,685,2011-05-02 15:43:00,2011-11-29 19:53:00,United Kingdom,50,135.68,5,5,5,15,55,VIP Customers,4,2.126205850056672,0.3748489669018533
12546,9,13,516.75,13,208,2010-12-13 16:22:00,2011-11-30 12:39:00,United Kingdom,32,39.75,5,5,4,14,55,VIP Customers,2,1.4979278313594606,-0.016728443664673423
12547,35,4,71.21,4,32,2011-03-01 17:22:00,2011-11-04 16:49:00,Netherlands,9,17.8,3,3,3,9,33,High Potential,1,0.0440479114327541,-0.5408263286027015
12548,9,6,178.22,6,64,2011-01-15 19:20:00,2011-11-30 16:47:00,United Kingdom,17,29.7,5,4,3,12,54,Loyal Customers,2,0.6973606276289581,-0.4802568288681108
12549,42,9,515.47,9,176,2011-04-04 13:57:00,2011-10-28 16:11:00,United Kingdom,36,57.27,3,4,4,11,34,High Potential,2,1.0817755372830986,0.1709224762703174
12550,135,1,12.64,1,7,2011-07-27 15:28:00,2011-07-27 15:28:00,United Kingdom,2,12.64,2,1,1,4,21,Lost Customers,3,-1.6511543520699639,-0.26907827529316025
12551,7,14,1735.95,14,562,2011-02-23 09:11:00,2011-12-02 15:12:00,United Kingdom,49,124.0,5,5,5,15,55,VIP Customers,4,1.9252315254147179,0.23316149292679225
12552,13,15,1615.12,15,518,2011-04-12 08:34:00,2011-11-26 07:21:00,United Kingdom,47,107.67,4,5,5,14,45,VIP Customers,4,1.9143395297998136,0.2981672103546711
12553,12,12,737.67,12,257,2010-12-27 14:54:00,2011-11-27 17:58:00,United Kingdom,41,61.47,4,5,5,14,45,VIP Customers,2,1.5384191641005802,0.056257259836986095
12554,24,8,133.43,8,60,2010-12-25 16:22:00,2011-11-15 14:35:00,Spain,15,16.68,4,4,3,11,44,Loyal Customers,2,0.6994177360405306,-0.3069236903309338
12555,65,3,18.74,3,8,2010-12-10 16:01:00,2011-10-05 13:47:00,United Kingdom,5,6.25,2,2,2,6,22,Lost Customers,1,-0.6716016399129594,-0.601156963307539
12556,42,2,48.21,2,19,2011-01-01 17:57:00,2011-10-28 11:01:00,United Kingdom,6,24.1,3,2,2,7,32,Occasional Buyers,1,-0.463568573371122,-0.7365640956523234
12557,12,13,1157.77,13,347,2011-01-24 16:25:00,2011-11-27 13:27:00,United Kingdom,48,89.06,4,5,5,14,45,VIP Customers,2,1.726603428802115,0.17365488480587726
12558,1,11,447.22,11,174,2011-03-20 17:15:00,2011-12-08 11:33:00,United Kingdom,22,40.66,5,4,4,13,54,VIP Customers,2,1.3923401194080007,-0.17635682830529364
12559,33,7,455.7,7,156,2011-02-13 17:07:00,2011-11-06 14:09:00,United Kingdom,39,65.1,3,4,4,11,34,High Potential,2,0.9406909565492582,-0.018680387561112972
12560,14,11,440.76,11,149,2010-12-03 07:44:00,2011-11-25 08:10:00,United Kingdom,32,40.07,4,4,4,12,44,VIP Customers,2,1.315579720353694,-0.05737931873550492
12561,24,9,326.41,9,78,2011-01-19 12:25:00,2011-11-15 14:19:00,United Kingdom,26,36.27,4,4,4,12,44,VIP Customers,2,1.043112223158958,-0.08966289787295899
12562,7,5,417.42,5,91,2011-01-12 11:34:00,2011-12-02 08:52:00,United Kingdom,18,83.48,5,3,4,12,53,Loyal Customers,2,0.8605446824531536,-0.383818157331583
12563,330,1,3.48,1,3,2011-01-13 11:41:00,2011-01-13 11:41:00,United Kingdom,1,3.48,1,1,1,3,11,Lost Customers,0,-3.075340970036327,1.335206072134943
12564,5,4,106.56,4,38,2011-02-21 11:35:00,2011-12-04 14:11:00,United Kingdom,9,26.64,5,3,3,11,53,Loyal Customers,1,0.33234616908912973,-0.7418851489612626
12565,6,42,5929.75,42,1481,2010-12-24 08:26:00,2011-12-03 12:45:00,United Kingdom,50,141.18,5,5,5,15,55,VIP Customers,4,3.0302471617540143,0.8507498737132853
12566,174,1,5.68,1,4,2011-06-18 07:43:00,2011-06-18 07:43:00,United Kingdom,1,5.68,1,1,1,3,11,Lost Customers,3,-2.0856006543169685,-0.047151496410928306
12567,12,14,871.12,14,222,2010-12-06 19:25:00,2011-11-27 15:53:00,United Kingdom,40,62.22,4,5,5,14,45,VIP Customers,2,1.687571898161281,0.14129027640635877
12568,334,2,10.4,2,4,2010-12-22 08:46:00,2011-01-09 11:55:00,United Kingdom,3,5.2,1,2,1,4,12,Lost Customers,0,-2.5338397352382493,1.7069829258878038
12569,47,1,1.3,1,1,2011-10-23 17:46:00,2011-10-23 17:46:00,United Kingdom,1,1.3,3,1,1,5,31,Occasional Buyers,3,-1.7036425943154379,-1.4527681103685592
12570,319,1,11.15,1,5,2011-01-24 15:05:00,2011-01-24 15:05:00,United Kingdom,1,11.15,1,1,1,3,11,Lost Customers,0,-2.7102587246873067,1.4329968240890365
12571,12,4,93.19,4,37,2011-03-25 12:10:00,2011-11-27 18:47:00,United Kingdom,12,23.3,4,3,3,10,43,Loyal Customers,1,0.25296731121110144,-0.7029787686729634
12572,6,4,104.8,4,62,2011-02-16 08:10:00,2011-12-03 10:27:00,United Kingdom,14,26.2,5,3,3,11,53,Loyal Customers,1,0.32175673585911674,-0.7358308844619166
12573,255,1,53.51,1,18,2011-03-29 14:33:00,2011-03-29 14:33:00,Spain,4,53.51,1,1,2,4,11,Lost Customers,0,-1.896951187701728,1.1351797360045723
12574,73,1,1.74,1,2,2011-09-27 16:53:00,2011-09-27 16:53:00,United Kingdom,1,1.74,2,1,1,4,21,Lost Customers,3,-1.7950053983434375,-1.1737106384119451
12575,60,2,68.12,2,39,2011-03-17 16:48:00,2011-10-10 13:19:00,United Kingdom,7,34.06,3,2,3,8,32,High Potential,1,-0.4602527878336165,-0.49935254731247897
12576,6,26,2347.88,26,666,2011-02-04 08:37:00,2011-12-03 10:39:00,United Kingdom,50,90.3,5,5,5,15,55,VIP Customers,4,2.4275977699739633,0.4964554229113226
12577,10,3,89.38,3,39,2011-02-14 14:56:00,2011-11-29 08:54:00,United Kingdom,11,29.79,4,2,3,9,42,New Customers,1,0.09781436474769531,-0.8104881857462832
12578,27,8,132.85,8,59,2011-05-01 08:33:00,2011-11-12 15:43:00,Germany,17,16.61,3,4,3,10,34,High Potential,2,0.6814072459716315,-0.27966343914973296
12579,85,1,1.68,1,4,2011-09-15 16:19:00,2011-09-15 16:19:00,United Kingdom,1,1.68,2,1,1,4,21,Lost Customers,3,-1.8685232298898353,-1.0656455649437624
12580,48,5,185.02,5,78,2011-02-18 16:25:00,2011-10-22 08:35:00,United Kingdom,17,37.0,3,3,4,10,33,High Potential,1,0.3855042524626594,-0.16262134066385708
12581,15,4,119.64,4,44,2011-06-22 13:20:00,2011-11-24 17:08:00,United Kingdom,15,29.91,4,3,3,10,43,Loyal Customers,1,0.31165414730103536,-0.6250018192413682
12582,88,3,84.26,3,32,2011-04-19 10:57:00,2011-09-12 15:23:00,United Kingdom,9,28.09,2,2,3,7,22,Occasional Buyers,1,-0.3539803348324024,-0.09082542257897555
12583,6,41,5727.25,41,1313,2011-01-02 10:09:00,2011-12-03 10:31:00,United Kingdom,50,139.69,5,5,5,15,55,VIP Customers,4,3.0034578773328033,0.8352707814229882
12584,329,1,3.84,1,3,2011-01-14 07:57:00,2011-01-14 07:57:00,Germany,1,3.84,1,1,1,3,11,Lost Customers,0,-3.0462356335111695,1.341395591445069
12585,6,14,1254.64,14,373,2010-12-29 11:56:00,2011-12-03 08:58:00,United Kingdom,49,89.62,5,5,5,15,55,VIP Customers,4,1.831967193671842,0.15843312563813092
12586,17,3,53.23,3,27,2011-06-02 09:59:00,2011-11-22 17:34:00,United Kingdom,9,17.74,4,2,2,8,42,New Customers,1,-0.09670880742625512,-0.8477218710360364
12587,22,4,41.08,4,14,2011-01-28 09:31:00,2011-11-17 08:14:00,United Kingdom,5,10.27,4,3,2,9,43,Occasional Buyers,1,-0.04808351238883208,-0.7714848581863699
12588,27,4,138.65,4,43,2010-12-09 16:58:00,2011-11-12 19:33:00,United Kingdom,15,34.66,3,3,3,9,33,High Potential,1,0.28944726665879594,-0.4830069838860785
12589,332,1,16.06,1,10,2011-01-11 14:08:00,2011-01-11 14:08:00,United Kingdom,3,16.06,1,1,1,3,11,Lost Customers,0,-2.6792238438463225,1.6232547935792214
12590,203,4,11.29,4,7,2010-12-02 08:47:00,2011-05-20 08:35:00,Italy,4,2.82,1,3,1,5,13,Occasional Buyers,0,-1.4301243759998772,0.6778761701236259
12591,39,2,79.36,2,26,2011-10-17 16:54:00,2011-10-31 07:54:00,United Kingdom,7,39.68,3,2,3,8,32,High Potential,1,-0.2975073228843753,-0.6659246400523039
12592,17,1,1.75,1,1,2011-11-22 11:02:00,2011-11-22 11:02:00,United Kingdom,1,1.75,4,1,1,6,41,New Customers,3,-1.482282524272579,-1.6980903233725497
12593,73,2,15.95,2,6,2010-12-25 15:38:00,2011-09-27 12:32:00,United Kingdom,3,7.98,2,2,1,5,22,Lost Customers,3,-0.9606895598006576,-0.660534305829013
12594,19,6,123.56,6,58,2010-12-05 17:43:00,2011-11-20 08:55:00,United Kingdom,21,20.59,4,4,3,11,44,Loyal Customers,2,0.5309043190309779,-0.45976125762771447
12595,18,23,2422.71,23,675,2011-01-07 12:46:00,2011-11-21 19:37:00,United Kingdom,50,105.34,4,5,5,14,45,VIP Customers,4,2.2892436652729033,0.5728370565997976
12596,21,11,562.5,11,197,2010-12-07 11:59:00,2011-11-18 18:54:00,United Kingdom,33,51.14,4,4,4,12,44,VIP Customers,2,1.350760847091691,0.05728073462489798
12597,65,5,265.74,5,83,2010-12-03 09:39:00,2011-10-05 12:45:00,United Kingdom,17,53.15,2,3,4,9,23,At-Risk Customers,2,0.4006809414345941,0.06937671265220548
12598,36,2,35.16,2,18,2011-03-24 10:10:00,2011-11-03 19:34:00,United Kingdom,8,17.58,3,2,2,7,32,Occasional Buyers,1,-0.5240329916747708,-0.8548863116258374
12599,134,1,2.96,1,2,2011-07-28 18:46:00,2011-07-28 18:46:00,United Kingdom,1,2.96,2,1,1,4,21,Lost Customers,3,-2.022272024104238,-0.5275393060679006
12600,234,3,28.15,3,16,2011-02-03 09:55:00,2011-04-19 19:26:00,United Kingdom,6,9.38,1,2,2,5,12,Lost Customers,0,-1.4932819081819726,1.062067522597772
12601,66,4,173.08,4,64,2011-01-30 08:43:00,2011-10-04 12:57:00,United Kingdom,17,43.27,2,3,3,8,23,At-Risk Customers,1,0.13955091260512817,-0.07291935791250707
12602,38,12,370.39,12,171,2011-03-08 15:01:00,2011-11-01 16:11:00,United Kingdom,34,30.87,3,5,4,12,35,High Potential,2,1.184318879807705,0.16157754729166052
12603,1,19,1416.6,19,455,2010-12-02 08:02:00,2011-12-08 14:23:00,United Kingdom,45,74.56,5,5,5,15,55,VIP Customers,4,2.094901775778334,0.23968619851059098
12604,99,4,68.87,4,25,2011-02-17 09:23:00,2011-09-01 08:20:00,United Kingdom,9,17.22,2,3,3,8,23,At-Risk Customers,1,-0.3221148352379944,0.05266869951411281
12605,183,1,8.03,1,4,2011-06-09 12:06:00,2011-06-09 12:06:00,United Kingdom,3,8.03,1,1,1,3,11,Lost Customers,0,-2.043873156249055,0.09795061319527057
12606,13,4,87.18,4,37,2011-05-26 10:43:00,2011-11-26 11:52:00,United Kingdom,14,21.8,4,3,3,10,43,Loyal Customers,1,0.22732124349102814,-0.7068808198151493
12607,14,7,337.25,7,172,2011-03-08 14:20:00,2011-11-25 13:16:00,United Kingdom,27,48.18,4,4,4,12,44,VIP Customers,2,0.954972025975272,-0.25731248875257906
12608,55,5,163.77,5,48,2011-03-29 12:09:00,2011-10-15 09:34:00,United Kingdom,16,32.75,3,3,3,9,33,High Potential,1,0.3096070019841708,-0.12141272063980593
12609,90,5,318.56,5,113,2010-12-08 17:26:00,2011-09-10 19:16:00,United Kingdom,19,63.71,2,3,4,9,23,At-Risk Customers,1,0.3165949145707219,0.34018940074569615
12610,39,2,26.01,2,11,2010-12-23 18:48:00,2011-10-31 13:54:00,France,3,13.0,3,2,2,7,32,Occasional Buyers,1,-0.6295840846267156,-0.8855129590293754
12611,13,17,1101.02,17,327,2010-12-16 08:04:00,2011-11-26 08:35:00,United Kingdom,45,64.77,4,5,5,14,45,VIP Customers,4,1.8788557291036907,0.26351322784392006
12612,135,1,41.64,1,11,2011-07-27 18:15:00,2011-07-27 18:15:00,United Kingdom,4,41.64,2,1,2,5,21,Lost Customers,3,-1.3040083988656792,-0.039525337280085525
12613,248,1,6.7,1,2,2011-04-05 10:47:00,2011-04-05 10:47:00,United Kingdom,1,6.7,1,1,1,3,11,Lost Customers,0,-2.454095132783998,0.675367744738664
12614,5,21,2143.46,21,648,2011-01-04 07:45:00,2011-12-04 10:25:00,United Kingdom,50,102.07,5,5,5,15,55,VIP Customers,4,2.2643641618284414,0.3949159442873128
12615,356,1,19.99,1,8,2010-12-18 13:08:00,2010-12-18 13:08:00,Belgium,3,19.99,1,1,2,4,11,Lost Customers,0,-2.749631893884765,1.8900555404381636
12616,32,3,186.05,3,43,2011-07-08 09:11:00,2011-11-07 19:17:00,United Kingdom,11,62.02,3,2,4,9,32,High Potential,1,0.19692555935042438,-0.45770474912591125
12617,5,7,90.11,7,61,2011-01-05 16:37:00,2011-12-04 14:15:00,United Kingdom,12,12.87,5,4,3,12,54,Loyal Customers,2,0.6055413917742033,-0.6058856694838292
12618,9,19,1873.69,19,597,2010-12-03 09:50:00,2011-11-30 09:27:00,United Kingdom,48,98.62,5,5,5,15,55,VIP Customers,4,2.135506521493008,0.3709892706008677
12619,294,1,2.32,1,2,2011-02-18 08:58:00,2011-02-18 08:58:00,United Kingdom,1,2.32,1,1,1,3,11,Lost Customers,0,-2.966285375925096,0.9372820053698508
12620,5,5,248.25,5,85,2011-01-20 13:33:00,2011-12-04 07:58:00,United Kingdom,20,49.65,5,3,4,12,53,Loyal Customers,2,0.7138969572711658,-0.5069033139779376
12621,41,8,288.95,8,99,2011-01-05 18:19:00,2011-10-29 11:55:00,United Kingdom,16,36.12,3,4,4,11,34,High Potential,2,0.8389339671957972,0.007294843897916872
12622,20,22,1955.44,22,558,2010-12-16 12:22:00,2011-11-19 12:40:00,United Kingdom,46,88.88,4,5,5,14,45,VIP Customers,4,2.1835677741460007,0.5331146774661506
12623,121,1,6.43,1,1,2011-08-10 13:24:00,2011-08-10 13:24:00,United Kingdom,1,6.43,2,1,1,4,21,Lost Customers,3,-1.7582721351853716,-0.52270325936908
12624,60,3,64.14,3,29,2011-08-04 11:37:00,2011-10-10 16:44:00,Germany,12,21.38,3,2,3,8,32,High Potential,1,-0.2801540528502778,-0.4075922726751537
12625,121,1,13.47,1,8,2011-08-10 16:38:00,2011-08-10 16:38:00,United Kingdom,2,13.47,2,1,1,4,21,Lost Customers,3,-1.5552597336420144,-0.3884597436454676
12626,219,1,4.71,1,1,2011-05-04 12:27:00,2011-05-04 12:27:00,United Kingdom,1,4.71,1,1,1,3,11,Lost Customers,0,-2.3837911136471774,0.34321516231372684
12627,157,4,42.83,4,11,2011-03-04 16:38:00,2011-07-05 17:13:00,United Kingdom,4,10.71,1,3,2,6,13,Occasional Buyers,1,-0.7868841654088342,0.5026197108494082
12628,2,27,4680.15,27,1501,2010-12-11 07:54:00,2011-12-07 13:25:00,France,50,173.34,5,5,5,15,55,VIP Customers,4,2.684940491913397,0.6109437172524858
12629,66,2,37.39,2,18,2011-08-05 12:23:00,2011-10-04 19:51:00,United Kingdom,4,18.7,2,2,2,6,22,Lost Customers,1,-0.6727421064316408,-0.5615230943081907
12630,89,6,126.86,6,38,2010-12-23 13:15:00,2011-09-11 16:22:00,Germany,12,21.14,2,4,3,9,24,At-Risk Customers,1,0.14935170804789547,0.2018967572547014
12631,266,1,1.17,1,1,2011-03-18 09:04:00,2011-03-18 09:04:00,United Kingdom,1,1.17,1,1,1,3,11,Lost Customers,0,-2.939993816561066,0.5890824534550261
12632,5,28,6268.81,28,2059,2010-12-13 18:43:00,2011-12-04 19:37:00,United Kingdom,50,223.89,5,5,5,15,55,VIP Customers,4,2.78141492463741,0.7105741350728509
12633,37,1,41.18,1,19,2011-11-02 07:02:00,2011-11-02 07:02:00,United Kingdom,3,41.18,3,1,2,6,31,Occasional Buyers,3,-0.7619886444390219,-0.9606582646258769
12634,4,3,50.99,3,17,2011-02-04 11:18:00,2011-12-05 13:00:00,United Kingdom,6,17.0,5,2,2,9,52,New Customers,1,-0.037217684124973636,-0.978118822341711
12635,59,1,1.81,1,1,2011-10-11 14:12:00,2011-10-11 14:12:00,United Kingdom,1,1.81,3,1,1,5,31,Occasional Buyers,3,-1.709418784441811,-1.2999083542308532
12636,4,11,183.5,11,75,2011-01-27 15:41:00,2011-12-05 13:56:00,United Kingdom,27,16.68,5,4,3,12,54,Loyal Customers,2,1.105298635394831,-0.32699539606882366
12637,165,1,6.16,1,4,2011-06-27 12:00:00,2011-06-27 12:00:00,Germany,1,6.16,1,1,1,3,11,Lost Customers,3,-2.0143851433987137,-0.11756917054696843
12638,8,30,2400.87,30,892,2010-12-18 18:41:00,2011-12-01 14:09:00,United Kingdom,50,80.03,5,5,5,15,55,VIP Customers,4,2.5184242354926605,0.5695032880688625
12639,43,13,380.87,13,175,2011-01-17 19:34:00,2011-10-26 19:57:00,Germany,32,29.3,3,5,4,12,35,High Potential,2,1.2160188391231057,0.24078176317758776
12640,12,8,525.24,8,168,2011-04-18 16:13:00,2011-11-27 16:12:00,United Kingdom,33,65.66,4,4,4,12,44,VIP Customers,2,1.1818444385795304,-0.1445946202132812
12641,14,13,1793.17,13,571,2010-12-02 17:17:00,2011-11-25 14:23:00,United Kingdom,49,137.94,4,5,5,14,45,VIP Customers,4,1.8486278319793166,0.28045767993348936
12642,117,2,9.98,2,3,2011-03-18 15:13:00,2011-08-14 16:13:00,United Kingdom,2,4.99,2,2,1,5,22,Lost Customers,3,-1.3377710710532373,-0.3353915722953195
12643,1,24,2184.45,24,630,2010-12-03 12:37:00,2011-12-08 15:44:00,Portugal,50,91.02,5,5,5,15,55,VIP Customers,4,2.380443299965254,0.4073028501529441
12644,24,1,3.03,1,3,2011-11-15 09:28:00,2011-11-15 09:28:00,France,2,3.03,4,1,1,6,41,New Customers,3,-1.4048376210016766,-1.55548302193074
12645,60,7,353.64,7,156,2011-04-14 07:26:00,2011-10-10 19:31:00,Denmark,29,50.52,3,4,4,11,34,High Potential,2,0.7134156119108136,0.1835604779122982
12646,4,60,13367.7,60,3426,2011-01-04 14:04:00,2011-12-05 17:29:00,United Kingdom,50,222.8,5,5,5,15,55,VIP Customers,4,3.52978369801339,1.1217380843494327
12647,21,2,29.7,2,9,2011-03-14 07:33:00,2011-11-18 10:44:00,United Kingdom,2,14.85,4,2,2,8,42,New Customers,1,-0.49042065421801256,-1.0285090273258597
12648,42,2,5.87,2,3,2011-01-01 07:12:00,2011-10-28 07:37:00,United Kingdom,3,2.93,3,2,1,6,32,Occasional Buyers,3,-1.063248653139107,-1.1331071718657115
12649,39,19,2074.06,19,619,2010-12-21 15:20:00,2011-10-31 08:21:00,United Kingdom,50,109.16,3,5,5,13,35,High Potential,4,1.9994990229311964,0.6727515295555472
12650,102,2,2.28,2,2,2011-07-03 08:22:00,2011-08-29 13:48:00,United Kingdom,2,1.14,2,2,1,5,22,Lost Customers,3,-1.6222958107732781,-0.7193848830800296
12651,222,1,23.08,1,8,2011-05-01 18:18:00,2011-05-01 18:18:00,United Kingdom,4,23.08,1,1,2,4,11,Lost Customers,0,-1.9621573006581587,0.6611935985007207
12652,209,1,2.56,1,1,2011-05-14 18:32:00,2011-05-14 18:32:00,United Kingdom,1,2.56,1,1,1,3,11,Lost Customers,0,-2.4720430917989424,0.15429177268746194
12653,99,1,4.98,1,3,2011-09-01 07:37:00,2011-09-01 07:37:00,United Kingdom,1,4.98,2,1,1,4,21,Lost Customers,3,-1.701976619586638,-0.7727228107002599
12654,12,9,443.8,9,194,2010-12-23 16:29:00,2011-11-27 09:14:00,United Kingdom,34,49.31,4,4,4,12,44,VIP Customers,2,1.2032106154730764,-0.14047590800697946
12655,152,1,12.56,1,6,2011-07-10 10:41:00,2011-07-10 10:41:00,United Kingdom,2,12.56,1,1,1,3,11,Lost Customers,3,-1.7475428540960092,-0.11085356467974289
12656,23,2,24.61,2,6,2011-04-19 10:56:00,2011-11-16 16:32:00,United Kingdom,2,12.31,4,2,2,8,42,New Customers,1,-0.556762281846514,-1.0462647223496944
12657,3,38,3352.14,38,899,2010-12-18 10:37:00,2011-12-06 19:28:00,United Kingdom,50,88.21,5,5,5,15,55,VIP Customers,4,2.8060025709084546,0.6725727820380463
12658,6,6,56.17,6,34,2011-05-12 16:09:00,2011-12-03 16:24:00,United Kingdom,10,9.36,5,4,3,12,54,Loyal Customers,1,0.3660558455556206,-0.7385044969353152
12659,1,43,5597.33,43,1665,2011-01-23 15:19:00,2011-12-08 13:59:00,United Kingdom,50,130.17,5,5,5,15,55,VIP Customers,4,3.0563370645025136,0.8005348461918953
12660,143,2,24.59,2,14,2011-02-01 14:19:00,2011-07-19 07:04:00,United Kingdom,3,12.3,2,2,2,6,22,Lost Customers,3,-1.224743065385138,0.07882089840328019
12661,23,8,400.95,8,106,2011-02-28 14:50:00,2011-11-16 12:56:00,United Kingdom,25,50.12,4,4,4,12,44,VIP Customers,2,1.0385741754567965,-0.09571048877449655
12662,39,3,94.14,3,40,2011-06-10 19:17:00,2011-10-31 19:51:00,United Kingdom,7,31.38,3,2,3,8,32,High Potential,1,-0.04792425459040403,-0.5282173142968306
12663,86,1,4.0,1,2,2011-09-14 14:51:00,2011-09-14 14:51:00,Belgium,1,4.0,2,1,1,4,21,Lost Customers,3,-1.684150762546762,-0.9306712405558641
12664,14,5,108.17,5,42,2011-05-03 14:37:00,2011-11-25 10:58:00,United Kingdom,15,21.63,4,3,3,10,43,Loyal Customers,1,0.41237751184412286,-0.5887758921535886
12665,16,5,81.13,5,47,2011-05-30 08:55:00,2011-11-23 19:45:00,United Kingdom,13,16.23,4,3,3,10,43,Loyal Customers,1,0.31456662364317606,-0.6273408783554563
12666,79,3,127.96,3,48,2011-01-07 13:16:00,2011-09-21 07:46:00,United Kingdom,17,42.65,2,2,3,7,22,Occasional Buyers,1,-0.17786904093048123,-0.09187995148223041
12667,70,7,241.16,7,104,2010-12-03 16:04:00,2011-09-30 08:47:00,United Kingdom,18,34.45,2,4,4,10,24,At-Risk Customers,2,0.5415751094907406,0.2004957094762992
12668,76,2,53.87,2,38,2011-09-22 08:19:00,2011-09-24 12:45:00,United Kingdom,8,26.94,2,2,2,6,22,Lost Customers,1,-0.6196037495529741,-0.3958188574708815
12669,1,20,848.98,20,226,2010-12-10 09:16:00,2011-12-08 08:14:00,United Kingdom,39,42.45,5,5,5,15,55,VIP Customers,4,1.9727189622613601,0.15425653316679433
12670,45,3,37.31,3,17,2011-03-20 08:41:00,2011-10-25 08:50:00,United Kingdom,5,12.44,3,2,2,7,32,Occasional Buyers,1,-0.3583610356486184,-0.6551563760083994
12671,6,11,121.96,11,51,2010-12-02 13:34:00,2011-12-03 17:20:00,United Kingdom,17,11.09,5,4,3,12,54,Loyal Customers,2,0.9705775567528485,-0.38996753027329484
12672,248,1,12.84,1,3,2011-04-05 18:42:00,2011-04-05 18:42:00,United Kingdom,1,12.84,1,1,1,3,11,Lost Customers,0,-2.2755120957692996,0.7934571548200129
12673,30,7,470.3,7,158,2011-03-07 16:54:00,2011-11-09 08:07:00,United Kingdom,27,67.19,3,4,4,11,34,High Potential,2,0.9669688065646157,-0.04047378323729131
12674,184,1,3.86,1,1,2011-06-08 11:55:00,2011-06-08 11:55:00,United Kingdom,1,3.86,1,1,1,3,11,Lost Customers,0,-2.2381237398544975,-0.017442473998205726
12675,43,5,119.2,5,38,2010-12-09 15:37:00,2011-10-27 17:10:00,United Kingdom,13,23.84,3,3,3,9,33,High Potential,1,0.28032151763362045,-0.2974572793469927
12676,343,1,10.46,1,3,2010-12-31 15:34:00,2010-12-31 15:34:00,United Kingdom,2,10.46,1,1,1,3,11,Lost Customers,0,-2.8616144877116354,1.646270271638185
12677,35,1,10.18,1,5,2011-11-04 18:24:00,2011-11-04 18:24:00,United Kingdom,2,10.18,3,1,1,5,31,Occasional Buyers,3,-1.1552751509846,-1.2468352170065158
12678,14,10,235.53,10,73,2011-01-08 15:35:00,2011-11-25 15:59:00,United Kingdom,19,23.55,4,4,4,12,44,VIP Customers,2,1.0653814061736355,-0.21455831657130722
12679,9,15,1316.82,15,409,2011-03-23 09:46:00,2011-11-30 12:43:00,Norway,45,87.79,5,5,5,15,55,VIP Customers,4,1.8744500798706678,0.21956356858161027
12680,54,1,36.76,1,15,2011-10-16 10:01:00,2011-10-16 10:01:00,United Kingdom,5,36.76,3,1,2,6,31,Occasional Buyers,3,-0.8903003020008659,-0.82354298673449
12681,11,3,15.82,3,10,2011-10-12 08:05:00,2011-11-28 09:17:00,United Kingdom,5,5.27,4,2,1,7,42,New Customers,1,-0.4198726166556279,-1.139756084642311
12682,36,7,220.3,7,99,2011-04-29 19:29:00,2011-11-03 07:59:00,United Kingdom,26,31.47,3,4,4,11,34,High Potential,2,0.7033333230264246,-0.1364651261309391
12683,53,1,11.66,1,6,2011-10-17 09:26:00,2011-10-17 09:26:00,United Kingdom,2,11.66,3,1,1,5,31,Occasional Buyers,3,-1.217572004186442,-1.0530105318992216
12684,1,23,2765.52,23,970,2011-03-18 09:35:00,2011-12-08 19:22:00,United Kingdom,50,120.24,5,5,5,15,55,VIP Customers,4,2.4241325227105803,0.44007100283578576
12685,3,17,1102.91,17,365,2011-02-25 12:30:00,2011-12-06 08:08:00,United Kingdom,46,64.88,5,5,5,15,55,VIP Customers,4,1.935022867497331,0.17008809248865173
12686,61,6,301.19,6,113,2011-06-15 11:40:00,2011-10-09 11:10:00,Portugal,25,50.2,2,4,4,10,24,At-Risk Customers,2,0.5671261069384174,0.1125682512659797
12687,13,8,480.31,8,124,2011-04-09 14:04:00,2011-11-26 15:16:00,United Kingdom,28,60.04,4,4,4,12,44,VIP Customers,2,1.1490982115165143,-0.1531917064624279
12688,2,8,329.93,8,145,2011-02-11 19:20:00,2011-12-07 08:24:00,United Kingdom,35,41.24,5,4,4,13,54,VIP Customers,2,1.0962141993102599,-0.3317843647901813
12689,27,5,237.6,5,64,2011-02-21 11:22:00,2011-11-12 14:56:00,United Kingdom,13,47.52,3,3,4,10,33,High Potential,2,0.5781774555279313,-0.3094034858349201
12690,1,68,8891.17,68,2722,2010-12-20 13:51:00,2011-12-08 15:18:00,Belgium,50,130.75,5,5,5,15,55,VIP Customers,4,3.5071751185914177,1.0559103717079106
12691,59,9,947.73,9,337,2011-02-24 07:49:00,2011-10-11 11:35:00,United Kingdom,48,105.3,3,4,5,12,34,High Potential,2,1.1723904873854916,0.4528046613795097
12692,145,2,3.52,2,2,2011-03-20 19:38:00,2011-07-17 08:46:00,United Kingdom,2,1.76,2,2,1,5,22,Lost Customers,3,-1.7639039370801572,-0.2515901671433942
12693,9,6,121.87,6,42,2010-12-07 18:29:00,2011-11-30 09:37:00,Norway,12,20.31,5,4,3,12,54,Loyal Customers,2,0.5823889183594005,-0.5562827580417141
12694,1,30,1918.23,30,613,2011-02-01 16:20:00,2011-12-08 15:07:00,United Kingdom,49,63.94,5,5,5,15,55,VIP Customers,4,2.489053427079025,0.45868535249735226
12695,69,3,58.0,3,25,2011-03-22 16:22:00,2011-10-01 18:29:00,United Kingdom,3,19.33,2,2,3,7,22,Occasional Buyers,1,-0.36038772088391713,-0.34313792446065117
12696,10,6,337.09,6,134,2011-02-28 08:05:00,2011-11-29 08:32:00,United Kingdom,27,56.18,4,4,4,12,44,VIP Customers,2,0.8851068028818272,-0.3430516141139469
12698,305,1,51.06,1,18,2011-02-07 09:14:00,2011-02-07 09:14:00,United Kingdom,4,51.06,1,1,2,4,11,Lost Customers,0,-2.1891837653491195,1.5947691342568266
12699,154,2,18.79,2,16,2011-02-21 13:08:00,2011-07-08 08:38:00,United Kingdom,5,9.4,1,2,2,5,12,Lost Customers,3,-1.364235187823358,0.13020335449874468
12700,26,5,68.95,5,40,2011-08-04 12:24:00,2011-11-13 18:08:00,United Kingdom,11,13.79,4,3,3,10,43,Loyal Customers,1,0.21003081965431986,-0.5658998960420638
12701,40,1,46.38,1,25,2011-10-30 10:33:00,2011-10-30 10:33:00,United Kingdom,4,46.38,3,1,2,6,31,Occasional Buyers,3,-0.7432745955630664,-0.9091136289252747
12702,370,1,3.5,1,2,2010-12-04 18:53:00,2010-12-04 18:53:00,France,1,3.5,1,1,1,3,11,Lost Customers,0,-3.296565249275825,1.7111841665150498
12703,138,2,9.0,2,3,2011-02-15 14:17:00,2011-07-24 08:56:00,United Kingdom,2,4.5,2,2,1,5,22,Lost Customers,3,-1.4831005273856674,-0.1573030095821362
12704,22,5,413.88,5,103,2011-04-29 16:32:00,2011-11-17 13:32:00,Belgium,17,82.78,4,3,4,11,43,Loyal Customers,2,0.774489072357073,-0.24487395999611966
12705,94,1,4.49,1,2,2011-09-06 17:07:00,2011-09-06 17:07:00,United Kingdom,2,4.49,2,1,1,4,21,Lost Customers,3,-1.7001924919019764,-0.836826086843582
12706,1,69,5896.79,69,1559,2010-12-03 12:02:00,2011-12-08 07:59:00,United Kingdom,50,85.46,5,5,5,15,55,VIP Customers,4,3.392031481348173,0.9784037434759139
12707,34,2,21.8,2,10,2010-12-03 10:10:00,2011-11-05 17:23:00,United Kingdom,2,10.9,3,2,2,7,32,Occasional Buyers,3,-0.6533700191959115,-0.9665246359804004
12708,3,16,448.51,16,149,2010-12-29 15:53:00,2011-12-06 19:02:00,United Kingdom,30,28.03,5,5,4,14,55,VIP Customers,2,1.6220073160755726,-0.03146548589316798
12709,21,2,9.28,2,4,2011-04-01 13:31:00,2011-11-18 19:17:00,United Kingdom,3,4.64,4,2,1,7,42,New Customers,3,-0.8236404782554464,-1.248853205058445
12710,313,1,27.54,1,8,2011-01-30 07:40:00,2011-01-30 07:40:00,United Kingdom,2,27.54,1,1,2,4,11,Lost Customers,0,-2.416774704931796,1.5487257416852862
12711,37,4,191.6,4,68,2011-05-04 12:37:00,2011-11-02 14:49:00,United Kingdom,18,47.9,3,3,4,10,33,High Potential,1,0.33171440308469546,-0.3244914253890638
12712,201,3,116.51,3,35,2011-04-07 07:32:00,2011-05-22 16:25:00,United Kingdom,11,38.84,1,2,3,6,12,Occasional Buyers,0,-0.8850595970069474,1.0333911226091979
12713,41,2,28.53,2,13,2011-07-16 12:33:00,2011-10-29 08:03:00,United Kingdom,6,14.26,3,2,2,7,32,Occasional Buyers,1,-0.6135455305467286,-0.8487941237564212
12714,4,47,6815.64,47,1615,2010-12-09 07:34:00,2011-12-05 15:11:00,United Kingdom,50,145.01,5,5,5,15,55,VIP Customers,4,3.1595483003879825,0.8996873318494908
12715,201,1,16.97,1,13,2011-05-22 15:35:00,2011-05-22 15:35:00,United Kingdom,5,16.97,1,1,1,3,11,Lost Customers,0,-1.9344435499707364,0.4053307436257494
12716,25,2,62.1,2,19,2011-04-15 11:59:00,2011-11-14 17:23:00,United Kingdom,9,31.05,4,2,3,9,42,New Customers,1,-0.2932480038182974,-0.8459006566056291
12717,19,3,52.7,3,24,2010-12-04 08:24:00,2011-11-20 19:37:00,Belgium,11,17.57,4,2,2,8,42,New Customers,1,-0.11082912680770904,-0.8309458233610244
12719,99,2,18.64,2,8,2011-05-01 15:26:00,2011-09-01 12:11:00,United Kingdom,3,9.32,2,2,2,6,22,Lost Customers,3,-1.060503703661784,-0.3870653474959455
12720,20,18,2516.82,18,750,2010-12-16 11:13:00,2011-11-19 17:44:00,United Kingdom,50,139.82,4,5,5,14,45,VIP Customers,4,2.1287981651968355,0.5150491650361004
12721,16,9,434.65,9,132,2011-04-26 14:28:00,2011-11-23 07:59:00,United Kingdom,22,48.29,4,4,4,12,44,VIP Customers,2,1.1746218349752462,-0.10715402406330747
12722,27,13,1097.53,13,341,2010-12-27 13:40:00,2011-11-12 08:30:00,United Kingdom,46,84.43,3,5,5,13,35,High Potential,2,1.6268756861951468,0.3035582791078931
12723,55,2,3.41,2,2,2011-09-21 11:08:00,2011-10-15 17:48:00,United Kingdom,2,1.7,3,2,1,6,32,Occasional Buyers,3,-1.2706006208161726,-1.1004843438942111
12724,46,5,75.46,5,30,2010-12-18 09:13:00,2011-10-24 17:22:00,United Kingdom,11,15.09,3,3,3,9,33,High Potential,1,0.12584322652714064,-0.36043741375348043
12725,9,3,103.19,3,29,2011-05-18 12:45:00,2011-11-30 16:41:00,United Kingdom,9,34.4,5,2,3,10,52,New Customers,1,0.14668681775500514,-0.7912275082600613
12726,79,16,1779.78,16,564,2010-12-07 07:12:00,2011-09-21 16:53:00,United Kingdom,50,111.24,2,5,5,12,25,At-Risk Customers,4,1.6183909590508616,0.958445443962038
12727,41,15,785.4,15,263,2011-04-09 14:44:00,2011-10-29 10:12:00,United Kingdom,41,52.36,3,5,5,13,35,High Potential,2,1.5391448206178162,0.41565186444783303
12728,5,10,454.99,10,146,2010-12-08 07:50:00,2011-12-04 07:54:00,United Kingdom,31,45.5,5,4,4,13,54,VIP Customers,2,1.3153813410826658,-0.16675341193539595
12729,17,6,228.05,6,60,2011-02-24 08:06:00,2011-11-22 16:03:00,United Kingdom,18,38.01,4,4,4,12,44,VIP Customers,2,0.7275637231250328,-0.3558319281804507
12730,106,1,3.4,1,1,2011-08-25 17:25:00,2011-08-25 17:25:00,United Kingdom,1,3.4,2,1,1,4,21,Lost Customers,3,-1.8343755903419714,-0.7688763888312603
12731,1,8,151.1,8,50,2011-01-24 19:04:00,2011-12-08 10:17:00,United Kingdom,13,18.89,5,4,3,12,54,Loyal Customers,2,0.8650146646671036,-0.4977234484617471
12732,1,10,826.24,10,247,2011-03-06 15:04:00,2011-12-08 17:59:00,Austria,39,82.62,5,4,5,14,54,VIP Customers,2,1.5190493063151027,-0.08430283513224106
12733,60,3,71.72,3,33,2011-05-25 14:46:00,2011-10-10 15:11:00,United Kingdom,11,23.91,3,2,3,8,32,High Potential,1,-0.24662757816960557,-0.3854226328071632
12734,2,16,454.75,16,173,2010-12-14 09:12:00,2011-12-07 17:31:00,Spain,33,28.42,5,5,4,14,55,VIP Customers,2,1.6317707526881107,-0.03806594702416158
12735,38,9,365.28,9,95,2011-03-12 08:27:00,2011-11-01 14:36:00,United Kingdom,23,40.59,3,4,4,11,34,High Potential,2,0.9993771621784375,0.06420947998585554
12736,170,4,46.72,4,22,2010-12-05 16:30:00,2011-06-22 09:25:00,United Kingdom,10,11.68,1,3,2,6,13,Occasional Buyers,1,-0.833324654912644,0.641646494372598
12737,26,7,480.37,7,162,2010-12-21 08:24:00,2011-11-13 08:07:00,United Kingdom,28,68.62,4,4,4,12,44,VIP Customers,2,0.9956659525520345,-0.07372400966548696
12738,14,2,73.37,2,14,2011-06-28 13:47:00,2011-11-25 08:57:00,USA,6,36.68,4,2,3,9,42,New Customers,1,-0.18198750122469323,-0.9159514889859987
12739,13,18,2832.83,18,778,2010-12-26 19:27:00,2011-11-26 13:53:00,United Kingdom,50,157.38,4,5,5,14,45,VIP Customers,4,2.2037610136938914,0.4732226644976918
12740,135,3,12.07,3,5,2010-12-23 19:17:00,2011-07-27 17:49:00,United Kingdom,3,4.02,2,2,1,5,22,Lost Customers,3,-1.1867013511616886,-0.02780799810909165
12741,66,7,207.95,7,76,2011-01-04 10:16:00,2011-10-04 10:40:00,United Kingdom,20,29.71,2,4,4,10,24,At-Risk Customers,2,0.5189078422740105,0.13328036880293928
12742,323,2,2.78,2,2,2011-01-04 08:12:00,2011-01-20 16:21:00,United Kingdom,2,1.39,1,2,1,4,12,Lost Customers,0,-2.808842804857593,1.3815123283323825
12743,1,44,9019.56,44,2091,2010-12-03 16:40:00,2011-12-08 10:49:00,Norway,50,204.99,5,5,5,15,55,VIP Customers,4,3.2171088655061943,0.9047113924133003
12744,309,1,8.28,1,6,2011-02-03 13:42:00,2011-02-03 13:42:00,United Kingdom,1,8.28,1,1,1,3,11,Lost Customers,0,-2.7366855477181113,1.2849557949515849
12745,89,5,536.91,5,164,2010-12-04 10:40:00,2011-09-11 19:19:00,United Kingdom,34,107.38,2,3,4,9,23,At-Risk Customers,2,0.48076370194729773,0.43569066825552694
12746,12,8,229.72,8,110,2011-02-06 08:34:00,2011-11-27 08:55:00,United Kingdom,22,28.72,4,4,4,12,44,VIP Customers,2,0.9307095400864488,-0.3106595080640048
12747,70,4,58.73,4,25,2011-02-14 08:30:00,2011-09-30 08:48:00,United Kingdom,8,14.68,2,3,3,8,23,At-Risk Customers,1,-0.20850100207322148,-0.25084493447098494
12748,22,4,305.38,4,74,2011-05-13 18:59:00,2011-11-17 11:22:00,Germany,15,76.34,4,3,4,11,43,Loyal Customers,2,0.556567425497725,-0.37165476371731215
12749,6,3,61.4,3,38,2011-02-13 12:08:00,2011-12-03 14:31:00,United Kingdom,7,20.47,5,2,3,10,52,New Customers,1,0.007241728872367791,-0.9226064749879905
12750,219,2,67.57,2,22,2011-04-02 13:45:00,2011-05-04 18:12:00,United Kingdom,5,33.78,1,2,3,6,12,Occasional Buyers,0,-1.3474452670564334,0.9899853953472979
12751,60,2,26.15,2,13,2011-01-06 12:37:00,2011-10-10 12:14:00,United Kingdom,2,13.08,3,2,2,7,32,Occasional Buyers,3,-0.7448644853794628,-0.687554226639246
12752,59,12,102.11,12,53,2010-12-08 09:30:00,2011-10-11 12:46:00,United Kingdom,13,8.51,3,5,3,11,35,High Potential,2,0.6771692716155088,0.10040974499439055
12753,12,11,460.96,11,125,2011-01-11 10:40:00,2011-11-27 15:52:00,United Kingdom,31,41.91,4,4,4,12,44,VIP Customers,2,1.3403266178840287,-0.06712845967983212
12754,9,1,34.03,1,19,2011-11-30 15:34:00,2011-11-30 15:34:00,United Kingdom,5,34.03,5,1,2,8,51,New Customers,3,-0.6627534322685965,-1.2606232637350119
12755,131,1,1.17,1,1,2011-07-31 08:03:00,2011-07-31 08:03:00,France,1,1.17,2,1,1,4,21,Lost Customers,3,-2.1887831245668568,-0.6768158816290359
12756,68,1,38.6,1,16,2011-10-02 16:45:00,2011-10-02 16:45:00,Spain,5,38.6,2,1,2,5,21,Lost Customers,3,-0.9537125109685909,-0.6826822746908399
12757,180,3,26.84,3,10,2011-04-21 09:08:00,2011-06-12 07:05:00,Germany,6,8.95,1,2,2,5,12,Lost Customers,0,-1.2068021402433327,0.5464475991078966
12758,39,8,304.39,8,107,2010-12-18 11:24:00,2011-10-31 17:54:00,United Kingdom,28,38.05,3,4,4,11,34,High Potential,2,0.8658645163798698,-0.0010103405546643784
12759,79,3,52.16,3,15,2011-01-13 19:46:00,2011-09-21 12:45:00,United Kingdom,5,17.39,2,2,2,6,22,Lost Customers,1,-0.44777877516074494,-0.270359844216064
12760,171,1,1.6,1,1,2011-06-21 16:58:00,2011-06-21 16:58:00,United Kingdom,1,1.6,1,1,1,3,11,Lost Customers,3,-2.3563023979664846,-0.2653249380776856
12761,5,8,251.92,8,98,2011-01-07 14:38:00,2011-12-04 17:29:00,United Kingdom,27,31.49,5,4,4,13,54,VIP Customers,2,0.9976416619846576,-0.3577963884819117
12762,41,12,361.5,12,133,2011-02-07 12:51:00,2011-10-29 16:08:00,United Kingdom,28,30.12,3,5,4,12,35,High Potential,2,1.1602460835703794,0.1848290517792827
12763,52,8,199.86,8,82,2011-01-06 16:07:00,2011-10-18 11:04:00,United Kingdom,18,24.98,3,4,4,11,34,High Potential,2,0.6659160383733146,0.03650810204154395
12764,190,1,4.66,1,2,2011-06-02 07:30:00,2011-06-02 07:30:00,United Kingdom,1,4.66,1,1,1,3,11,Lost Customers,0,-2.225098671118655,0.06951010632147953
12765,32,4,237.69,4,84,2010-12-02 15:46:00,2011-11-07 13:11:00,United Kingdom,15,59.42,3,3,4,10,33,High Potential,1,0.4248828005700995,-0.3281661485640748
12766,12,6,158.16,6,60,2010-12-09 09:15:00,2011-11-27 17:47:00,United Kingdom,19,26.36,4,4,3,11,44,Loyal Customers,2,0.644513209521874,-0.4760327649410056
12767,7,11,624.87,11,203,2011-02-23 14:03:00,2011-12-02 18:32:00,United Kingdom,37,56.81,5,4,4,13,54,VIP Customers,2,1.4606366389803482,-0.052855574983221895
12768,46,1,1.74,1,1,2011-10-24 18:57:00,2011-10-24 18:57:00,United Kingdom,1,1.74,3,1,1,5,31,Occasional Buyers,3,-1.6447632599445956,-1.4268903054287574
12769,1,10,198.97,10,91,2011-02-09 11:39:00,2011-12-08 11:36:00,Australia,20,19.9,5,4,4,13,54,VIP Customers,2,1.0865803766561986,-0.3702762491566044
12770,64,2,36.86,2,17,2011-01-02 08:53:00,2011-10-06 14:54:00,United Kingdom,3,18.43,2,2,2,6,22,Lost Customers,1,-0.6658471653901689,-0.5830769791173801
12771,11,7,156.29,7,70,2011-01-01 18:04:00,2011-11-28 17:42:00,United Kingdom,15,22.33,4,4,3,11,44,Loyal Customers,2,0.7384572974462326,-0.4396543488950533
12772,73,9,196.73,9,85,2010-12-22 17:57:00,2011-09-27 19:38:00,United Kingdom,20,21.86,2,4,4,10,24,At-Risk Customers,2,0.6168520693339345,0.26824312342806483
12773,102,5,181.57,5,55,2010-12-27 19:26:00,2011-08-29 14:07:00,United Kingdom,18,36.31,2,3,3,8,23,At-Risk Customers,1,0.07931824149269706,0.3399676776886111
12774,5,10,254.22,10,79,2010-12-01 19:26:00,2011-12-04 09:38:00,United Kingdom,20,25.42,5,4,4,13,54,VIP Customers,2,1.1386250182314923,-0.28363489319235113
12775,27,10,242.05,10,83,2011-01-06 12:15:00,2011-11-12 07:57:00,United Kingdom,17,24.2,3,4,4,11,34,High Potential,2,1.0013245377927977,-0.08718049940087678
12776,21,1,5.48,1,4,2011-11-18 11:55:00,2011-11-18 11:55:00,Spain,1,5.48,4,1,1,6,41,New Customers,3,-1.2434867308163602,-1.487958328396396
12777,141,1,1.95,1,1,2011-07-21 13:50:00,2011-07-21 13:50:00,Switzerland,1,1.95,2,1,1,4,21,Lost Customers,3,-2.150901265511764,-0.521200121603469
12778,28,11,542.08,11,179,2010-12-18 08:03:00,2011-11-11 18:17:00,Belgium,36,49.28,3,4,4,11,34,High Potential,2,1.3005672494296312,0.11548609324612123
12779,23,6,95.61,6,40,2010-12-21 13:57:00,2011-11-16 19:51:00,United Kingdom,11,15.94,4,4,3,11,44,Loyal Customers,1,0.4312530936391296,-0.47342996325376896
12780,90,5,108.46,5,53,2011-01-29 17:24:00,2011-09-10 11:51:00,United Kingdom,12,21.69,2,3,3,8,23,At-Risk Customers,1,-0.009718292808904065,0.12441227652733343
12781,20,2,28.8,2,15,2010-12-28 19:13:00,2011-11-19 08:08:00,United Kingdom,7,14.4,4,2,2,8,42,New Customers,1,-0.49391841960875393,-1.0438785605239165
12782,13,13,634.35,13,298,2010-12-29 07:57:00,2011-11-26 13:52:00,United Kingdom,40,48.8,4,5,4,13,45,VIP Customers,2,1.5380104309511902,0.06200291981193319
12783,145,2,41.46,2,30,2011-06-26 15:50:00,2011-07-17 10:55:00,Italy,6,20.73,2,2,2,6,22,Lost Customers,3,-1.0816492278117442,0.19955601946837342
12784,28,4,73.8,4,27,2011-04-06 18:55:00,2011-11-11 18:35:00,United Kingdom,7,18.45,3,3,3,9,33,High Potential,1,0.09373246406004399,-0.5993682971778469
12785,6,28,2624.44,28,711,2010-12-12 10:33:00,2011-12-03 09:27:00,United Kingdom,50,93.73,5,5,5,15,55,VIP Customers,4,2.5107219751248215,0.5446329440611238
12786,1,62,18797.83,62,4288,2010-12-10 10:40:00,2011-12-08 17:56:00,United Kingdom,50,303.19,5,5,5,15,55,VIP Customers,4,3.672520970384971,1.1738894176397092
12787,269,1,19.29,1,11,2011-03-15 11:17:00,2011-03-15 11:17:00,United Kingdom,2,19.29,1,1,2,4,11,Lost Customers,0,-2.2758487744474283,1.0674233096353145
12788,2,36,2334.0,36,694,2010-12-24 11:55:00,2011-12-07 19:34:00,United Kingdom,50,64.83,5,5,5,15,55,VIP Customers,4,2.6650851654815764,0.5713349008571652
12789,177,2,21.68,2,18,2011-04-27 14:26:00,2011-06-15 18:13:00,United Kingdom,3,10.84,1,2,2,5,12,Lost Customers,0,-1.4507041396100335,0.373327097382853
12790,10,12,450.06,12,142,2011-03-08 07:56:00,2011-11-29 17:33:00,United Kingdom,31,37.51,4,5,4,13,45,VIP Customers,2,1.3993182244352493,-0.06183752670160068
12791,101,3,34.31,3,17,2011-02-28 15:52:00,2011-08-30 12:58:00,United Kingdom,10,11.44,2,2,2,6,22,Lost Customers,1,-0.69481053632981,-0.1464661058235336
12792,14,2,102.88,2,35,2011-11-18 09:26:00,2011-11-25 15:24:00,United Kingdom,3,51.44,4,2,3,9,42,New Customers,1,-0.08020477693298873,-0.84864687781461
12793,18,5,241.87,5,81,2011-02-03 10:19:00,2011-11-21 10:54:00,United Kingdom,22,48.37,4,3,4,11,43,Loyal Customers,2,0.6336605935667383,-0.39022431283234266
12794,88,2,23.71,2,14,2011-03-05 18:27:00,2011-09-12 16:45:00,Belgium,6,11.86,2,2,2,6,22,Lost Customers,3,-0.9293523145625133,-0.44396317781791766
12795,124,2,29.83,2,14,2010-12-25 07:11:00,2011-08-07 11:30:00,Austria,5,14.92,2,2,2,6,22,Lost Customers,3,-1.0622795976746504,-0.06182444945274527
12796,204,2,22.36,2,11,2011-04-26 12:57:00,2011-05-19 19:09:00,United Kingdom,3,11.18,1,2,2,5,12,Lost Customers,0,-1.5919487353088226,0.6324564588801301
12797,193,2,12.46,2,4,2010-12-01 19:51:00,2011-05-30 18:20:00,Sweden,3,6.23,1,2,1,4,12,Lost Customers,0,-1.6986499043993395,0.41827679063835566
12798,22,12,395.63,12,136,2010-12-19 11:11:00,2011-11-17 14:06:00,United Kingdom,24,32.97,4,5,4,13,45,VIP Customers,2,1.2933771551828002,0.02478743085389407
12799,25,3,28.9,3,8,2010-12-02 08:08:00,2011-11-14 18:42:00,United Kingdom,3,9.63,4,2,2,8,42,New Customers,1,-0.32255927311373295,-0.8926143618255169
12800,137,1,33.62,1,11,2011-07-25 18:00:00,2011-07-25 18:00:00,United Kingdom,5,33.62,2,1,2,5,21,Lost Customers,3,-1.3785982622634694,-0.06273524179934399
12801,31,4,40.54,4,17,2011-01-21 07:21:00,2011-11-08 18:38:00,Germany,7,10.14,3,3,2,8,33,Occasional Buyers,1,-0.10209798980508826,-0.6896928680290754
12802,124,4,425.64,4,106,2011-01-26 14:59:00,2011-08-07 19:11:00,United Kingdom,20,106.41,2,3,4,9,23,At-Risk Customers,1,0.0898339034512801,0.6514882007025691
12803,192,1,15.52,1,8,2011-05-31 09:49:00,2011-05-31 09:49:00,United Kingdom,1,15.52,1,1,1,3,11,Lost Customers,0,-1.9099869953090312,0.30399334915870674
12804,8,18,4329.84,18,1042,2011-01-01 07:05:00,2011-12-01 07:46:00,United Kingdom,50,240.55,5,5,5,15,55,VIP Customers,4,2.3607621072340237,0.5117578037318657
12805,20,19,844.22,19,286,2010-12-01 08:11:00,2011-11-19 18:57:00,Austria,42,44.43,4,5,5,14,45,VIP Customers,4,1.8316748957833442,0.313700963118773
12806,181,3,57.34,3,27,2011-01-25 10:59:00,2011-06-11 07:01:00,United Kingdom,7,19.11,1,2,3,6,12,Occasional Buyers,0,-0.9870406357733404,0.7048231971415155
12807,12,2,52.05,2,15,2011-01-31 17:43:00,2011-11-27 18:30:00,United Kingdom,2,26.02,4,2,2,8,42,New Customers,1,-0.27374799508118297,-1.0027420407439107
12808,67,3,62.9,3,27,2011-03-09 14:03:00,2011-10-03 09:26:00,United Kingdom,7,20.97,2,2,3,7,22,Occasional Buyers,1,-0.3249594045265944,-0.3458238948530798
12809,6,6,522.35,6,158,2011-05-09 11:18:00,2011-12-03 11:09:00,United Kingdom,34,87.06,5,4,4,13,54,VIP Customers,2,1.0404436982534648,-0.29256032988342623
12810,23,7,332.45,7,119,2011-02-09 09:17:00,2011-11-16 10:02:00,USA,31,47.49,4,4,4,12,44,VIP Customers,2,0.9005382795936967,-0.17579774343111906
12811,27,1,40.71,1,12,2011-11-12 08:01:00,2011-11-12 08:01:00,France,3,40.71,3,1,2,6,31,Occasional Buyers,3,-0.7097562088223208,-1.0566852525285177
12812,2,26,6050.94,26,1767,2010-12-11 08:04:00,2011-12-07 09:29:00,United Kingdom,50,232.73,5,5,5,15,55,VIP Customers,4,2.7381142485922236,0.6495604029810235
12813,1,9,811.68,9,269,2011-03-16 18:17:00,2011-12-08 07:53:00,United Kingdom,42,90.19,5,4,5,14,54,VIP Customers,2,1.4479892614885135,-0.12223683863960616
12814,8,18,1774.65,18,571,2011-01-04 15:07:00,2011-12-01 17:31:00,United Kingdom,48,98.59,5,5,5,15,55,VIP Customers,4,2.0892080176377266,0.33219056833444544
12815,4,8,97.02,8,39,2011-01-19 16:55:00,2011-12-05 09:42:00,United Kingdom,16,12.13,5,4,3,12,54,Loyal Customers,2,0.7145026919788989,-0.5580808242342759
12816,9,15,637.64,15,268,2010-12-15 18:58:00,2011-11-30 08:55:00,United Kingdom,44,42.51,5,5,4,14,55,VIP Customers,2,1.6538208155372862,0.07367076651403934
12817,325,1,1.02,1,1,2011-01-18 16:25:00,2011-01-18 16:25:00,United Kingdom,1,1.02,1,1,1,3,11,Lost Customers,0,-3.290117037169802,1.1279006975130796
12818,27,1,37.18,1,17,2011-11-12 16:07:00,2011-11-12 16:07:00,Germany,5,37.18,3,1,2,6,31,Occasional Buyers,3,-0.7366891570036748,-1.0744948721634773
12819,59,8,272.04,8,132,2011-01-05 18:54:00,2011-10-11 08:45:00,United Kingdom,29,34.01,3,4,4,11,34,High Potential,2,0.7204708043778734,0.1639791237355679
12820,118,2,78.43,2,36,2011-05-21 12:46:00,2011-08-13 10:59:00,United Kingdom,8,39.22,2,2,3,7,22,Occasional Buyers,1,-0.7406500234518241,0.07251593303411534
12821,239,1,4.06,1,3,2011-04-14 15:01:00,2011-04-14 15:01:00,United Kingdom,2,4.06,1,1,1,3,11,Lost Customers,0,-2.5318897817863153,0.5064159535033637
12822,116,4,23.92,4,8,2011-03-06 07:08:00,2011-08-15 19:03:00,Austria,4,5.98,2,3,2,7,23,Occasional Buyers,1,-0.7307141229187204,0.004441621002892809
12823,327,1,2.07,1,1,2011-01-16 14:31:00,2011-01-16 14:31:00,United Kingdom,1,2.07,1,1,1,3,11,Lost Customers,0,-3.1737586839581344,1.2309567734163667
12824,235,3,17.07,3,9,2011-02-27 11:46:00,2011-04-18 19:47:00,United Kingdom,3,5.69,1,2,2,5,12,Lost Customers,0,-1.644492898766162,0.9751346981200806
12825,14,4,167.83,4,64,2011-01-30 08:43:00,2011-11-25 18:22:00,Belgium,14,41.96,4,3,3,10,43,Loyal Customers,1,0.4195793601264842,-0.5666920490351828
12826,9,15,881.92,15,307,2011-02-08 08:11:00,2011-11-30 13:54:00,United Kingdom,44,58.79,5,5,5,15,55,VIP Customers,2,1.7524694811930994,0.1389029572492012
12827,109,1,1.44,1,1,2011-08-22 16:01:00,2011-08-22 16:01:00,United Kingdom,1,1.44,2,1,1,4,21,Lost Customers,3,-2.030646282010377,-0.8594920703240874
12828,164,1,22.51,1,10,2011-06-28 16:15:00,2011-06-28 16:15:00,United Kingdom,3,22.51,1,1,2,4,11,Lost Customers,3,-1.6467111616257255,0.11250147575993552
12829,12,3,110.64,3,47,2010-12-10 09:21:00,2011-11-27 10:23:00,United Kingdom,9,36.88,4,2,3,9,42,New Customers,1,0.15102792017107905,-0.7491870942198763
12830,55,2,29.8,2,13,2011-08-29 19:33:00,2011-10-15 10:09:00,United Kingdom,5,14.9,3,2,2,7,32,Occasional Buyers,1,-0.6786239820226513,-0.7090352274178615
12831,24,32,4103.71,32,1268,2010-12-21 08:22:00,2011-11-15 11:44:00,United Kingdom,50,128.24,4,5,5,14,45,VIP Customers,4,2.635673047684482,0.8500009281288374
12832,7,8,554.64,8,197,2011-01-27 12:37:00,2011-12-02 12:11:00,Spain,36,69.33,5,4,4,13,54,VIP Customers,2,1.226224524384694,-0.18053099063931521
12833,11,4,296.69,4,83,2011-07-26 14:31:00,2011-11-28 17:44:00,Germany,19,74.17,4,3,4,11,43,Loyal Customers,2,0.6090136126372604,-0.4805970156435243
12834,6,4,12.5,4,9,2011-02-04 19:41:00,2011-12-03 14:36:00,United Kingdom,4,3.12,5,3,1,9,53,Occasional Buyers,1,-0.30531284282646043,-1.1504854780045572
12835,279,2,22.16,2,15,2011-02-26 17:31:00,2011-03-05 08:21:00,United Kingdom,8,11.08,1,2,2,5,12,Lost Customers,0,-2.0119068651341108,1.334001572656084
12836,68,4,230.93,4,42,2011-03-14 16:12:00,2011-10-02 11:00:00,United Kingdom,9,57.73,2,3,4,9,23,At-Risk Customers,1,0.21580960946405908,0.003620511063635885
12837,8,13,720.75,13,263,2010-12-12 19:25:00,2011-12-01 18:19:00,United Kingdom,41,55.44,5,5,5,15,55,VIP Customers,2,1.6046667186146193,0.04079685961171928
12838,105,7,133.71,7,55,2011-04-11 18:41:00,2011-08-26 10:24:00,Denmark,19,19.1,2,4,3,9,24,At-Risk Customers,1,0.16819362569351506,0.4105756348972308
12839,9,6,136.54,6,58,2011-03-05 10:40:00,2011-11-30 15:21:00,United Kingdom,17,22.76,5,4,3,12,54,Loyal Customers,2,0.616740856343783,-0.5335672741999149
12840,13,13,1518.17,13,443,2011-03-09 11:55:00,2011-11-26 11:02:00,United Kingdom,47,116.78,4,5,5,14,45,VIP Customers,4,1.803518301834432,0.2375720464696713
12841,70,1,21.07,1,5,2011-09-30 13:02:00,2011-09-30 13:02:00,United Kingdom,2,21.07,2,1,2,5,21,Lost Customers,3,-1.1428968577603245,-0.7816686648650825
12842,12,20,786.46,20,236,2011-01-12 19:34:00,2011-11-27 17:07:00,United Kingdom,37,39.32,4,5,5,14,45,VIP Customers,4,1.88823989321871,0.24201679496461034
12843,62,3,61.31,3,22,2011-03-21 13:07:00,2011-10-08 19:18:00,United Kingdom,7,20.44,2,2,3,7,22,Occasional Buyers,1,-0.304811197600568,-0.3977837820130382
12844,14,1,6.58,1,6,2011-11-25 15:26:00,2011-11-25 15:26:00,Switzerland,3,6.58,4,1,1,6,41,New Customers,3,-1.1567805381459524,-1.5220194520602968
12845,49,7,387.58,7,132,2010-12-13 16:00:00,2011-10-21 09:59:00,France,28,55.37,3,4,4,11,34,High Potential,2,0.8024619183079059,0.09882033702799962
12846,16,14,1954.25,14,603,2010-12-25 08:20:00,2011-11-23 18:50:00,United Kingdom,48,139.59,4,5,5,14,45,VIP Customers,4,1.9112081853654195,0.34139793099521504
12847,15,6,174.48,6,83,2011-03-22 08:16:00,2011-11-24 19:06:00,United Kingdom,24,29.08,4,4,3,11,44,Loyal Customers,2,0.6575503774579476,-0.4282420105300217
12848,168,2,14.67,2,7,2011-02-06 08:07:00,2011-06-24 18:10:00,United Kingdom,3,7.33,1,2,1,4,12,Lost Customers,3,-1.5132341636705622,0.21446915707887257
12849,50,1,19.2,1,12,2011-10-20 13:43:00,2011-10-20 13:43:00,France,1,19.2,3,1,2,6,31,Occasional Buyers,3,-1.058572082354231,-0.9870404343140735
12850,103,1,3.6,1,2,2011-08-28 16:05:00,2011-08-28 16:05:00,United Kingdom,1,3.6,2,1,1,4,21,Lost Customers,3,-1.8041432956800525,-0.7880548774965704
12851,14,19,1799.78,19,647,2011-03-18 17:13:00,2011-11-25 12:08:00,United Kingdom,50,94.73,4,5,5,14,45,VIP Customers,4,2.0954330142742266,0.4097733993203896
12852,54,3,61.51,3,34,2011-01-26 14:32:00,2011-10-16 12:57:00,United Kingdom,8,20.5,3,2,3,8,32,High Potential,1,-0.2593189744939981,-0.47215456967220076
12853,13,22,1225.85,22,407,2011-02-11 13:54:00,2011-11-26 12:56:00,United Kingdom,46,55.72,4,5,5,14,45,VIP Customers,4,2.0803832226096577,0.37348683515898917
12854,23,14,1597.5,14,501,2010-12-16 13:23:00,2011-11-16 19:52:00,United Kingdom,48,114.11,4,5,5,14,45,VIP Customers,4,1.810899942194751,0.3664645938955197
12855,14,3,29.55,3,15,2011-01-26 19:30:00,2011-11-25 17:02:00,United Kingdom,5,9.85,4,2,2,8,42,New Customers,1,-0.25479934371592816,-0.9914302836161965
12856,22,20,1718.56,20,506,2011-03-10 18:57:00,2011-11-17 12:52:00,United Kingdom,49,85.93,4,5,5,14,45,VIP Customers,4,2.0704681074939355,0.4930826952738563
12857,22,1,9.96,1,3,2011-11-17 09:10:00,2011-11-17 09:10:00,United Kingdom,1,9.96,4,1,1,6,41,New Customers,3,-1.0889894470352133,-1.3727391994731686
12858,106,2,25.72,2,18,2011-07-04 13:32:00,2011-08-25 09:09:00,United Kingdom,6,12.86,2,2,2,6,22,Lost Customers,3,-1.005694959105816,-0.2594263805266558
12859,9,4,18.0,4,4,2011-05-17 15:03:00,2011-11-30 11:29:00,Spain,3,4.5,5,3,2,10,53,Occasional Buyers,1,-0.2179194438714981,-1.0535260925540508
12860,1,29,3744.79,29,1198,2011-03-19 11:37:00,2011-12-08 13:58:00,United Kingdom,50,129.13,5,5,5,15,55,VIP Customers,4,2.670136411301046,0.5815430881092042
12861,19,7,227.25,7,100,2011-07-18 11:00:00,2011-11-20 17:00:00,Australia,25,32.46,4,4,4,12,44,VIP Customers,2,0.807348256553458,-0.2896468001153884
12862,10,14,1674.22,14,593,2010-12-22 16:35:00,2011-11-29 16:36:00,United Kingdom,50,119.59,4,5,5,14,45,VIP Customers,4,1.8975166820154774,0.25400466564881863
12863,2,57,6209.65,57,1674,2010-12-21 17:01:00,2011-12-07 12:40:00,United Kingdom,50,108.94,5,5,5,15,55,VIP Customers,4,3.272675278641864,0.9304011545753442
12864,62,1,4.68,1,3,2011-10-08 13:47:00,2011-10-08 13:47:00,United Kingdom,1,4.68,2,1,1,4,21,Lost Customers,3,-1.5117653185341533,-1.130038649415008
12865,254,3,67.84,3,22,2011-01-14 16:32:00,2011-03-30 18:11:00,Norway,11,22.61,1,2,3,6,12,Occasional Buyers,0,-1.3428452507698985,1.4226770994823488
12866,106,1,1.56,1,1,2011-08-25 18:59:00,2011-08-25 18:59:00,United Kingdom,1,1.56,2,1,1,4,21,Lost Customers,3,-1.9993304887533738,-0.8779540871897448
12867,7,12,252.61,12,97,2010-12-14 15:03:00,2011-12-02 15:15:00,United Kingdom,19,21.05,5,5,4,14,55,VIP Customers,2,1.240638909762642,-0.20593527352689223
12868,148,1,25.56,1,8,2011-07-14 08:17:00,2011-07-14 08:17:00,France,4,25.56,1,1,2,4,11,Lost Customers,3,-1.5205270556768522,-0.012964053172668836
12869,26,9,245.19,9,101,2011-01-10 13:31:00,2011-11-13 17:28:00,United Kingdom,14,27.24,4,4,4,12,44,VIP Customers,2,0.945147017881279,-0.12832992743158336
12870,217,1,5.46,1,3,2011-05-06 07:16:00,2011-05-06 07:16:00,United Kingdom,1,5.46,1,1,1,3,11,Lost Customers,0,-2.3350748531450196,0.34931594743564404
12871,348,1,34.21,1,13,2010-12-26 16:27:00,2010-12-26 16:27:00,United Kingdom,4,34.21,1,1,2,4,11,Lost Customers,0,-2.5475659305195073,1.9192203456912047
12872,11,17,1564.72,17,491,2011-02-07 19:52:00,2011-11-28 19:25:00,United Kingdom,48,92.04,4,5,5,14,45,VIP Customers,4,1.9969504396373918,0.315491047949339
12873,63,9,928.09,9,266,2011-03-01 17:31:00,2011-10-07 19:44:00,United Kingdom,42,103.12,2,4,5,11,24,At-Risk Customers,2,1.1437611802339864,0.48609974676098344
12874,72,1,26.85,1,17,2011-09-28 10:07:00,2011-09-28 10:07:00,United Kingdom,4,26.85,2,1,2,5,21,Lost Customers,3,-1.083178472644308,-0.7160662045529079
12875,192,1,46.08,1,12,2011-05-30 19:59:00,2011-05-30 19:59:00,United Kingdom,3,46.08,1,1,2,4,11,Lost Customers,0,-1.5910167998735851,0.5149148501151738
12876,2,35,4961.33,35,1188,2010-12-04 11:02:00,2011-12-07 16:43:00,United Kingdom,50,141.75,5,5,5,15,55,VIP Customers,4,2.8758172395167034,0.7132861649929507
12877,6,2,29.22,2,13,2011-09-16 17:50:00,2011-12-03 13:00:00,United Kingdom,5,14.61,5,2,2,9,52,New Customers,1,-0.41175244399358085,-1.172338199782483
12878,85,4,57.94,4,39,2010-12-18 12:19:00,2011-09-15 15:26:00,Spain,8,14.48,2,3,3,8,23,At-Risk Customers,1,-0.296024047608992,-0.11287109013378074
12879,26,7,219.91,7,103,2010-12-08 16:52:00,2011-11-13 16:46:00,United Kingdom,20,31.42,4,4,4,12,44,VIP Customers,2,0.7584413361014256,-0.2305906162688963
12880,147,1,12.96,1,8,2011-07-15 12:42:00,2011-07-15 12:42:00,United Kingdom,1,12.96,1,1,1,3,11,Lost Customers,3,-1.7108658002700163,-0.15188362439152445
12881,45,10,320.89,10,103,2011-01-12 18:19:00,2011-10-25 19:11:00,United Kingdom,26,32.09,3,4,4,11,34,High Potential,2,0.9867301454685005,0.1381878057423688
12882,252,3,67.19,3,32,2010-12-29 19:47:00,2011-04-01 11:39:00,United Kingdom,9,22.4,1,2,3,6,12,Occasional Buyers,0,-1.334605683476189,1.4020123591493707
12883,244,1,1.22,1,1,2011-04-09 15:32:00,2011-04-09 15:32:00,United Kingdom,1,1.22,1,1,1,3,11,Lost Customers,0,-2.810636157325621,0.3873758079046336
12884,30,10,253.8,10,103,2010-12-18 14:46:00,2011-11-09 10:56:00,United Kingdom,16,25.38,3,4,4,11,34,High Potential,2,0.9990103001062715,-0.049540980315469156
12885,13,23,1126.15,23,398,2011-05-07 09:15:00,2011-11-26 14:52:00,France,46,48.96,4,5,5,14,45,VIP Customers,4,2.083884460593229,0.37175865487847415
12886,8,5,64.3,5,26,2011-01-24 08:30:00,2011-12-01 10:59:00,United Kingdom,6,12.86,5,3,3,11,53,Loyal Customers,1,0.2892412036091502,-0.7485403785375008
12887,41,3,41.02,3,16,2010-12-24 11:26:00,2011-10-29 15:01:00,United Kingdom,6,13.67,3,2,2,7,32,Occasional Buyers,1,-0.307949988504018,-0.674048117884643
12888,12,6,1256.93,6,283,2011-02-06 14:22:00,2011-11-27 07:29:00,United Kingdom,41,209.49,4,4,5,13,44,VIP Customers,2,1.2741570149926218,-0.05967594408966871
12889,4,14,749.97,14,245,2011-02-19 07:48:00,2011-12-05 18:13:00,United Kingdom,41,53.57,5,5,5,15,55,VIP Customers,2,1.686536025011268,0.03615242637107676
12890,7,5,425.13,5,124,2011-04-14 12:40:00,2011-12-02 08:43:00,United Kingdom,25,85.03,5,3,4,12,53,Loyal Customers,2,0.8661057710335386,-0.38014084463242814
12891,109,5,487.95,5,156,2011-02-04 17:06:00,2011-08-22 17:56:00,United Kingdom,24,97.59,2,3,4,9,23,At-Risk Customers,2,0.3404076935186256,0.604011352873755
12892,4,29,3559.22,29,1046,2010-12-15 11:33:00,2011-12-05 15:24:00,United Kingdom,50,122.73,5,5,5,15,55,VIP Customers,4,2.6379675195489813,0.5994409870177078
12893,209,1,4.08,1,3,2011-05-14 17:34:00,2011-05-14 17:34:00,Germany,1,4.08,1,1,1,3,11,Lost Customers,0,-2.363752606857308,0.22589969076272848
12894,21,13,1252.57,13,440,2010-12-29 08:23:00,2011-11-18 13:35:00,United Kingdom,50,96.35,4,5,5,14,45,VIP Customers,2,1.7004730883263182,0.2738854754986493
12895,7,8,452.44,8,167,2011-01-17 07:15:00,2011-12-02 18:09:00,United Kingdom,31,56.56,5,4,4,13,54,VIP Customers,2,1.164318112666561,-0.22146708267948892
12896,24,2,42.68,2,24,2010-12-22 17:48:00,2011-11-15 12:06:00,United Kingdom,6,21.34,4,2,2,8,42,New Customers,1,-0.3997140137810814,-0.9293587354006779
12897,86,1,1.93,1,1,2011-09-14 09:13:00,2011-09-14 09:13:00,United Kingdom,1,1.93,2,1,1,4,21,Lost Customers,3,-1.8469243855352,-1.0383065537235223
12898,243,1,95.12,1,24,2011-04-10 19:01:00,2011-04-10 19:01:00,United Kingdom,4,95.12,1,1,3,5,11,Occasional Buyers,0,-1.6574201243794113,1.1368921919917936
12899,270,1,11.13,1,3,2011-03-14 13:04:00,2011-03-14 13:04:00,United Kingdom,1,11.13,1,1,1,3,11,Lost Customers,0,-2.4380988308608167,0.9731908177680941
12900,3,25,6398.36,25,1437,2011-01-11 07:55:00,2011-12-06 11:19:00,United Kingdom,50,255.93,5,5,5,15,55,VIP Customers,4,2.723554285807671,0.6565746659839607
12901,26,8,400.22,8,113,2011-03-31 08:17:00,2011-11-13 07:30:00,United Kingdom,26,50.03,4,4,4,12,44,VIP Customers,2,1.021326955883954,-0.06794551909304745
12902,36,6,340.35,6,143,2011-06-06 10:12:00,2011-11-03 09:45:00,United Kingdom,28,56.72,3,4,4,11,34,High Potential,2,0.7433519171862404,-0.09731629467737775
12903,77,3,176.23,3,61,2011-05-06 16:42:00,2011-09-23 11:58:00,United Kingdom,20,58.74,2,2,3,7,22,Occasional Buyers,1,-0.06990280611254494,-0.04659966403328378
12904,242,1,28.86,1,3,2011-04-11 14:24:00,2011-04-11 14:24:00,United Kingdom,1,28.86,1,1,2,4,11,Lost Customers,0,-2.00792289666183,0.8920629226165544
12905,2,37,4605.76,37,1362,2010-12-03 07:15:00,2011-12-07 11:02:00,United Kingdom,50,124.48,5,5,5,15,55,VIP Customers,4,2.8904148255992874,0.717802243570671
12906,32,4,36.79,4,17,2011-02-16 15:44:00,2011-11-07 13:15:00,United Kingdom,5,9.2,3,3,2,8,33,Occasional Buyers,1,-0.13647868926946702,-0.6993707617552238
12907,164,2,31.98,2,24,2011-04-18 17:32:00,2011-06-28 10:50:00,United Kingdom,5,15.99,1,2,2,5,12,Lost Customers,3,-1.26432846668922,0.32683353277887806
12908,11,14,653.0,14,226,2011-01-11 08:38:00,2011-11-28 07:23:00,Belgium,41,46.64,4,5,5,14,45,VIP Customers,2,1.605474856229898,0.07394636560411101
12909,92,1,29.49,1,10,2011-09-08 12:09:00,2011-09-08 12:09:00,Spain,5,29.49,2,1,2,5,21,Lost Customers,3,-1.166885218773004,-0.5102857584793005
12910,39,1,3.88,1,4,2011-10-31 17:39:00,2011-10-31 17:39:00,United Kingdom,1,3.88,3,1,1,5,31,Occasional Buyers,3,-1.4300170041803957,-1.3762839501972233
12911,11,22,1889.25,22,761,2011-01-05 08:22:00,2011-11-28 07:40:00,United Kingdom,50,85.88,4,5,5,14,45,VIP Customers,4,2.2231659404836437,0.4417897904599661
12912,58,9,593.3,9,180,2010-12-03 08:21:00,2011-10-12 13:30:00,France,34,65.92,3,4,4,11,34,High Potential,2,1.0354949071234787,0.34922479461548883
12913,17,25,2659.85,25,812,2010-12-30 08:18:00,2011-11-22 19:07:00,United Kingdom,49,106.39,4,5,5,14,45,VIP Customers,4,2.3783738360256375,0.6111139563873083
12914,7,31,4751.75,31,1219,2010-12-18 13:44:00,2011-12-02 14:17:00,United Kingdom,50,153.28,5,5,5,15,55,VIP Customers,4,2.7537203535935855,0.7090217478773683
12915,51,2,14.54,2,9,2011-08-15 12:01:00,2011-10-19 15:42:00,United Kingdom,4,7.27,3,2,1,6,32,Occasional Buyers,3,-0.8647221915012803,-0.8843205386963143
12916,19,3,32.89,3,11,2011-03-24 11:49:00,2011-11-20 10:52:00,United Kingdom,7,10.96,4,2,2,8,42,New Customers,1,-0.2510210925715105,-0.923648841586823
12917,290,2,4.17,2,3,2010-12-13 16:11:00,2011-02-22 18:47:00,France,2,2.08,1,2,1,4,12,Lost Customers,0,-2.5298374763933036,1.135138660299964
12918,17,2,18.39,2,10,2011-08-10 19:43:00,2011-11-22 19:51:00,United Kingdom,3,9.2,4,2,2,8,42,New Customers,3,-0.6081145749580833,-1.1585614752864728
12919,4,9,369.49,9,159,2011-03-02 11:25:00,2011-12-05 19:13:00,United Kingdom,32,41.05,5,4,4,13,54,VIP Customers,2,1.1920517224422043,-0.2523076829858386
12920,89,1,6.88,1,8,2011-09-11 10:09:00,2011-09-11 10:09:00,Netherlands,1,6.88,2,1,1,4,21,Lost Customers,3,-1.5622979730023263,-0.8109253173999944
12921,109,2,28.56,2,11,2011-02-20 13:04:00,2011-08-22 08:40:00,United Kingdom,4,14.28,2,2,2,6,22,Lost Customers,3,-0.9916238767379697,-0.21095194222629685
12922,40,17,1583.04,17,474,2010-12-11 13:42:00,2011-10-30 17:48:00,United Kingdom,48,93.12,3,5,5,13,35,High Potential,4,1.8391222579207227,0.589767603066779
12923,16,9,229.74,9,78,2010-12-06 17:37:00,2011-11-23 17:22:00,United Kingdom,23,25.53,4,4,4,12,44,VIP Customers,2,0.9810523717098396,-0.23515332404661932
12924,89,3,36.15,3,21,2010-12-15 18:46:00,2011-09-11 08:14:00,United Kingdom,8,12.05,2,2,2,6,22,Lost Customers,1,-0.6125647817773322,-0.24875977291262888
12925,67,7,196.86,7,71,2010-12-07 18:16:00,2011-10-03 08:03:00,United Kingdom,21,28.12,2,4,4,10,24,At-Risk Customers,2,0.4967334468690182,0.13167398774530858
12926,305,1,22.25,1,8,2011-02-07 15:55:00,2011-02-07 15:55:00,United Kingdom,3,22.25,1,1,2,4,11,Lost Customers,0,-2.43469604898986,1.4324222438269496
12927,20,6,154.52,6,77,2010-12-23 13:54:00,2011-11-19 09:57:00,Spain,16,25.75,4,4,3,11,44,Loyal Customers,2,0.5929505707829213,-0.40567608642098635
12928,21,4,43.05,4,28,2011-07-15 10:14:00,2011-11-18 08:24:00,United Kingdom,6,10.76,4,3,2,9,43,Occasional Buyers,1,-0.028584011458241382,-0.7716472717230766
12929,13,6,289.44,6,92,2011-02-14 13:03:00,2011-11-26 19:04:00,United Kingdom,25,48.24,4,4,4,12,44,VIP Customers,2,0.8221442722938268,-0.3455162463012414
12930,113,4,25.36,4,19,2011-02-19 14:50:00,2011-08-18 17:23:00,Germany,4,6.34,2,3,2,7,23,Occasional Buyers,1,-0.696910654611754,-0.012375401556278033
12931,154,1,2.6,1,2,2011-07-08 07:03:00,2011-07-08 07:03:00,United Kingdom,1,2.6,1,1,1,3,11,Lost Customers,3,-2.1625912265246168,-0.3591942831929187
12932,6,1,17.92,1,8,2011-12-03 18:25:00,2011-12-03 18:25:00,United Kingdom,1,17.92,5,1,2,8,51,New Customers,3,-0.8336711945585429,-1.4128137784043404
12933,70,4,115.64,4,44,2011-06-06 15:53:00,2011-09-30 07:56:00,United Kingdom,13,28.91,2,3,3,8,23,At-Risk Customers,1,-0.004664376339902772,-0.11605639414708385
12934,67,15,246.74,15,87,2011-01-28 10:30:00,2011-10-02 19:56:00,United Kingdom,22,16.45,2,5,4,11,25,At-Risk Customers,2,1.0426614263124603,0.4268202226487911
12935,199,1,5.08,1,1,2011-05-24 08:28:00,2011-05-24 08:28:00,United Kingdom,1,5.08,1,1,1,3,11,Lost Customers,0,-2.253377937352857,0.16831970328852708
12936,370,1,7.82,1,3,2010-12-04 16:51:00,2010-12-04 16:51:00,United Kingdom,2,7.82,1,1,1,3,11,Lost Customers,0,-3.0916057880288905,1.846715190479266
12937,2,1,18.63,1,3,2011-12-07 09:39:00,2011-12-07 09:39:00,United Kingdom,1,18.63,5,1,2,8,51,New Customers,3,-0.8001928685482904,-1.4429024126800707
12939,77,5,74.56,5,43,2011-01-31 09:00:00,2011-09-23 17:17:00,United Kingdom,12,14.91,2,3,3,8,23,At-Risk Customers,1,-0.05026333749894368,-0.07213436213034635
12940,10,8,302.88,8,87,2011-02-19 07:27:00,2011-11-29 12:13:00,United Kingdom,18,37.86,4,4,4,12,44,VIP Customers,2,1.0257260155450418,-0.27394234883263036
12941,20,9,259.08,9,89,2011-01-27 13:02:00,2011-11-19 11:42:00,United Kingdom,17,28.79,4,4,4,12,44,VIP Customers,2,0.9952507536769204,-0.17353809903875456
12942,314,2,15.95,2,11,2011-01-14 15:18:00,2011-01-29 18:42:00,United Kingdom,2,7.98,1,2,1,4,12,Lost Customers,0,-2.301739758101432,1.5993286479136448
12943,20,7,167.26,7,61,2011-01-04 10:10:00,2011-11-19 13:07:00,United Kingdom,14,23.89,4,4,3,11,44,Loyal Customers,2,0.7089105167448146,-0.341682905641848
12944,5,12,264.34,12,97,2010-12-20 18:00:00,2011-12-04 07:39:00,United Kingdom,24,22.03,5,5,4,14,55,VIP Customers,2,1.2655389485407644,-0.21558314864041783
12945,2,23,707.28,23,217,2010-12-13 13:01:00,2011-12-07 08:24:00,United Kingdom,36,30.75,5,5,5,15,55,VIP Customers,4,2.0035880029826973,0.17503930568023254
12946,9,24,2031.05,24,626,2010-12-20 12:51:00,2011-11-30 15:27:00,Spain,50,84.63,5,5,5,15,55,VIP Customers,4,2.3137614527454797,0.4676618354976017
12947,34,7,309.58,7,121,2011-01-18 15:09:00,2011-11-05 08:13:00,United Kingdom,27,44.23,3,4,4,11,34,High Potential,2,0.8176883104084867,-0.08696022679239167
12948,2,13,940.5,13,287,2010-12-19 17:12:00,2011-12-07 17:09:00,United Kingdom,36,72.35,5,5,5,15,55,VIP Customers,2,1.7190075062948926,0.038065933823796236
12949,246,1,37.45,1,8,2011-04-07 19:14:00,2011-04-07 19:14:00,United Kingdom,3,37.45,1,1,2,4,11,Lost Customers,0,-1.953173559610277,0.9804927793173858
12950,6,14,886.93,14,273,2010-12-07 12:12:00,2011-12-03 19:52:00,Sweden,41,63.35,5,5,5,15,55,VIP Customers,2,1.7264309290600137,0.08864645699068109
12951,141,4,157.51,4,62,2011-04-03 16:29:00,2011-07-21 11:31:00,United Kingdom,14,39.38,2,3,3,8,23,At-Risk Customers,1,-0.3063258477963682,0.611486861565166
12952,62,1,14.4,1,13,2011-10-07 19:57:00,2011-10-07 19:57:00,United Kingdom,4,14.4,2,1,1,4,21,Lost Customers,3,-1.207981112203437,-0.9291590008363326
12953,171,1,85.84,1,37,2011-06-21 16:18:00,2011-06-21 16:18:00,France,3,85.84,1,1,3,5,11,Occasional Buyers,0,-1.2876975492628115,0.44129825695231084
12954,29,5,37.74,5,16,2011-05-05 13:43:00,2011-11-10 17:32:00,United Kingdom,7,7.55,3,3,2,8,33,Occasional Buyers,1,0.013363716011358313,-0.656777708009359
12955,13,17,638.97,17,176,2010-12-12 10:15:00,2011-11-26 09:08:00,USA,33,37.59,4,5,4,13,45,VIP Customers,2,1.7133277631451769,0.1540565841516207
12956,15,12,605.22,12,234,2011-02-22 19:50:00,2011-11-24 09:39:00,United Kingdom,36,50.44,4,5,4,13,45,VIP Customers,2,1.4615398045042662,0.044590017170738475
12957,106,1,49.75,1,11,2011-08-25 07:05:00,2011-08-25 07:05:00,United Kingdom,2,49.75,2,1,2,5,21,Lost Customers,3,-1.089605641240677,-0.2763915178944439
12958,74,8,480.41,8,161,2011-01-29 14:27:00,2011-09-26 17:19:00,United Kingdom,27,60.05,2,4,4,10,24,At-Risk Customers,2,0.809725542254173,0.4188486402910788
12959,4,22,1344.31,22,487,2011-01-30 14:38:00,2011-12-05 18:35:00,United Kingdom,48,61.1,5,5,5,15,55,VIP Customers,4,2.1585376459368604,0.30765757035160973
12960,33,13,815.89,13,237,2011-03-07 09:59:00,2011-11-06 10:40:00,United Kingdom,43,62.76,3,5,5,13,35,High Potential,2,1.5032673395270313,0.300160960063255
12961,212,1,4.68,1,2,2011-05-11 08:44:00,2011-05-11 08:44:00,United Kingdom,1,4.68,1,1,1,3,11,Lost Customers,0,-2.3464438651943857,0.2765150562339497
12962,20,20,2758.02,20,689,2011-01-18 19:35:00,2011-11-19 10:47:00,United Kingdom,49,137.9,4,5,5,14,45,VIP Customers,4,2.2256005493516544,0.5695520007740767
12963,6,11,1238.58,11,378,2010-12-25 15:15:00,2011-12-03 15:35:00,United Kingdom,46,112.6,5,4,5,14,54,VIP Customers,2,1.6743405708264187,0.07540118871752423
12964,216,3,38.23,3,20,2011-01-15 08:20:00,2011-05-07 18:03:00,United Kingdom,5,12.74,1,3,2,6,13,Occasional Buyers,0,-1.3026668617180752,0.95309423210403
12965,19,3,112.37,3,42,2011-06-03 08:34:00,2011-11-20 18:53:00,United Kingdom,12,37.46,4,3,3,10,43,Loyal Customers,1,0.11675976601059349,-0.6804509132998366
12966,6,5,155.3,5,58,2011-03-12 17:38:00,2011-12-03 19:23:00,United Kingdom,13,31.06,5,3,3,11,53,Loyal Customers,2,0.5661954292355758,-0.591515479287801
12967,37,1,10.45,1,5,2011-11-02 18:20:00,2011-11-02 18:20:00,United Kingdom,1,10.45,3,1,1,5,31,Occasional Buyers,3,-1.1591361374249909,-1.2232751063259084
12968,276,1,16.02,1,9,2011-03-08 12:41:00,2011-03-08 12:41:00,France,2,16.02,1,1,1,3,11,Lost Customers,0,-2.3683254758014507,1.0976686399421944
12969,140,4,141.93,4,36,2011-02-13 11:37:00,2011-07-22 13:45:00,United Kingdom,13,35.48,2,3,3,8,23,At-Risk Customers,1,-0.33227307079262447,0.581272451442638
12970,3,6,163.13,6,69,2011-03-05 18:57:00,2011-12-06 11:06:00,United Kingdom,19,27.19,5,4,3,12,54,Loyal Customers,2,0.7039591226092906,-0.5542331763849796
12971,28,6,276.34,6,114,2011-01-18 10:24:00,2011-11-11 10:09:00,Belgium,22,46.06,3,4,4,11,34,High Potential,2,0.7246195996340751,-0.21415605501120388
12972,38,4,173.24,4,52,2011-05-01 18:51:00,2011-11-01 12:50:00,United Kingdom,19,43.31,3,3,3,9,33,High Potential,1,0.2956373827836877,-0.33529102434687846
12973,110,1,25.8,1,16,2011-08-21 13:47:00,2011-08-21 13:47:00,United Kingdom,3,25.8,2,1,2,5,21,Lost Customers,3,-1.3063353683947294,-0.36747928547300035
12974,116,2,35.45,2,13,2011-01-26 18:47:00,2011-08-15 16:50:00,France,3,17.72,2,2,2,6,22,Lost Customers,3,-0.9667619924826284,-0.10311556751776313
12975,4,12,741.59,12,209,2011-03-18 09:31:00,2011-12-05 09:16:00,United Kingdom,35,61.8,5,5,5,15,55,VIP Customers,2,1.5845473884581864,-0.017692967091429323
12976,187,1,2.82,1,2,2011-06-05 12:55:00,2011-06-05 12:55:00,Germany,1,2.82,1,1,1,3,11,Lost Customers,0,-2.328154389628055,-0.03780610868914259
12977,137,1,68.71,1,12,2011-07-25 16:15:00,2011-07-25 16:15:00,United Kingdom,3,68.71,2,1,3,6,21,Occasional Buyers,3,-1.1654252008390218,0.07822708860819816
12978,216,1,14.21,1,7,2011-05-07 12:57:00,2011-05-07 12:57:00,United Kingdom,1,14.21,1,1,1,3,11,Lost Customers,0,-2.0686988222844964,0.51240254270573
12979,41,5,89.74,5,29,2011-05-08 19:12:00,2011-10-29 08:43:00,United Kingdom,5,17.95,3,3,3,9,33,High Potential,1,0.20581772628764872,-0.3728367035225648
12980,3,7,125.85,7,62,2011-01-05 14:08:00,2011-12-06 07:54:00,United Kingdom,12,17.98,5,4,3,12,54,Loyal Customers,2,0.7174645151719043,-0.5579888589543417
12981,16,23,5189.52,23,1288,2011-02-20 11:31:00,2011-11-23 09:43:00,Germany,50,225.63,4,5,5,14,45,VIP Customers,4,2.5323141267535783,0.707456055568062
12982,6,7,789.51,7,293,2011-05-18 09:28:00,2011-12-03 09:38:00,United Kingdom,44,112.79,5,4,5,14,54,VIP Customers,2,1.2580365307783674,-0.16136161928623094
12983,22,8,174.89,8,57,2010-12-29 13:19:00,2011-11-17 16:24:00,Germany,18,21.86,4,4,3,11,44,Loyal Customers,2,0.7924201281667549,-0.27153835923144687
12984,302,1,7.8,1,3,2011-02-10 08:18:00,2011-02-10 08:18:00,United Kingdom,2,7.8,1,1,1,3,11,Lost Customers,0,-2.7139096019228033,1.208620302646422
12985,137,1,18.03,1,8,2011-07-25 17:45:00,2011-07-25 17:45:00,United Kingdom,4,18.03,2,1,2,5,21,Lost Customers,3,-1.5608581572688536,-0.1832560025752011
12986,2,40,8729.1,40,2214,2011-01-21 14:59:00,2011-12-07 11:00:00,United Kingdom,50,218.23,5,5,5,15,55,VIP Customers,4,3.1374532236688295,0.8739392036990972
12987,222,1,10.13,1,6,2011-05-01 15:39:00,2011-05-01 15:39:00,Australia,4,10.13,1,1,1,3,11,Lost Customers,0,-2.1972062524240363,0.5057656669442233
12988,15,13,763.4,13,200,2011-01-31 13:43:00,2011-11-24 18:25:00,United Kingdom,39,58.72,4,5,5,14,45,VIP Customers,2,1.5832012109886875,0.11799888925971529
12989,15,17,533.43,17,202,2011-01-26 09:27:00,2011-11-24 18:12:00,United Kingdom,37,31.38,4,5,4,13,45,VIP Customers,2,1.6473087410681984,0.13651421453598336
12990,21,11,445.5,11,162,2011-04-21 16:56:00,2011-11-18 11:33:00,United Kingdom,32,40.5,4,4,4,12,44,VIP Customers,2,1.2798786366049508,0.01040932644657141
12991,24,3,16.98,3,4,2011-04-28 13:13:00,2011-11-15 16:05:00,United Kingdom,3,5.66,4,3,1,8,43,Occasional Buyers,1,-0.47189915648244457,-1.0044231199630371
12992,183,3,186.39,3,71,2011-04-21 16:38:00,2011-06-08 19:58:00,Germany,17,62.13,1,3,4,8,13,At-Risk Customers,1,-0.6427643958277482,0.9585917328692016
12993,9,7,295.18,7,138,2011-07-02 19:34:00,2011-11-30 17:29:00,France,34,42.17,5,4,4,13,54,VIP Customers,2,0.9423421490118619,-0.33094713659981345
12994,340,1,23.04,1,8,2011-01-03 17:35:00,2011-01-03 17:35:00,United Kingdom,1,23.04,1,1,2,4,11,Lost Customers,0,-2.619277443488933,1.7673476839240034
12995,23,19,1887.56,19,665,2011-01-08 08:30:00,2011-11-16 18:01:00,Norway,50,99.35,4,5,5,14,45,VIP Customers,4,2.059848282216544,0.5037522006873308
12996,6,23,1429.62,23,454,2010-12-21 10:48:00,2011-12-03 15:16:00,United Kingdom,48,62.16,5,5,5,15,55,VIP Customers,4,2.1954506338474693,0.35413638504332134
12997,36,1,18.67,1,11,2011-11-03 18:30:00,2011-11-03 18:30:00,Germany,3,18.67,3,1,2,6,31,Occasional Buyers,3,-0.9887666801138361,-1.1236735980153607
12998,3,8,137.2,8,66,2011-04-08 09:04:00,2011-12-06 12:05:00,United Kingdom,17,17.15,5,4,3,12,54,Loyal Customers,2,0.8246966504970668,-0.4982708284470028
12999,8,3,66.28,3,26,2011-03-13 16:23:00,2011-12-01 18:48:00,United Kingdom,10,22.09,5,3,3,11,53,Loyal Customers,1,0.019046199721321943,-0.8886874598958684
13000,96,1,6.42,1,3,2011-09-04 19:06:00,2011-09-04 19:06:00,United Kingdom,1,6.42,2,1,1,4,21,Lost Customers,3,-1.6195692409506297,-0.7574001228236018
13001,123,4,186.49,4,55,2011-03-01 07:26:00,2011-08-08 17:40:00,United Kingdom,18,46.62,2,3,4,9,23,At-Risk Customers,1,-0.1550245446847376,0.4765170551751427
13002,18,5,46.99,5,17,2011-07-27 17:02:00,2011-11-21 19:37:00,United Kingdom,6,9.4,4,3,2,9,43,Occasional Buyers,1,0.13978824664175227,-0.7168012099374294
13003,2,34,3517.26,34,1282,2011-01-10 19:48:00,2011-12-07 07:30:00,United Kingdom,50,103.45,5,5,5,15,55,VIP Customers,4,2.751667845473509,0.6338678115349102
13004,6,37,3127.77,37,790,2011-01-18 12:37:00,2011-12-03 11:28:00,United Kingdom,49,84.53,5,5,5,15,55,VIP Customers,4,2.750322778488075,0.6773917327884432
13005,4,3,26.28,3,12,2011-02-12 11:15:00,2011-12-05 08:52:00,United Kingdom,5,8.76,5,3,2,10,53,Occasional Buyers,1,-0.23363486502757014,-1.1080011975682016
13006,120,1,2.44,1,1,2011-08-11 17:53:00,2011-08-11 17:53:00,Norway,1,2.44,2,1,1,4,21,Lost Customers,3,-1.9872439494359395,-0.6871692457555699
13007,40,2,43.68,2,24,2011-05-12 18:39:00,2011-10-29 19:55:00,Germany,6,21.84,3,2,2,7,32,Occasional Buyers,1,-0.481852228708894,-0.7747675214414692
13008,164,1,20.45,1,5,2011-06-28 14:46:00,2011-06-28 14:46:00,Spain,2,20.45,1,1,2,4,11,Lost Customers,3,-1.6746407053188654,0.09403284965916701
13009,19,22,3233.97,22,932,2010-12-12 10:15:00,2011-11-20 16:21:00,United Kingdom,50,147.0,4,5,5,14,45,VIP Customers,4,2.3422990374877917,0.6250203402852738
13010,17,7,397.44,7,111,2011-03-15 12:50:00,2011-11-22 10:59:00,Finland,28,56.78,4,4,4,12,44,VIP Customers,2,0.9881585737700221,-0.19619780156056474
13011,33,28,925.52,28,325,2010-12-15 07:58:00,2011-11-06 17:11:00,Italy,41,33.05,3,5,5,13,35,High Potential,4,2.043248244911779,0.5880407751704582
13012,4,17,2296.42,17,664,2011-03-23 08:56:00,2011-12-05 10:12:00,United Kingdom,50,135.08,5,5,5,15,55,VIP Customers,4,2.152687156790293,0.3270768908171633
13013,9,8,1061.66,8,314,2011-01-08 11:37:00,2011-11-30 15:07:00,United Kingdom,41,132.71,5,4,5,14,54,VIP Customers,2,1.4125824079880738,-0.031187185575904254
13014,34,3,27.2,3,10,2010-12-02 11:27:00,2011-11-05 18:04:00,United Kingdom,3,9.07,3,3,2,8,33,Occasional Buyers,1,-0.39046851483810574,-0.820010391694054
13015,13,5,83.04,5,32,2011-04-05 10:48:00,2011-11-26 13:09:00,Netherlands,9,16.61,4,3,3,10,43,Loyal Customers,1,0.33826213820920015,-0.6508418632570261
13016,5,12,537.89,12,179,2011-01-17 08:41:00,2011-12-04 10:31:00,United Kingdom,37,44.82,5,5,4,14,55,VIP Customers,2,1.4813274281430289,-0.07289135279821056
13017,18,10,184.15,10,78,2010-12-03 18:20:00,2011-11-21 09:46:00,United Kingdom,14,18.42,4,4,3,11,44,Loyal Customers,2,0.9685311782219409,-0.22637484104468103
13018,49,8,174.14,8,58,2011-04-01 09:04:00,2011-10-21 11:17:00,United Kingdom,19,21.77,3,4,3,10,34,High Potential,2,0.6408765129825112,-0.019219303773222847
13019,7,5,244.12,5,84,2011-05-09 17:17:00,2011-12-02 07:00:00,United Kingdom,28,48.82,5,3,4,12,53,Loyal Customers,2,0.6976789764032917,-0.4915143611335582
13020,6,9,281.0,9,88,2011-03-13 09:56:00,2011-12-03 11:41:00,United Kingdom,24,31.22,5,4,4,13,54,VIP Customers,2,1.0977993092544214,-0.28851960014980504
13021,38,4,157.72,4,65,2010-12-09 08:34:00,2011-11-01 15:14:00,United Kingdom,18,39.43,3,3,3,9,33,High Potential,1,0.2672233277967405,-0.35408003727620524
13022,11,4,158.51,4,44,2011-06-10 19:42:00,2011-11-28 08:38:00,Denmark,7,39.63,4,3,3,10,43,Loyal Customers,1,0.41897765354455396,-0.6062597587497136
13023,22,9,1140.94,9,318,2011-04-02 18:19:00,2011-11-17 14:40:00,Italy,43,126.77,4,4,5,13,44,VIP Customers,2,1.4347330461737469,0.14318617296652544
13024,53,3,14.91,3,9,2011-03-02 14:51:00,2011-10-17 13:42:00,Denmark,3,4.97,3,3,1,7,33,Occasional Buyers,3,-0.6705231035575218,-0.7571230792196639
13025,2,8,587.85,8,142,2011-04-10 17:39:00,2011-12-07 16:40:00,United Kingdom,31,73.48,5,4,4,13,54,VIP Customers,2,1.2717277648768537,-0.21572466636917506
13026,57,2,105.15,2,29,2011-05-27 16:21:00,2011-10-13 08:54:00,United Kingdom,9,52.58,3,2,3,8,32,High Potential,1,-0.3128954399430085,-0.4410811915091678
13027,192,2,10.79,2,5,2011-03-06 08:12:00,2011-05-31 07:23:00,Italy,2,5.4,1,2,1,4,12,Lost Customers,0,-1.7334321045457468,0.3822201837585983
13028,23,11,375.32,11,165,2010-12-10 11:14:00,2011-11-16 10:37:00,United Kingdom,30,34.12,4,4,4,12,44,VIP Customers,2,1.2166680609444325,-0.005275936323371723
13029,96,6,149.62,6,65,2010-12-13 16:30:00,2011-09-04 12:18:00,United Kingdom,20,24.94,2,4,3,9,24,At-Risk Customers,1,0.16029616285633438,0.3005301244396356
13030,9,4,177.1,4,80,2011-05-15 17:57:00,2011-11-30 17:43:00,United Kingdom,23,44.28,5,3,3,11,53,Loyal Customers,1,0.46368218834662533,-0.6028117581769381
13031,285,1,17.06,1,11,2011-02-27 19:20:00,2011-02-27 19:20:00,United Kingdom,3,17.06,1,1,1,3,11,Lost Customers,0,-2.400341945256141,1.1940069824662725
13032,314,1,105.73,1,44,2011-01-29 16:39:00,2011-01-29 16:39:00,United Kingdom,2,105.73,1,1,3,5,11,Occasional Buyers,0,-2.020611222136776,1.8237485079259896
13033,26,4,33.34,4,18,2011-05-01 14:41:00,2011-11-13 09:26:00,United Kingdom,6,8.34,4,3,2,9,43,Occasional Buyers,1,-0.1322492573550434,-0.7749136704896378
13034,1,53,7419.55,53,2384,2010-12-14 09:51:00,2011-12-08 16:00:00,Spain,50,139.99,5,5,5,15,55,VIP Customers,4,3.2832272648297844,0.931111128315295
13035,17,1,5.73,1,3,2011-11-22 14:14:00,2011-11-22 14:14:00,Finland,1,5.73,4,1,1,6,41,New Customers,3,-1.2096992076546422,-1.5178425036718435
13036,1,7,241.13,7,77,2011-06-28 07:28:00,2011-12-08 09:16:00,United Kingdom,21,34.45,5,4,4,13,54,VIP Customers,2,0.9254895068115673,-0.44654394711512696
13037,136,1,7.42,1,4,2011-07-26 12:50:00,2011-07-26 12:50:00,Netherlands,2,7.42,2,1,1,4,21,Lost Customers,3,-1.8036430234243483,-0.3568559760309199
13038,367,1,38.8,1,12,2010-12-07 11:04:00,2010-12-07 11:04:00,United Kingdom,2,38.8,1,1,2,4,11,Lost Customers,0,-2.615970714004747,2.122062723673184
13039,12,2,49.19,2,14,2011-06-06 10:13:00,2011-11-27 16:53:00,United Kingdom,4,24.6,4,2,2,8,42,New Customers,1,-0.2906270414477006,-1.0139034402893432
13040,24,16,2025.05,16,725,2011-01-27 10:21:00,2011-11-15 18:16:00,Netherlands,50,126.57,4,5,5,14,45,VIP Customers,4,1.9637405873674665,0.46869706066113076
13041,3,40,4591.55,40,1244,2010-12-20 14:22:00,2011-12-06 19:38:00,United Kingdom,50,114.79,5,5,5,15,55,VIP Customers,4,2.9362500517459695,0.7539486638770452
13042,24,12,356.47,12,147,2011-01-12 09:39:00,2011-11-15 19:47:00,United Kingdom,29,29.71,4,5,4,13,45,VIP Customers,2,1.250587203396716,0.022605463061662542
13043,50,7,191.68,7,63,2011-05-22 11:48:00,2011-10-20 13:48:00,United Kingdom,17,27.38,3,4,4,11,34,High Potential,2,0.5832504031020063,-0.033078358632289535
13044,59,1,49.84,1,16,2011-10-11 18:58:00,2011-10-11 18:58:00,United Kingdom,3,49.84,3,1,2,6,31,Occasional Buyers,3,-0.8275333821691893,-0.7167548327395827
13045,90,2,45.85,2,19,2011-07-28 10:39:00,2011-09-10 16:44:00,United Kingdom,7,22.92,2,2,2,6,22,Lost Customers,1,-0.7456341144025332,-0.29636488378312104
13046,133,1,33.48,1,18,2011-07-29 19:15:00,2011-07-29 19:15:00,United Kingdom,3,33.48,2,1,2,5,21,Lost Customers,3,-1.3575743215812566,-0.1010594343951678
13047,146,3,121.99,3,28,2011-04-20 12:37:00,2011-07-16 14:23:00,France,12,40.66,2,3,3,8,23,At-Risk Customers,1,-0.5651285615708357,0.5268344987915362
13048,35,2,18.52,2,8,2011-08-10 17:30:00,2011-11-04 08:56:00,Switzerland,3,9.26,3,2,2,7,32,Occasional Buyers,3,-0.7062408222109422,-0.9884292532360622
13049,22,5,233.39,5,71,2010-12-31 09:27:00,2011-11-17 11:22:00,Germany,20,46.68,4,3,4,11,43,Loyal Customers,2,0.6005780634030499,-0.35987395550153
13050,1,19,807.85,19,222,2010-12-15 16:09:00,2011-12-08 13:08:00,United Kingdom,39,42.52,5,5,5,15,55,VIP Customers,4,1.9240047519134271,0.126679223882849
13051,28,9,423.44,9,156,2011-01-29 08:53:00,2011-11-11 18:16:00,United Kingdom,30,47.05,3,4,4,11,34,High Potential,2,1.0999078338659294,0.00012007305906066391
13052,57,2,94.69,2,23,2011-05-11 10:12:00,2011-10-13 07:07:00,United Kingdom,4,47.34,3,2,3,8,32,High Potential,1,-0.3444914630822038,-0.4619743054117897
13053,132,8,260.75,8,106,2010-12-10 10:11:00,2011-07-30 08:38:00,Norway,27,32.59,2,4,4,10,24,At-Risk Customers,2,0.3013990099619899,0.8399971159024455
13054,33,20,3538.71,20,1155,2011-01-07 16:14:00,2011-11-06 15:11:00,United Kingdom,50,176.94,3,5,5,13,35,High Potential,4,2.2291515056142654,0.7416360132388067
13055,49,1,2.92,1,2,2011-10-21 18:58:00,2011-10-21 18:58:00,United Kingdom,1,2.92,3,1,1,5,31,Occasional Buyers,3,-1.55237963361837,-1.3266310936549044
13056,2,3,115.74,3,33,2011-04-15 09:25:00,2011-12-07 14:27:00,United Kingdom,11,38.58,5,3,3,11,53,Loyal Customers,1,0.2202782977252904,-0.8339608368098965
13057,32,13,927.97,13,336,2011-02-13 12:35:00,2011-11-07 08:15:00,United Kingdom,45,71.38,3,5,5,13,35,High Potential,2,1.5479911825786978,0.316678337230986
13058,55,3,62.84,3,11,2011-03-27 10:14:00,2011-10-15 17:10:00,United Kingdom,3,20.95,3,3,3,9,33,High Potential,1,-0.25847123742718875,-0.4585373881347682
13059,9,3,74.46,3,33,2011-10-16 17:27:00,2011-11-30 19:20:00,United Kingdom,11,24.82,5,3,3,11,53,Loyal Customers,1,0.048428076262096414,-0.8562018586362302
13060,132,3,20.62,3,14,2011-03-09 18:53:00,2011-07-30 18:12:00,United Kingdom,5,6.87,2,3,2,7,23,Occasional Buyers,3,-1.0167173464495833,0.04542540896644534
13061,33,8,202.47,8,67,2011-02-14 13:25:00,2011-11-06 16:44:00,United Kingdom,20,25.31,3,4,4,11,34,High Potential,2,0.775574130672848,-0.13905520742855462
13062,12,1,10.85,1,5,2011-11-27 15:10:00,2011-11-27 15:10:00,United Kingdom,1,10.85,4,1,1,6,41,New Customers,3,-1.009564640816959,-1.4507850226653753
13063,162,1,47.53,1,13,2011-06-30 17:04:00,2011-06-30 17:04:00,United Kingdom,2,47.53,1,1,2,4,11,Lost Customers,3,-1.4148422660030646,0.2397133529417592
13064,10,3,20.15,3,7,2010-12-02 15:52:00,2011-11-29 07:58:00,United Kingdom,3,6.72,4,3,2,9,43,Occasional Buyers,1,-0.34453960237315273,-1.1029981570048975
13065,26,4,53.07,4,23,2011-04-18 18:12:00,2011-11-13 17:58:00,United Kingdom,8,13.27,4,3,2,9,43,Occasional Buyers,1,0.006016488484736279,-0.6834843800395403
13066,7,14,1102.42,14,421,2011-01-21 15:10:00,2011-12-02 17:46:00,United Kingdom,46,78.74,5,5,5,15,55,VIP Customers,4,1.7870426514489464,0.14178303459605623
13067,296,1,11.98,1,10,2011-02-16 14:12:00,2011-02-16 14:12:00,Sweden,4,11.98,1,1,1,3,11,Lost Customers,0,-2.5621484554179115,1.2306338776380883
13068,7,12,236.41,12,69,2011-03-11 13:53:00,2011-12-02 18:43:00,United Kingdom,21,19.7,5,5,4,14,55,VIP Customers,2,1.220534458657537,-0.21922949682322812
13069,98,3,25.71,3,14,2011-05-10 08:45:00,2011-09-02 15:07:00,United Kingdom,10,8.57,2,3,2,7,23,Occasional Buyers,1,-0.7631313525326604,-0.2308135988817112
13070,1,26,7271.22,26,1686,2010-12-17 11:47:00,2011-12-08 13:43:00,Germany,50,279.66,5,5,5,15,55,VIP Customers,4,2.7996232288674436,0.6771770815493725
13071,268,1,38.0,1,13,2011-03-16 13:34:00,2011-03-16 13:34:00,United Kingdom,4,38.0,1,1,2,4,11,Lost Customers,0,-2.0712672711471023,1.1896477971272763
13072,5,2,10.37,2,3,2011-01-23 12:31:00,2011-12-04 08:44:00,United Kingdom,2,5.18,5,2,1,8,52,New Customers,3,-0.7039140156770475,-1.3785889004574892
13073,12,11,559.92,11,156,2011-02-17 18:14:00,2011-11-27 07:38:00,United Kingdom,29,50.9,4,4,4,12,44,VIP Customers,2,1.3994438705858754,-0.028036720543283912
13074,114,1,2.32,1,1,2011-08-17 15:43:00,2011-08-17 15:43:00,United Kingdom,1,2.32,2,1,1,4,21,Lost Customers,3,-1.9646711199328168,-0.7505824414088986
13075,6,13,511.11,13,180,2010-12-09 15:42:00,2011-12-03 14:35:00,United Kingdom,37,39.32,5,5,4,14,55,VIP Customers,2,1.511285418045439,-0.04706546308119897
13076,45,8,255.79,8,85,2011-02-13 08:36:00,2011-10-25 08:05:00,United Kingdom,21,31.97,3,4,4,11,34,High Potential,2,0.7796857498085753,0.02034293881762567
13077,66,2,33.42,2,15,2011-01-12 18:22:00,2011-10-04 12:32:00,Denmark,4,16.71,2,2,2,6,22,Lost Customers,1,-0.7059888533000952,-0.5835077620036817
13078,13,20,662.0,20,208,2010-12-06 19:40:00,2011-11-26 08:09:00,United Kingdom,35,33.1,4,5,5,14,45,VIP Customers,4,1.8302776870680708,0.21674544813137475
13079,95,1,14.32,1,7,2011-09-05 14:46:00,2011-09-05 14:46:00,United Kingdom,2,14.32,2,1,1,4,21,Lost Customers,3,-1.3931967040435558,-0.6207661463527288
13080,142,7,142.73,7,66,2010-12-16 15:00:00,2011-07-20 14:20:00,United Kingdom,11,20.39,2,4,3,9,24,At-Risk Customers,1,-0.01795381786019065,0.7705787307149363
13081,8,37,3818.83,37,1058,2010-12-08 07:52:00,2011-12-01 12:28:00,United Kingdom,50,103.21,5,5,5,15,55,VIP Customers,4,2.7999757628130744,0.7363383692244356
13082,39,5,83.74,5,41,2011-07-04 12:32:00,2011-10-31 19:12:00,United Kingdom,13,16.75,3,3,3,9,33,High Potential,1,0.1961109011788891,-0.4053686341963678
13083,78,2,34.4,2,15,2011-05-21 17:29:00,2011-09-22 08:15:00,United Kingdom,4,17.2,2,2,2,6,22,Lost Customers,3,-0.7642125980795577,-0.46532935574515283
13084,275,1,12.3,1,3,2011-03-09 08:45:00,2011-03-09 08:45:00,United Kingdom,1,12.3,1,1,1,3,11,Lost Customers,0,-2.437875834824855,1.0386213199463792
13085,4,13,957.66,13,310,2011-02-19 09:50:00,2011-12-05 11:10:00,Sweden,45,73.67,5,5,5,15,55,VIP Customers,2,1.7133796617954737,0.060457695990591594
13086,10,13,1338.29,13,426,2011-01-26 13:15:00,2011-11-29 10:50:00,United Kingdom,48,102.95,4,5,5,14,45,VIP Customers,4,1.7818284447733541,0.18405963466350617
13087,7,7,961.16,7,314,2011-03-03 18:58:00,2011-12-02 12:27:00,United Kingdom,42,137.31,5,4,5,14,54,VIP Customers,2,1.3123209812030885,-0.11240899904975488
13088,68,3,64.78,3,28,2011-03-30 08:30:00,2011-10-02 13:29:00,United Kingdom,4,21.59,2,3,3,8,23,At-Risk Customers,1,-0.32169243756877897,-0.3306069788982259
13089,2,21,1454.56,21,540,2011-01-13 11:44:00,2011-12-07 14:19:00,United Kingdom,50,69.26,5,5,5,15,55,VIP Customers,4,2.16303731195826,0.2887429569937595
13090,17,4,129.77,4,85,2011-06-27 10:01:00,2011-11-22 12:25:00,United Kingdom,15,32.44,4,3,3,10,43,Loyal Customers,1,0.32508241185133996,-0.5900090580449588
13091,56,1,8.98,1,4,2011-10-14 10:09:00,2011-10-14 10:09:00,United Kingdom,3,8.98,3,1,1,5,31,Occasional Buyers,3,-1.3067121827162602,-1.0727853356148012
13092,4,6,334.74,6,153,2010-12-19 07:48:00,2011-12-05 10:13:00,United Kingdom,30,55.79,5,4,4,13,54,VIP Customers,2,0.9163695363175198,-0.4007185437936697
13093,77,1,20.58,1,5,2011-09-23 15:06:00,2011-09-23 15:06:00,United Kingdom,2,20.58,2,1,2,5,21,Lost Customers,3,-1.1886868336908796,-0.7205513774224673
13094,3,30,4114.12,30,1250,2011-01-30 07:12:00,2011-12-06 13:29:00,United Kingdom,50,137.14,5,5,5,15,55,VIP Customers,4,2.7102341638210175,0.6310560376790003
13095,37,6,193.51,6,86,2010-12-22 13:22:00,2011-11-02 16:18:00,France,22,32.25,3,4,4,11,34,High Potential,2,0.5664890441607285,-0.20121162419255784
13096,95,3,335.25,3,69,2011-01-03 09:30:00,2011-09-05 07:12:00,United Kingdom,18,111.75,2,3,4,9,23,At-Risk Customers,1,0.024985134674007856,0.2511646779761392
13097,128,4,32.95,4,11,2011-05-13 11:41:00,2011-08-03 10:03:00,United Kingdom,4,8.24,2,3,2,7,23,Occasional Buyers,1,-0.703309481021146,0.17924245813696296
13098,8,7,398.26,7,178,2010-12-03 10:21:00,2011-12-01 10:06:00,Germany,34,56.89,5,4,4,13,54,VIP Customers,2,1.0388654578564418,-0.2801769633083908
13099,70,5,291.29,5,88,2010-12-09 10:14:00,2011-09-30 09:41:00,United Kingdom,24,58.26,2,3,4,9,23,At-Risk Customers,2,0.4007180719125584,0.13468430979726198
13100,17,10,301.36,10,113,2011-02-13 07:34:00,2011-11-22 15:01:00,Netherlands,28,30.14,4,4,4,12,44,VIP Customers,2,1.1234732397769769,-0.13697481712137444
13101,1,42,11634.06,42,3068,2010-12-25 16:11:00,2011-12-07 19:59:00,United Kingdom,50,277.0,5,5,5,15,55,VIP Customers,4,3.2633118222577666,0.9395826330438062
13102,8,1,22.05,1,9,2011-12-01 09:39:00,2011-12-01 09:39:00,United Kingdom,3,22.05,5,1,2,8,51,New Customers,3,-0.7846638270627648,-1.3542940610743048
13103,1,14,442.79,14,132,2010-12-24 17:50:00,2011-12-08 10:57:00,United Kingdom,27,31.63,5,5,4,14,55,VIP Customers,2,1.543020846500059,-0.09791791850368474
13104,18,10,376.9,10,147,2011-03-10 15:35:00,2011-11-21 18:16:00,United Kingdom,28,37.69,4,4,4,12,44,VIP Customers,2,1.1858315053899477,-0.08268332434344948
13105,89,3,67.04,3,42,2011-07-01 10:27:00,2011-09-11 12:07:00,United Kingdom,14,22.35,2,3,3,8,23,At-Risk Customers,1,-0.4282590435038201,-0.12688618250249803
13106,157,1,1.51,1,1,2011-07-05 12:53:00,2011-07-05 12:53:00,Portugal,1,1.51,1,1,1,3,11,Lost Customers,3,-2.289128709576649,-0.40369834285287615
13107,65,11,488.99,11,176,2010-12-14 10:52:00,2011-10-05 08:25:00,United Kingdom,38,44.45,2,4,4,10,24,At-Risk Customers,2,1.0633481376761067,0.44171765470980723
13108,1,6,394.39,6,150,2011-05-20 11:09:00,2011-12-08 14:08:00,United Kingdom,22,65.73,5,4,4,13,54,VIP Customers,2,0.9828713208309566,-0.39591355266092587
13109,7,12,627.16,12,236,2011-03-12 14:04:00,2011-12-02 13:20:00,United Kingdom,40,52.26,5,5,4,14,55,VIP Customers,2,1.5168840927823428,-0.023266016435436986
13110,120,1,141.29,1,51,2011-08-11 13:38:00,2011-08-11 13:38:00,United Kingdom,4,141.29,2,1,3,6,21,Occasional Buyers,1,-0.8535096529614391,0.06252129875369467
13111,50,2,85.75,2,32,2011-06-25 13:31:00,2011-10-20 16:39:00,United Kingdom,6,42.88,3,2,3,8,32,High Potential,1,-0.33541316412545447,-0.5473674722962856
13112,64,2,67.28,2,25,2011-02-26 12:07:00,2011-10-06 18:09:00,United Kingdom,9,33.64,2,2,3,7,22,Occasional Buyers,1,-0.486234942671598,-0.4643070120544377
13113,7,1,36.65,1,9,2011-12-01 19:53:00,2011-12-01 19:53:00,United Kingdom,2,36.65,5,1,2,8,51,New Customers,3,-0.6296562425900829,-1.2648507096165307
13114,5,4,265.42,4,91,2011-06-09 17:03:00,2011-12-04 14:16:00,United Kingdom,20,66.35,5,3,4,12,53,Loyal Customers,2,0.6085998564649011,-0.5592102682987877
13115,8,9,972.69,9,272,2011-07-09 15:09:00,2011-12-01 16:07:00,United Kingdom,41,108.08,5,4,5,14,54,VIP Customers,2,1.4640905187027557,-0.020193496105460906
13116,211,1,2.74,1,2,2011-05-12 16:51:00,2011-05-12 16:51:00,United Kingdom,1,2.74,1,1,1,3,11,Lost Customers,0,-2.468149147636595,0.18297989101878273
13117,5,22,1363.14,22,428,2010-12-19 08:46:00,2011-12-04 19:19:00,United Kingdom,49,61.96,5,5,5,15,55,VIP Customers,4,2.157206576894891,0.3198339995512593
13118,27,2,12.53,2,7,2011-01-02 13:08:00,2011-11-12 14:52:00,Switzerland,3,6.26,3,2,1,6,32,Occasional Buyers,3,-0.7733591330282257,-1.137264624667082
13119,149,1,22.44,1,17,2011-07-13 18:55:00,2011-07-13 18:55:00,United Kingdom,1,22.44,1,1,2,4,11,Lost Customers,3,-1.5641515069668799,-0.028754449061827593
13120,161,4,29.7,4,9,2010-12-03 16:22:00,2011-07-01 17:00:00,United Kingdom,4,7.42,1,3,2,6,13,Occasional Buyers,1,-0.9175865969381933,0.4684181557635743
13121,349,1,9.58,1,6,2010-12-25 14:52:00,2010-12-25 14:52:00,United Kingdom,3,9.58,1,1,1,3,11,Lost Customers,0,-2.9193360362198986,1.6864411058566455
13122,146,1,1.9,1,2,2011-07-16 15:48:00,2011-07-16 15:48:00,United Kingdom,1,1.9,2,1,1,4,21,Lost Customers,3,-2.1839303546848767,-0.47775781713956833
13123,42,5,135.1,5,54,2011-02-03 10:55:00,2011-10-28 13:17:00,United Kingdom,15,27.02,3,3,3,9,33,High Potential,1,0.32372379270498114,-0.2818137991953816
13124,57,7,433.86,7,171,2011-04-17 15:40:00,2011-10-13 11:48:00,United Kingdom,27,61.98,3,4,4,11,34,High Potential,2,0.7922176177353308,0.19649908522033405
13125,139,1,52.32,1,12,2011-07-23 11:05:00,2011-07-23 11:05:00,United Kingdom,1,52.32,2,1,2,5,21,Lost Customers,3,-1.2581891448366447,0.042999433172157715
13126,16,6,102.24,6,50,2011-06-12 19:53:00,2011-11-23 12:46:00,United Kingdom,13,17.04,4,4,3,11,44,Loyal Customers,1,0.4904203999311526,-0.5257013878571323
13127,65,3,134.63,3,47,2011-03-22 15:51:00,2011-10-05 11:07:00,United Kingdom,16,44.88,2,3,3,8,23,At-Risk Customers,1,-0.08460670198256479,-0.2130020349352922
13128,20,6,153.1,6,49,2010-12-02 14:30:00,2011-11-19 09:21:00,United Kingdom,10,25.52,4,4,3,11,44,Loyal Customers,2,0.5901568620919465,-0.4075234478320773
13129,36,3,81.98,3,39,2011-02-01 18:03:00,2011-11-03 09:45:00,France,6,27.33,3,3,3,9,33,High Potential,1,-0.0728807484773672,-0.5838898148895194
13130,1,69,14831.64,69,3547,2010-12-05 12:23:00,2011-12-08 08:51:00,United Kingdom,50,214.95,5,5,5,15,55,VIP Customers,4,3.672922956785183,1.164145397250713
13131,168,2,40.58,2,23,2011-01-13 15:07:00,2011-06-24 11:29:00,United Kingdom,7,20.29,1,2,2,5,12,Lost Customers,3,-1.2160119578378603,0.41100963223594106
13132,91,8,457.18,8,190,2011-03-07 19:00:00,2011-09-09 17:37:00,United Kingdom,30,57.15,2,4,4,10,24,At-Risk Customers,2,0.7000654115562033,0.568297384122403
13133,107,3,21.53,3,13,2010-12-10 10:47:00,2011-08-24 10:41:00,United Kingdom,4,7.18,2,3,2,7,23,Occasional Buyers,3,-0.8650471096553551,-0.18069669924384535
13134,272,1,23.66,1,10,2011-03-12 08:59:00,2011-03-12 08:59:00,United Kingdom,3,23.66,1,1,2,4,11,Lost Customers,0,-2.2331344226932237,1.1348383306538286
13135,45,15,651.68,15,201,2011-02-01 07:39:00,2011-10-25 10:17:00,United Kingdom,37,43.45,3,5,5,13,35,High Potential,2,1.4601211828004534,0.41562331014181597
13136,24,4,38.05,4,16,2011-05-19 07:18:00,2011-11-15 13:30:00,France,5,9.51,4,3,2,9,43,Occasional Buyers,1,-0.08197306674760928,-0.7677813695587189
13137,6,1,5.2,1,7,2011-12-03 13:49:00,2011-12-03 13:49:00,United Kingdom,2,5.2,5,1,1,7,51,New Customers,3,-1.1734721541963846,-1.6375097827925202
13138,7,10,345.19,10,124,2010-12-07 15:13:00,2011-12-02 12:24:00,United Kingdom,30,34.52,5,4,4,13,54,VIP Customers,2,1.220348086914964,-0.20348166621753042
13139,253,1,10.28,1,6,2011-03-31 08:56:00,2011-03-31 08:56:00,United Kingdom,2,10.28,1,1,1,3,11,Lost Customers,0,-2.3656291670273633,0.7991495909882399
13140,1,25,1667.99,25,491,2011-01-04 19:22:00,2011-12-08 18:13:00,United Kingdom,48,66.72,5,5,5,15,55,VIP Customers,4,2.325346023955485,0.3671431649606407
13141,42,2,17.47,2,7,2011-01-23 17:14:00,2011-10-28 16:38:00,United Kingdom,4,8.74,3,2,2,7,32,Occasional Buyers,3,-0.762032769913142,-0.9339258467415387
13142,78,1,2.09,1,1,2011-09-22 18:37:00,2011-09-22 18:37:00,United Kingdom,1,2.09,2,1,1,4,21,Lost Customers,3,-1.7862145549172166,-1.1026145810896995
13143,3,24,3045.66,24,925,2010-12-27 16:48:00,2011-12-06 19:11:00,United Kingdom,50,126.9,5,5,5,15,55,VIP Customers,4,2.4705001392319366,0.49296684717835765
13144,180,1,32.98,1,10,2011-06-12 17:25:00,2011-06-12 17:25:00,United Kingdom,4,32.98,1,1,2,4,11,Lost Customers,0,-1.6235559037925038,0.33671881038335794
13145,5,32,3456.91,32,1047,2010-12-11 17:42:00,2011-12-04 11:21:00,United Kingdom,50,108.03,5,5,5,15,55,VIP Customers,4,2.6891739608845953,0.6373032510136339
13146,8,11,680.94,11,248,2011-02-21 09:19:00,2011-12-01 10:41:00,Spain,39,61.9,5,4,5,14,54,VIP Customers,2,1.4812040127202315,-0.026198631659510935
13147,2,4,89.71,4,38,2010-12-31 11:00:00,2011-12-07 13:08:00,United Kingdom,12,22.43,5,3,3,11,53,Loyal Customers,1,0.29714653659368884,-0.8043310039322683
13148,52,4,208.62,4,77,2011-04-17 09:01:00,2011-10-18 17:39:00,Denmark,18,52.16,3,3,4,10,33,High Potential,1,0.2740378965176498,-0.16678132704528995
13149,343,1,6.42,1,3,2010-12-31 07:25:00,2010-12-31 07:25:00,United Kingdom,1,6.42,1,1,1,3,11,Lost Customers,0,-2.9940065811178127,1.5587249791450148
13150,16,9,240.33,9,99,2010-12-07 19:44:00,2011-11-23 13:12:00,United Kingdom,23,26.7,4,4,4,12,44,VIP Customers,2,0.9947196224461303,-0.22611574912426188
13151,44,4,101.81,4,43,2011-01-17 19:02:00,2011-10-26 16:09:00,United Kingdom,10,25.45,3,3,3,9,33,High Potential,1,0.10157342412576893,-0.3852776600247167
13152,220,4,197.92,4,66,2011-01-28 10:56:00,2011-05-03 15:05:00,Belgium,18,49.48,1,3,4,8,13,At-Risk Customers,0,-0.6767596642249261,1.3980067448658482
13153,142,3,12.9,3,6,2011-02-08 11:33:00,2011-07-20 08:27:00,United Kingdom,3,4.3,2,3,1,6,23,Occasional Buyers,3,-1.2069007813526265,0.05023123500411029
13154,17,2,17.52,2,6,2011-03-24 12:30:00,2011-11-22 15:17:00,United Kingdom,3,8.76,4,2,2,8,42,New Customers,3,-0.6220962905377128,-1.167806992510977
13155,55,10,431.62,10,141,2011-01-29 11:44:00,2011-10-15 10:55:00,United Kingdom,26,43.16,3,4,4,11,34,High Potential,2,1.0211313258476464,0.2915019401578202
13156,56,7,299.13,7,100,2011-06-09 18:31:00,2011-10-14 07:15:00,United Kingdom,26,42.73,3,4,4,11,34,High Potential,2,0.6848445986002889,0.11244123961718991
13157,51,6,290.54,6,129,2011-03-14 12:20:00,2011-10-19 17:14:00,United Kingdom,23,48.42,3,4,4,11,34,High Potential,2,0.6118437145612942,0.011572025413933408
13158,19,3,29.21,3,13,2011-10-14 14:55:00,2011-11-20 07:05:00,United Kingdom,8,9.74,4,3,2,9,43,Occasional Buyers,1,-0.2860306277178647,-0.9467991666219774
13159,145,3,12.04,3,5,2011-03-14 17:37:00,2011-07-17 07:42:00,Germany,3,4.01,2,3,1,6,23,Occasional Buyers,3,-1.2430464832806902,0.06549943752296941
13160,87,4,80.03,4,27,2011-03-15 08:46:00,2011-09-13 15:52:00,United Kingdom,6,20.01,2,3,3,8,23,At-Risk Customers,1,-0.21020826161889292,-0.030011522285557084
13161,33,4,97.96,4,38,2011-01-24 19:20:00,2011-11-06 19:35:00,United Kingdom,14,24.49,3,3,3,9,33,High Potential,1,0.15115864927990263,-0.49611174512147493
13162,11,8,295.25,8,112,2011-02-09 15:02:00,2011-11-28 16:30:00,United Kingdom,28,36.91,4,4,4,12,44,VIP Customers,2,1.0124164933941093,-0.26968676410382564
13163,110,2,80.26,2,34,2011-05-09 13:45:00,2011-08-21 14:16:00,Germany,10,40.13,2,2,3,7,22,Occasional Buyers,1,-0.6891963861324237,0.0020871764850281913
13164,56,3,104.08,3,49,2011-04-13 13:19:00,2011-10-14 17:27:00,United Kingdom,7,34.69,3,3,3,9,33,High Potential,1,-0.11225516952048521,-0.3487942770557711
13165,308,1,17.41,1,15,2011-02-04 19:22:00,2011-02-04 19:22:00,United Kingdom,2,17.41,1,1,2,4,11,Lost Customers,0,-2.522479914512565,1.413544312544346
13166,44,2,16.38,2,9,2010-12-03 11:57:00,2011-10-26 13:23:00,United Kingdom,4,8.19,3,2,1,6,32,Occasional Buyers,3,-0.7916881709566741,-0.9274224915893303
13167,62,3,37.26,3,15,2011-04-14 19:43:00,2011-10-08 18:02:00,United Kingdom,7,12.42,2,3,2,7,23,Occasional Buyers,1,-0.45335570589018903,-0.49600998338120994
13168,209,1,14.21,1,7,2011-05-14 18:13:00,2011-05-14 18:13:00,United Kingdom,1,14.21,1,1,1,3,11,Lost Customers,0,-2.029747156773686,0.4467633697754454
13169,23,7,532.22,7,138,2011-09-19 10:52:00,2011-11-16 09:50:00,United Kingdom,30,76.03,4,4,4,12,44,VIP Customers,2,1.0435165083862512,-0.081252287295779
13170,56,3,14.29,3,4,2011-04-20 07:33:00,2011-10-14 15:50:00,Germany,3,4.76,3,3,1,7,33,Occasional Buyers,3,-0.6993230184017454,-0.7369974183564131
13171,12,11,466.69,11,184,2010-12-11 09:06:00,2011-11-27 18:46:00,United Kingdom,35,42.43,4,4,4,12,44,VIP Customers,2,1.3440811807788493,-0.06464572601836932
13172,1,22,2840.25,22,851,2010-12-03 13:57:00,2011-12-08 14:51:00,United Kingdom,50,129.1,5,5,5,15,55,VIP Customers,4,2.4029345741911743,0.4300970968348074
13174,330,1,2.52,1,2,2011-01-13 07:58:00,2011-01-13 07:58:00,United Kingdom,1,2.52,1,1,1,3,11,Lost Customers,0,-3.148791971127446,1.2866360313643805
13175,49,2,37.16,2,20,2011-01-07 16:11:00,2011-10-21 14:35:00,United Kingdom,4,18.58,3,2,2,7,32,Occasional Buyers,1,-0.5799754218925259,-0.7221427596586516
13176,9,5,429.01,5,129,2011-01-23 18:18:00,2011-11-30 19:47:00,United Kingdom,21,85.8,5,3,4,12,53,Loyal Customers,2,0.8577373565617338,-0.35956130548936266
13177,103,5,179.93,5,73,2010-12-17 18:48:00,2011-08-28 08:48:00,United Kingdom,12,35.99,2,3,3,8,23,At-Risk Customers,1,0.07100543697493415,0.347527380476487
13178,4,5,97.72,5,39,2011-01-13 19:39:00,2011-12-05 08:55:00,United Kingdom,12,19.54,5,3,3,11,53,Loyal Customers,1,0.43737718451662916,-0.7028107545146557
13179,172,1,15.54,1,6,2011-06-20 14:18:00,2011-06-20 14:18:00,United Kingdom,1,15.54,1,1,1,3,11,Lost Customers,3,-1.7983280152570251,0.11669653327550678
13180,146,2,7.05,2,3,2011-03-30 15:41:00,2011-07-16 17:50:00,United Kingdom,2,3.53,2,2,1,5,22,Lost Customers,3,-1.593682155378222,-0.1259730927359135
13181,40,2,31.83,2,18,2011-07-22 10:01:00,2011-10-30 11:30:00,United Kingdom,5,15.92,3,2,2,7,32,Occasional Buyers,1,-0.5757159483739306,-0.8368356297488277
13182,89,1,26.3,1,13,2011-09-11 08:09:00,2011-09-11 08:09:00,United Kingdom,6,26.3,2,1,2,5,21,Lost Customers,3,-1.1838504308976305,-0.5606739623947491
13183,98,1,21.69,1,12,2011-09-02 15:59:00,2011-09-02 15:59:00,United Kingdom,2,21.69,2,1,2,5,21,Lost Customers,3,-1.290265352623831,-0.5135321700390111
13184,358,1,3.46,1,2,2010-12-16 13:29:00,2010-12-16 13:29:00,United Kingdom,1,3.46,1,1,1,3,11,Lost Customers,0,-3.2325103687327026,1.5968616437376493
13185,36,20,1058.2,20,293,2011-01-04 09:37:00,2011-11-03 08:47:00,United Kingdom,42,52.91,3,5,5,13,35,High Potential,4,1.844983451428505,0.5267717521135834
13186,5,17,1472.78,17,455,2010-12-22 11:23:00,2011-12-04 10:41:00,France,47,86.63,5,5,5,15,55,VIP Customers,4,2.011906382221295,0.2470411270953242
13187,145,1,4.75,1,2,2011-07-17 07:09:00,2011-07-17 07:09:00,United Kingdom,2,4.75,2,1,1,4,21,Lost Customers,3,-1.9698902043053905,-0.349278726341393
13188,30,4,96.32,4,42,2011-01-29 08:37:00,2011-11-09 07:00:00,United Kingdom,14,24.08,3,3,3,9,33,High Potential,1,0.16276246798362382,-0.5276084571376244
13189,1,46,9368.26,46,2862,2011-03-01 19:21:00,2011-12-08 15:41:00,United Kingdom,50,203.66,5,5,5,15,55,VIP Customers,4,3.2586140025664516,0.9280256559734725
13190,155,2,53.45,2,23,2010-12-24 18:39:00,2011-07-07 15:31:00,United Kingdom,7,26.72,1,2,2,5,12,Lost Customers,3,-1.061541412111548,0.3434185562896155
13191,345,1,64.17,1,21,2010-12-29 11:21:00,2010-12-29 11:21:00,Germany,4,64.17,1,1,3,5,11,Occasional Buyers,0,-2.34335732152463,2.015085036216623
13192,126,1,17.68,1,15,2011-08-05 10:07:00,2011-08-05 10:07:00,United Kingdom,4,17.68,2,1,2,5,21,Lost Customers,3,-1.5053022268266325,-0.29014191276673706
13193,100,8,469.4,8,175,2011-02-08 08:05:00,2011-08-31 10:30:00,United Kingdom,33,58.68,2,4,4,10,24,At-Risk Customers,2,0.6580013998092243,0.6579917118402702
13194,43,8,205.32,8,100,2010-12-23 14:12:00,2011-10-27 15:35:00,United Kingdom,23,25.66,3,4,4,11,34,High Potential,2,0.7241654140421188,-0.04248352899565807
13195,5,13,764.35,13,275,2010-12-17 17:48:00,2011-12-04 08:53:00,United Kingdom,45,58.8,5,5,5,15,55,VIP Customers,2,1.6392247348840812,0.02447878771022937
13196,33,2,22.34,2,9,2011-04-05 13:18:00,2011-11-06 12:49:00,United Kingdom,5,11.17,3,2,2,7,32,Occasional Buyers,3,-0.6406760667649715,-0.9711872709325243
13197,102,2,29.18,2,10,2011-06-20 11:59:00,2011-08-29 09:37:00,United Kingdom,4,14.59,2,2,2,6,22,Lost Customers,3,-0.9463501193904287,-0.27241058318691785
13198,282,1,23.06,1,9,2011-03-02 14:10:00,2011-03-02 14:10:00,United Kingdom,3,23.06,1,1,2,4,11,Lost Customers,0,-2.296281790490838,1.2236477354989257
13199,72,1,2.56,1,2,2011-09-28 17:19:00,2011-09-28 17:19:00,United Kingdom,1,2.56,2,1,1,4,21,Lost Customers,3,-1.7097033525159295,-1.1303606118052527
13200,10,16,517.91,16,144,2011-01-19 09:45:00,2011-11-29 11:19:00,United Kingdom,32,32.37,4,5,4,13,45,VIP Customers,2,1.6267836461647742,0.06308916126561387
13201,60,6,201.12,6,71,2011-01-26 13:36:00,2011-10-10 11:16:00,Spain,16,33.52,3,4,4,11,34,High Potential,2,0.4501938327786494,0.02218927457694093
13202,32,16,959.1,16,320,2010-12-06 12:00:00,2011-11-07 13:44:00,United Kingdom,49,59.94,3,5,5,13,35,High Potential,4,1.691768872994976,0.39330653858898096
13203,11,21,1734.15,21,539,2010-12-03 12:01:00,2011-11-28 07:51:00,Switzerland,48,82.58,4,5,5,14,45,VIP Customers,4,2.1664707094259468,0.4085227973347959
13204,11,22,2049.43,22,714,2010-12-03 16:30:00,2011-11-28 15:27:00,Japan,50,93.16,4,5,5,14,45,VIP Customers,4,2.2479398880251895,0.458171754276197
13205,15,9,454.19,9,192,2010-12-06 08:49:00,2011-11-24 15:38:00,United Kingdom,36,50.47,4,4,4,12,44,VIP Customers,2,1.1935496441844868,-0.10769447315843626
13206,6,3,150.08,3,68,2011-09-08 13:26:00,2011-12-03 15:20:00,United Kingdom,14,50.03,5,3,3,11,53,Loyal Customers,1,0.27655699432762826,-0.7445196793149161
13207,50,11,332.62,11,150,2011-02-26 17:29:00,2011-10-20 07:03:00,United Kingdom,25,30.24,3,4,4,11,34,High Potential,2,1.029744220505989,0.2236476724079057
13208,26,1,7.45,1,7,2011-11-12 19:56:00,2011-11-12 19:56:00,United Kingdom,2,7.45,4,1,1,6,41,New Customers,3,-1.1904621808510525,-1.387612391588215
13209,29,1,45.02,1,18,2011-11-10 13:59:00,2011-11-10 13:59:00,United Kingdom,3,45.02,3,1,2,6,31,Occasional Buyers,3,-0.6909351999361759,-1.0181264975625743
13210,22,17,2236.33,17,716,2010-12-11 15:26:00,2011-11-17 16:51:00,United Kingdom,49,131.55,4,5,5,14,45,VIP Customers,4,2.04445351078672,0.49052551751674184
13211,59,2,36.38,2,16,2011-06-28 17:05:00,2011-10-11 07:47:00,United Kingdom,4,18.19,3,2,2,7,32,Occasional Buyers,1,-0.6419106749626797,-0.6325318346047509
13212,2,3,25.83,3,12,2010-12-30 16:30:00,2011-12-07 16:04:00,United Kingdom,6,8.61,5,3,2,10,53,Occasional Buyers,1,-0.22757180074015237,-1.1301051672946865
13213,43,12,437.97,12,127,2010-12-10 18:25:00,2011-10-27 10:17:00,United Kingdom,28,36.5,3,5,4,12,35,High Potential,2,1.207413961265286,0.24213239229622974
13214,75,1,9.2,1,5,2011-09-25 07:27:00,2011-09-25 07:27:00,United Kingdom,1,9.2,2,1,1,4,21,Lost Customers,3,-1.4057970710872714,-0.8902304135287394
13215,181,1,14.13,1,9,2011-06-11 15:26:00,2011-06-11 15:26:00,United Kingdom,2,14.13,1,1,1,3,11,Lost Customers,0,-1.8755466745048877,0.1831445792949868
13216,33,13,282.78,13,105,2010-12-07 19:32:00,2011-11-06 11:20:00,United Kingdom,22,21.75,3,5,4,12,35,High Potential,2,1.18124270907599,0.08721969040337102
13217,19,1,3.3,1,1,2011-11-20 17:23:00,2011-11-20 17:23:00,United Kingdom,1,3.3,4,1,1,6,41,New Customers,3,-1.3572639769118562,-1.589307627319065
13218,24,20,1217.42,20,410,2011-02-06 14:31:00,2011-11-15 10:20:00,United Kingdom,46,60.87,4,5,5,14,45,VIP Customers,4,1.9544101908325555,0.4424517208199644
13219,144,1,31.99,1,7,2011-07-18 09:25:00,2011-07-18 09:25:00,United Kingdom,1,31.99,2,1,2,5,21,Lost Customers,3,-1.4322384994945692,-0.006809000166356805
13220,135,2,37.24,2,13,2011-04-25 09:49:00,2011-07-27 13:51:00,United Kingdom,6,18.62,2,2,2,6,22,Lost Customers,3,-1.057886609771401,0.08470314519423482
13221,1,12,267.27,12,93,2011-02-15 08:12:00,2011-12-08 19:50:00,United Kingdom,23,22.27,5,5,4,14,55,VIP Customers,2,1.2911418169830104,-0.25087948995189535
13222,18,21,1587.07,21,523,2011-01-08 19:33:00,2011-11-21 16:21:00,United Kingdom,48,75.57,4,5,5,14,45,VIP Customers,4,2.1005418316117086,0.4563230806381286
13223,30,7,741.46,7,246,2011-01-28 17:15:00,2011-11-09 10:45:00,United Kingdom,38,105.92,3,4,5,12,34,High Potential,2,1.1053885177778542,0.05105731800306152
13224,23,1,33.87,1,18,2011-11-16 13:35:00,2011-11-16 13:35:00,United Kingdom,5,33.87,4,1,2,7,41,New Customers,3,-0.7420510827903036,-1.1302669223939226
13225,263,1,10.42,1,8,2011-03-21 16:26:00,2011-03-21 16:26:00,United Kingdom,2,10.42,1,1,1,3,11,Lost Customers,0,-2.417517531278973,0.8954040987337988
13226,319,1,13.95,1,5,2011-01-24 17:08:00,2011-01-24 17:08:00,United Kingdom,1,13.95,1,1,1,3,11,Lost Customers,0,-2.64709611419358,1.4747635872547253
13227,20,11,252.69,11,86,2011-01-21 18:26:00,2011-11-19 12:10:00,United Kingdom,21,22.97,4,4,4,12,44,VIP Customers,2,1.1132610724815897,-0.11282443129896064
13228,16,1,5.34,1,3,2011-11-23 19:21:00,2011-11-23 19:21:00,United Kingdom,1,5.34,4,1,1,6,41,New Customers,3,-1.222316476695113,-1.539242378968644
13229,164,2,65.09,2,27,2011-03-05 18:58:00,2011-06-28 18:11:00,United Kingdom,8,32.54,1,2,3,6,12,Occasional Buyers,3,-1.0526161580878388,0.46682992911992566
13230,2,13,1482.2,13,546,2011-03-26 15:32:00,2011-12-07 09:18:00,United Kingdom,50,114.02,5,5,5,15,55,VIP Customers,4,1.857429862243116,0.12959878391554863
13231,294,1,37.2,1,21,2011-02-18 07:45:00,2011-02-18 07:45:00,Portugal,6,37.2,1,1,2,4,11,Lost Customers,0,-2.222257466973877,1.429276196536383
13232,81,4,153.84,4,55,2011-04-15 16:01:00,2011-09-19 12:45:00,Spain,20,38.46,2,3,3,8,23,At-Risk Customers,1,0.020410883294362518,0.04414751214004837
13233,33,4,66.34,4,23,2011-05-03 09:07:00,2011-11-06 10:59:00,United Kingdom,3,16.58,3,3,3,9,33,High Potential,1,0.033910545271875626,-0.573642957866642
13234,71,8,284.62,8,139,2011-02-12 08:47:00,2011-09-29 18:28:00,Belgium,30,35.58,2,4,4,10,24,At-Risk Customers,2,0.6674156080049549,0.2855752724768581
13235,142,4,48.95,4,20,2011-04-12 07:53:00,2011-07-20 08:34:00,United Kingdom,5,12.24,2,3,2,7,23,Occasional Buyers,1,-0.6636076481050021,0.38828812537413104
13236,47,1,4.29,1,1,2011-10-23 19:46:00,2011-10-23 19:46:00,United Kingdom,1,4.29,3,1,1,5,31,Occasional Buyers,3,-1.4499625183325024,-1.2850202042796333
13237,211,2,28.45,2,10,2011-01-02 08:19:00,2011-05-12 14:46:00,United Kingdom,5,14.23,1,2,2,5,12,Lost Customers,0,-1.5603407862988672,0.7447537209190623
13238,120,1,26.09,1,11,2011-08-11 15:17:00,2011-08-11 15:17:00,Belgium,3,26.09,2,1,2,5,21,Lost Customers,3,-1.3587025762086962,-0.27154141672488025
13239,11,5,105.28,5,32,2011-03-18 18:12:00,2011-11-27 19:56:00,United Kingdom,11,21.06,4,3,3,10,43,Loyal Customers,1,0.4208996891864981,-0.6223103632790407
13240,2,5,156.32,5,63,2011-02-17 07:46:00,2011-12-07 14:14:00,Netherlands,17,31.26,5,3,3,11,53,Loyal Customers,2,0.5904346707548526,-0.6277135294155038
13241,1,18,2719.68,18,850,2010-12-29 16:57:00,2011-12-08 14:59:00,United Kingdom,50,151.09,5,5,5,15,55,VIP Customers,4,2.258124844686767,0.35249186048827547
13242,138,2,44.83,2,10,2011-04-23 16:20:00,2011-07-24 14:23:00,United Kingdom,2,22.42,2,2,2,6,22,Lost Customers,3,-1.0194355026851434,0.14929906280692593
13243,143,6,342.08,6,113,2010-12-29 16:55:00,2011-07-19 13:49:00,Belgium,25,57.01,2,4,4,10,24,At-Risk Customers,1,0.149487589421739,0.9070434886272778
13244,6,12,674.41,12,252,2010-12-25 13:32:00,2011-12-03 11:44:00,United Kingdom,38,56.2,5,5,5,15,55,VIP Customers,2,1.5445376387618226,-0.01803650481678409
13245,47,2,17.72,2,6,2011-07-21 18:28:00,2011-10-23 10:28:00,United Kingdom,5,8.86,3,2,2,7,32,Occasional Buyers,3,-0.7857605276659948,-0.8843329651637587
13246,87,1,72.08,1,15,2011-09-13 07:28:00,2011-09-13 07:28:00,United Kingdom,5,72.08,2,1,3,6,21,Occasional Buyers,3,-0.8728199254337241,-0.38111586037818285
13247,87,1,55.91,1,23,2011-09-13 19:13:00,2011-09-13 19:13:00,Portugal,3,55.91,2,1,3,6,21,Occasional Buyers,3,-0.9489881889856407,-0.4314827119007396
13248,2,1,36.24,1,19,2011-12-07 18:36:00,2011-12-07 18:36:00,United Kingdom,5,36.24,5,1,2,8,51,New Customers,3,-0.6051685265578922,-1.3139410629229042
13249,21,2,49.43,2,14,2011-07-08 18:20:00,2011-11-18 15:02:00,United Kingdom,4,24.72,4,2,2,8,42,New Customers,1,-0.3392548182355597,-0.9285494528106576
13250,1,25,630.27,25,248,2011-02-19 07:45:00,2011-12-08 15:29:00,United Kingdom,35,25.21,5,5,4,14,55,VIP Customers,4,2.0292297029003463,0.171333964638985
13251,9,4,54.21,4,31,2011-01-12 10:01:00,2011-11-30 11:54:00,Austria,14,13.55,5,3,2,10,53,Occasional Buyers,1,0.10696814315747095,-0.8386916707839345
13252,4,11,481.92,11,167,2010-12-21 17:02:00,2011-12-05 15:08:00,United Kingdom,32,43.81,5,4,4,13,54,VIP Customers,2,1.3983574509618648,-0.13320799482420465
13253,133,5,43.29,5,16,2011-01-08 18:12:00,2011-07-29 10:01:00,United Kingdom,9,8.66,2,3,2,7,23,Occasional Buyers,1,-0.5245688530019245,0.34539755539904904
13254,21,3,546.52,3,127,2011-07-28 14:35:00,2011-11-18 07:33:00,United Kingdom,29,182.17,4,3,4,11,43,Loyal Customers,2,0.585251731460825,-0.34454377139276127
13255,1,21,1709.11,21,538,2011-03-29 15:00:00,2011-12-08 10:19:00,United Kingdom,50,81.39,5,5,5,15,55,VIP Customers,4,2.2176886483765754,0.31182496569005763
13256,18,4,131.49,4,62,2011-01-18 14:13:00,2011-11-21 19:52:00,Switzerland,13,32.87,4,3,3,10,43,Loyal Customers,1,0.3234977545317788,-0.5780003160490044
13257,93,3,39.64,3,9,2011-05-18 10:10:00,2011-09-07 15:40:00,United Kingdom,6,13.21,2,3,2,7,23,Occasional Buyers,1,-0.6074757290371925,-0.1931681620879957
13258,8,11,292.05,11,116,2011-01-30 09:18:00,2011-12-01 16:35:00,United Kingdom,21,26.55,5,4,4,13,54,VIP Customers,2,1.223963709856384,-0.19630076522239315
13259,118,1,19.2,1,8,2011-08-13 13:36:00,2011-08-13 13:36:00,United Kingdom,1,19.2,2,1,2,5,21,Lost Customers,3,-1.4369596901735362,-0.34940275441987945
13260,12,38,1011.48,38,381,2010-12-20 09:42:00,2011-11-26 19:59:00,Germany,45,26.62,4,5,5,14,45,VIP Customers,4,2.3911996145885466,0.5157906088812019
13261,142,1,8.3,1,5,2011-07-20 08:49:00,2011-07-20 08:49:00,United Kingdom,1,8.3,2,1,1,4,21,Lost Customers,3,-1.8067544021138064,-0.28057374598143137
13262,4,21,3302.24,21,942,2011-02-22 17:25:00,2011-12-05 11:32:00,United Kingdom,50,157.25,5,5,5,15,55,VIP Customers,4,2.4015082983570943,0.4725469530668995
13263,42,9,326.89,9,82,2011-02-01 16:29:00,2011-10-28 11:10:00,Spain,24,36.32,3,4,4,11,34,High Potential,2,0.9433969876113213,0.07941859341660652
13264,88,1,10.25,1,3,2011-09-12 18:10:00,2011-09-12 18:10:00,United Kingdom,2,10.25,2,1,1,4,21,Lost Customers,3,-1.4482938743931881,-0.7485958371018101
13265,73,3,94.48,3,35,2011-04-10 10:11:00,2011-09-27 13:54:00,United Kingdom,11,31.49,2,3,3,8,23,At-Risk Customers,1,-0.2360315587064107,-0.20868001798439256
13266,7,10,742.3,10,279,2011-05-01 17:00:00,2011-12-02 15:32:00,United Kingdom,35,74.23,5,4,5,14,54,VIP Customers,2,1.4530745373749083,-0.049589506555808675
13267,334,1,4.32,1,2,2011-01-09 12:25:00,2011-01-09 12:25:00,United Kingdom,1,4.32,1,1,1,3,11,Lost Customers,0,-3.0452584370059457,1.4073248144984558
13268,234,2,94.07,2,18,2011-02-04 07:41:00,2011-04-19 10:43:00,Spain,7,47.04,1,2,3,6,12,Occasional Buyers,0,-1.3313919632798956,1.196449899229415
13271,1,31,6288.3,31,2154,2011-01-06 12:14:00,2011-12-08 15:19:00,United Kingdom,50,202.85,5,5,5,15,55,VIP Customers,4,2.8724259042997478,0.7091770552921521
13272,8,30,5743.65,30,1334,2010-12-09 08:36:00,2011-12-01 09:10:00,United Kingdom,50,191.46,5,5,5,15,55,VIP Customers,4,2.784016777869467,0.7451284044045272
13273,12,22,2273.94,22,667,2010-12-15 16:56:00,2011-11-27 13:31:00,United Kingdom,49,103.36,4,5,5,14,45,VIP Customers,4,2.2740215695184376,0.48847507611652075
13274,43,10,867.86,10,289,2011-03-30 08:55:00,2011-10-27 18:11:00,United Kingdom,42,86.79,3,4,5,12,34,High Potential,2,1.300289841905221,0.31941835478948977
13275,37,2,26.88,2,7,2010-12-31 07:18:00,2011-11-02 10:08:00,United Kingdom,3,13.44,3,2,2,7,32,Occasional Buyers,1,-0.6087993959144936,-0.8978821411028696
13276,331,1,1.97,1,1,2011-01-12 07:48:00,2011-01-12 07:48:00,United Kingdom,1,1.97,1,1,1,3,11,Lost Customers,0,-3.2061028370520273,1.2617953882773862
13277,260,1,21.63,1,7,2011-03-24 11:14:00,2011-03-24 11:14:00,United Kingdom,1,21.63,1,1,2,4,11,Lost Customers,0,-2.1925246383879773,1.0050125572300452
13278,17,8,256.05,8,111,2011-02-28 07:26:00,2011-11-22 17:25:00,United Kingdom,20,32.01,4,4,4,12,44,VIP Customers,2,0.935800634261769,-0.2420099384585731
13279,1,13,1531.62,13,530,2011-01-01 09:09:00,2011-12-08 15:27:00,United Kingdom,49,117.82,5,5,5,15,55,VIP Customers,4,1.8729772449140645,0.12682300170926067
13280,6,4,150.51,4,50,2011-06-21 12:21:00,2011-12-03 19:51:00,Switzerland,13,37.63,5,3,3,11,53,Loyal Customers,1,0.43112856808978306,-0.66350791715471
13281,172,4,184.72,4,65,2011-02-16 07:14:00,2011-06-20 07:24:00,United Kingdom,18,46.18,1,3,3,7,13,At-Risk Customers,1,-0.43057516630459475,0.9340809166005867
13282,9,7,223.44,7,86,2010-12-21 12:13:00,2011-11-30 17:03:00,United Kingdom,15,31.92,5,4,4,13,54,VIP Customers,2,0.8578666140269593,-0.3868072354055721
13283,151,3,41.76,3,24,2010-12-12 08:04:00,2011-07-11 12:34:00,United Kingdom,8,13.92,1,3,2,6,13,Occasional Buyers,1,-0.9147305720960994,0.3609405182692657
13284,328,1,5.49,1,4,2011-01-15 10:28:00,2011-01-15 10:28:00,United Kingdom,2,5.49,1,1,1,3,11,Lost Customers,0,-2.9513258347606337,1.3910988187468216
13285,196,1,4.84,1,4,2011-05-27 16:43:00,2011-05-27 16:43:00,Spain,1,4.84,1,1,1,3,11,Lost Customers,0,-2.248950633545458,0.13207746546705224
13286,152,3,8.61,3,7,2011-04-12 13:17:00,2011-07-10 16:16:00,United Kingdom,3,2.87,1,3,1,5,13,Occasional Buyers,3,-1.374958538137312,0.06966783628405993
13287,4,25,1600.07,25,537,2011-02-08 11:30:00,2011-12-05 15:24:00,United Kingdom,48,64.0,5,5,5,15,55,VIP Customers,4,2.2959985892258428,0.3869067740783411
13288,298,1,4.12,1,6,2011-02-14 17:44:00,2011-02-14 17:44:00,United Kingdom,3,4.12,1,1,1,3,11,Lost Customers,0,-2.8566064057565987,1.0620345054706315
13289,370,1,3.75,1,3,2010-12-04 14:45:00,2010-12-04 14:45:00,United Kingdom,1,3.75,1,1,1,3,11,Lost Customers,0,-3.280097934388341,1.7220733054455668
13290,220,1,19.91,1,8,2011-05-02 19:58:00,2011-05-02 19:58:00,United Kingdom,2,19.91,1,1,2,4,11,Lost Customers,0,-1.9940197197887641,0.6140111104628037
13291,17,8,121.52,8,71,2011-01-06 19:33:00,2011-11-22 16:15:00,United Kingdom,16,15.19,4,4,3,11,44,Loyal Customers,2,0.7101145398492651,-0.39124660840356196
13292,111,4,56.29,4,27,2011-03-01 08:43:00,2011-08-20 19:49:00,United Kingdom,9,14.07,2,3,3,8,23,At-Risk Customers,1,-0.44934962129734984,0.12521302265884934
13293,333,1,12.37,1,7,2011-01-10 15:43:00,2011-01-10 15:43:00,Spain,2,12.37,1,1,1,3,11,Lost Customers,0,-2.7590194039258145,1.5835459731277977
13294,22,15,1393.08,15,434,2011-01-21 10:08:00,2011-11-17 13:19:00,United Kingdom,47,92.87,4,5,5,14,45,VIP Customers,4,1.8192451784767523,0.35279481716982564
13295,181,2,18.43,2,7,2011-01-28 15:45:00,2011-06-11 11:51:00,United Kingdom,3,9.22,1,2,2,5,12,Lost Customers,0,-1.5200687942336333,0.37968562018339985
13296,181,5,160.48,5,47,2011-02-17 17:45:00,2011-06-11 13:31:00,United Kingdom,16,32.1,1,3,3,7,13,At-Risk Customers,1,-0.39766595345113503,1.0560303017044839
13297,11,2,65.18,2,14,2011-05-12 14:46:00,2011-11-28 11:55:00,United Kingdom,5,32.59,4,2,3,9,42,New Customers,1,-0.200829563949779,-0.967580774831311
13298,231,1,17.81,1,16,2011-04-22 15:57:00,2011-04-22 15:57:00,United Kingdom,3,17.81,1,1,2,4,11,Lost Customers,0,-2.0874649445594553,0.6958424326573878
13299,5,7,91.28,7,26,2011-01-05 13:55:00,2011-12-04 18:33:00,United Kingdom,13,13.04,5,4,3,12,54,Loyal Customers,2,0.6094276785018666,-0.603315832422323
13300,49,1,5.07,1,3,2011-10-21 18:26:00,2011-10-21 18:26:00,United Kingdom,1,5.07,3,1,1,5,31,Occasional Buyers,3,-1.4192007424665218,-1.2385655250862866
13301,12,5,73.7,5,21,2011-04-22 10:59:00,2011-11-27 16:31:00,United Kingdom,11,14.74,4,3,3,10,43,Loyal Customers,1,0.3079442886956831,-0.6839463838611378
13302,62,12,709.34,12,248,2010-12-25 14:36:00,2011-10-08 09:53:00,United Kingdom,38,59.11,2,5,5,12,25,At-Risk Customers,2,1.2482819531135383,0.5172322354484414
13303,8,4,44.8,4,10,2010-12-16 19:55:00,2011-12-01 07:13:00,United Kingdom,5,11.2,5,3,2,10,53,Occasional Buyers,1,0.055620503150537876,-0.8857023024891664
13304,6,2,15.54,2,7,2011-07-19 19:44:00,2011-12-03 11:08:00,United Kingdom,4,7.77,5,2,1,8,52,New Customers,3,-0.5953242483382655,-1.2937264707236285
13305,29,9,1302.41,9,426,2011-02-15 15:15:00,2011-11-10 07:07:00,United Kingdom,46,144.71,3,4,5,12,34,High Potential,2,1.4360625385157633,0.23546157209024526
13306,308,1,14.9,1,5,2011-02-04 15:54:00,2011-02-04 15:54:00,United Kingdom,1,14.9,1,1,1,3,11,Lost Customers,0,-2.5671223937441634,1.3840241289638953
13307,148,1,93.1,1,21,2011-07-14 09:27:00,2011-07-14 09:27:00,United Kingdom,4,93.1,1,1,3,5,11,Occasional Buyers,3,-1.135259275421766,0.24179723689280047
13308,1,11,146.55,11,60,2011-02-07 16:04:00,2011-12-08 19:52:00,Belgium,16,13.32,5,4,3,12,54,Loyal Customers,2,1.0539259299058614,-0.4001358202493964
13309,57,1,29.16,1,9,2011-10-13 08:45:00,2011-10-13 08:45:00,France,1,29.16,3,1,2,6,31,Occasional Buyers,3,-0.9754413006517135,-0.8406733019218675
13310,5,23,5230.53,23,1386,2010-12-03 08:50:00,2011-12-04 13:36:00,United Kingdom,50,227.41,5,5,5,15,55,VIP Customers,4,2.595920829222155,0.6058937804495115
13311,21,20,2827.9,20,845,2011-01-04 12:22:00,2011-11-18 15:33:00,United Kingdom,50,141.4,4,5,5,14,45,VIP Customers,4,2.227654080523763,0.5839665229601769
13312,1,18,1503.15,18,557,2011-01-23 12:31:00,2011-12-08 10:01:00,United Kingdom,49,83.51,5,5,5,15,55,VIP Customers,4,2.0776195760568346,0.23313135993116002
13313,10,31,908.49,31,336,2010-12-02 09:05:00,2011-11-29 18:33:00,United Kingdom,46,29.31,4,5,5,14,45,VIP Customers,4,2.2333895778309705,0.4041188373099899
13314,367,1,13.22,1,7,2010-12-07 14:51:00,2010-12-07 14:51:00,United Kingdom,3,13.22,1,1,1,3,11,Lost Customers,0,-2.929440651297848,1.914778310819722
13315,29,13,1543.78,13,467,2010-12-12 08:56:00,2011-11-10 16:50:00,France,48,118.75,3,5,5,13,35,High Potential,4,1.7195775525616652,0.39097132069593893
13316,61,1,7.29,1,5,2011-10-09 13:38:00,2011-10-09 13:38:00,France,3,7.29,2,1,1,4,21,Lost Customers,3,-1.391042834025317,-1.0632665846426388
13317,115,2,26.05,2,11,2011-03-25 09:02:00,2011-08-16 16:26:00,United Kingdom,6,13.02,2,2,2,6,22,Lost Customers,3,-1.0520371658195804,-0.17256104221498364
13318,159,1,4.92,1,3,2011-07-03 08:42:00,2011-07-03 08:42:00,United Kingdom,2,4.92,1,1,1,3,11,Lost Customers,3,-2.0389193698289323,-0.2121322701263879
13319,6,10,275.79,10,109,2010-12-19 11:40:00,2011-12-03 10:55:00,United Kingdom,19,27.58,5,4,4,13,54,VIP Customers,2,1.1577713184885068,-0.25791764566550557
13320,11,8,224.0,8,65,2011-01-03 13:53:00,2011-11-28 07:22:00,United Kingdom,19,28.0,4,4,4,12,44,VIP Customers,2,0.9286279723528713,-0.325092569642535
13321,42,6,306.69,6,97,2011-07-20 12:24:00,2011-10-28 16:08:00,United Kingdom,20,51.12,3,4,4,11,34,High Potential,2,0.6783455521159916,-0.06196260157565719
13322,26,3,418.26,3,117,2011-02-04 10:01:00,2011-11-13 11:48:00,United Kingdom,14,139.42,4,3,4,11,43,Loyal Customers,1,0.4761367207863087,-0.3514138691356673
13323,355,1,32.98,1,17,2010-12-19 13:32:00,2010-12-19 13:32:00,United Kingdom,2,32.98,1,1,2,4,11,Lost Customers,0,-2.5973475415627747,1.9776981336404755
13324,1,39,7456.37,39,2164,2010-12-03 10:28:00,2011-12-08 10:39:00,United Kingdom,50,191.19,5,5,5,15,55,VIP Customers,4,3.0780164618513637,0.8239255138338375
13325,30,5,231.96,5,89,2011-07-04 07:24:00,2011-11-09 15:25:00,United Kingdom,18,46.39,3,3,4,10,33,High Potential,2,0.5541980117008561,-0.28609025134628346
13326,140,1,5.79,1,5,2011-07-22 09:05:00,2011-07-22 09:05:00,United Kingdom,2,5.79,2,1,1,4,21,Lost Customers,3,-1.8914323040813754,-0.3626808792467973
13327,181,2,15.33,2,4,2011-01-25 10:31:00,2011-06-11 19:19:00,United Kingdom,2,7.66,1,2,1,4,12,Lost Customers,0,-1.5730076298473734,0.34467940698127136
13328,75,4,119.94,4,59,2011-01-30 08:47:00,2011-09-25 18:06:00,Japan,14,29.98,2,3,3,8,23,At-Risk Customers,1,-0.021460823088119318,-0.061880129727850126
13329,90,1,63.68,1,22,2011-09-10 07:30:00,2011-09-10 07:30:00,United Kingdom,3,63.68,2,1,3,6,21,Occasional Buyers,3,-0.9267024531801525,-0.3775762706806743
13330,112,1,3.78,1,7,2011-08-19 11:01:00,2011-08-19 11:01:00,United Kingdom,1,3.78,2,1,1,4,21,Lost Customers,3,-1.8425332760638857,-0.6959310682134496
13331,209,3,35.63,3,20,2011-01-06 17:44:00,2011-05-14 15:58:00,United Kingdom,4,11.88,1,3,2,6,13,Occasional Buyers,0,-1.284600913008967,0.8736442179120624
13332,120,3,130.83,3,52,2011-01-29 09:29:00,2011-08-11 16:59:00,Austria,19,43.61,2,3,3,8,23,At-Risk Customers,1,-0.399310614916937,0.2970110639371782
13333,79,1,10.64,1,9,2011-09-21 14:40:00,2011-09-21 14:40:00,United Kingdom,2,10.64,2,1,1,4,21,Lost Customers,3,-1.387833586392813,-0.8261254853138725
13334,89,2,92.98,2,24,2011-07-01 08:40:00,2011-09-11 15:44:00,Sweden,6,46.49,2,2,3,7,22,Occasional Buyers,1,-0.5280481873376788,-0.16554112081420194
13335,56,4,39.92,4,13,2011-07-15 10:20:00,2011-10-14 10:12:00,United Kingdom,5,9.98,3,3,2,8,33,Occasional Buyers,1,-0.24579118427504162,-0.4582958790797475
13336,8,10,398.27,10,98,2011-04-16 11:33:00,2011-12-01 18:14:00,United Kingdom,28,39.83,5,4,4,13,54,VIP Customers,2,1.258230672820733,-0.16537490535076482
13337,45,1,30.94,1,7,2011-10-25 10:28:00,2011-10-25 10:28:00,United Kingdom,1,30.94,3,1,2,6,31,Occasional Buyers,3,-0.8912021163253261,-0.9416487982038427
13338,12,9,551.69,9,177,2011-01-08 08:00:00,2011-11-27 08:14:00,United Kingdom,31,61.3,4,4,4,12,44,VIP Customers,2,1.2693550969697385,-0.09673735965070615
13339,1,41,3737.23,41,1204,2010-12-08 10:20:00,2011-12-08 10:10:00,Germany,50,91.15,5,5,5,15,55,VIP Customers,4,2.9012901945323515,0.7024285691394719
13340,85,4,75.9,4,29,2010-12-03 14:27:00,2011-09-15 14:21:00,United Kingdom,9,18.97,2,3,3,8,23,At-Risk Customers,1,-0.2150124206956165,-0.05930152724666572
13341,91,1,42.66,1,15,2011-09-09 12:40:00,2011-09-09 12:40:00,United Kingdom,4,42.66,2,1,2,5,21,Lost Customers,3,-1.0519694274878724,-0.4473534143700661
13342,12,4,233.85,4,63,2010-12-18 11:02:00,2011-11-27 17:37:00,United Kingdom,13,58.46,4,3,4,11,43,Loyal Customers,1,0.5312335480244705,-0.5189730741783446
13343,171,7,239.71,7,80,2010-12-15 08:10:00,2011-06-21 15:53:00,United Kingdom,21,34.24,1,4,4,9,14,At-Risk Customers,1,-0.022270964385216287,1.146365641405881
13344,1,65,12358.54,65,3311,2010-12-18 07:58:00,2011-12-08 14:13:00,United Kingdom,50,190.13,5,5,5,15,55,VIP Customers,4,3.576838029811023,1.1061986743708487
13345,17,11,1211.19,11,378,2011-02-10 16:56:00,2011-11-22 12:19:00,Germany,45,110.11,4,4,5,13,44,VIP Customers,2,1.6063254819948019,0.17404838436534478
13346,234,1,16.02,1,4,2011-04-19 11:08:00,2011-04-19 11:08:00,United Kingdom,2,16.02,1,1,1,3,11,Lost Customers,0,-2.134615482736587,0.7038336023604859
13347,44,2,16.38,2,9,2010-12-20 10:24:00,2011-10-26 11:04:00,USA,3,8.19,3,2,1,6,32,Occasional Buyers,3,-0.7916881709566741,-0.9274224915893303
13348,11,14,671.19,14,254,2010-12-31 09:06:00,2011-11-28 16:13:00,Switzerland,38,47.94,4,5,5,14,45,VIP Customers,2,1.6138303654461188,0.07947151049338488
13349,27,5,190.47,5,54,2011-01-10 19:35:00,2011-11-12 08:16:00,United Kingdom,11,38.09,3,3,4,10,33,High Potential,2,0.5111543324411456,-0.3537230427168917
13350,160,1,12.72,1,3,2011-07-02 16:55:00,2011-07-02 16:55:00,United Kingdom,1,12.72,1,1,1,3,11,Lost Customers,3,-1.7884863203620756,-0.0334748764893874
13351,7,20,795.91,20,221,2011-01-10 19:15:00,2011-12-02 13:10:00,United Kingdom,37,39.8,5,5,5,15,55,VIP Customers,4,1.9196957932459178,0.1975342070488661
13352,193,1,31.16,1,15,2011-05-30 12:16:00,2011-05-30 12:16:00,Netherlands,5,31.16,1,1,2,4,11,Lost Customers,0,-1.7126609475983967,0.4475333284353205
13353,7,3,64.15,3,41,2010-12-12 07:37:00,2011-12-02 13:20:00,United Kingdom,8,21.38,5,3,3,11,53,Loyal Customers,1,0.014812453105900656,-0.904543666353078
13354,6,5,224.34,5,106,2011-06-07 14:55:00,2011-12-03 17:50:00,United Kingdom,26,44.87,5,3,4,12,53,Loyal Customers,2,0.6776176420636961,-0.5178366820023215
13355,76,1,4.5,1,3,2011-09-24 14:38:00,2011-09-24 14:38:00,United Kingdom,2,4.5,2,1,1,4,21,Lost Customers,3,-1.5994767965703987,-1.005246016387582
13356,50,4,68.64,4,24,2011-07-10 09:01:00,2011-10-20 09:34:00,Spain,6,17.16,3,3,3,9,33,High Potential,1,-0.05045742616781733,-0.4074695787260432
13357,3,1,13.41,1,7,2011-12-06 08:07:00,2011-12-06 08:07:00,United Kingdom,3,13.41,5,1,1,7,51,New Customers,3,-0.8999114764505856,-1.4957855021088082
13358,12,10,303.26,10,121,2011-01-20 19:10:00,2011-11-27 13:27:00,United Kingdom,29,30.33,4,4,4,12,44,VIP Customers,2,1.1532037642555706,-0.18259832292109357
13359,26,8,91.08,8,43,2011-04-19 17:38:00,2011-11-13 14:38:00,Sweden,12,11.38,4,4,3,11,44,Loyal Customers,2,0.5730432804471847,-0.3643765556929575
13360,4,10,286.15,10,104,2011-03-29 18:30:00,2011-12-05 14:24:00,Spain,24,28.62,5,4,4,13,54,VIP Customers,2,1.1800920243936213,-0.2692711245276776
13361,10,8,580.11,8,185,2011-05-16 11:50:00,2011-11-29 12:24:00,United Kingdom,35,72.51,4,4,4,12,44,VIP Customers,2,1.2231816687704018,-0.14337327577620623
13362,55,5,139.16,5,44,2010-12-03 15:07:00,2011-10-15 11:03:00,United Kingdom,12,27.83,3,3,3,9,33,High Potential,1,0.26033776777586015,-0.15399238162037468
13363,20,2,38.34,2,24,2011-05-12 17:08:00,2011-11-19 16:34:00,United Kingdom,4,19.17,4,2,2,8,42,New Customers,1,-0.40932883713343643,-0.9879430469358271
13364,52,2,10.5,2,7,2011-02-10 18:02:00,2011-10-18 16:13:00,United Kingdom,5,5.25,3,2,1,6,32,Occasional Buyers,3,-0.9619840407060712,-0.9355790774949908
13365,69,5,410.7,5,114,2011-03-18 14:45:00,2011-10-01 11:13:00,United Kingdom,27,82.14,2,3,4,9,23,At-Risk Customers,2,0.5106129710653345,0.1942965502734554
13366,59,6,78.97,6,30,2010-12-10 14:28:00,2011-10-11 10:27:00,United Kingdom,13,13.16,3,4,3,10,34,High Potential,1,0.17335695049005703,-0.17392785708405079
13367,67,5,198.85,5,59,2011-01-15 18:51:00,2011-10-03 10:15:00,United Kingdom,18,39.77,2,3,4,9,23,At-Risk Customers,1,0.30161997954388947,0.029985105585055953
13368,185,1,39.33,1,18,2011-06-07 08:09:00,2011-06-07 08:09:00,United Kingdom,5,39.33,1,1,2,4,11,Lost Customers,0,-1.5991983316021396,0.41810848711864296
13369,83,2,28.31,2,10,2011-06-01 08:48:00,2011-09-17 15:39:00,United Kingdom,5,14.16,2,2,2,6,22,Lost Customers,3,-0.8495330885910363,-0.4564651435771424
13370,54,10,557.24,10,207,2010-12-27 13:25:00,2011-10-16 09:17:00,United Kingdom,35,55.72,3,4,4,11,34,High Potential,2,1.1043399350139336,0.3334676656321162
13371,150,1,24.08,1,14,2011-07-12 13:31:00,2011-07-12 13:31:00,United Kingdom,3,24.08,1,1,2,4,11,Lost Customers,3,-1.5491188743622457,-0.005757395986039257
13372,33,3,52.05,3,19,2011-07-03 13:33:00,2011-11-06 11:03:00,United Kingdom,6,17.35,3,3,2,8,33,Occasional Buyers,1,-0.19244156665779985,-0.7021201543100974
13373,88,2,126.65,2,65,2011-08-07 10:56:00,2011-09-12 13:22:00,USA,8,63.32,2,2,3,7,22,Occasional Buyers,1,-0.42922089110139683,-0.11324741809652951
13374,254,2,88.55,2,22,2010-12-26 19:16:00,2011-03-30 15:11:00,Switzerland,11,44.28,1,2,3,6,12,Occasional Buyers,0,-1.4609007647968928,1.3719433830487484
13375,370,1,3.12,1,2,2010-12-04 10:17:00,2010-12-04 10:17:00,Norway,1,3.12,1,1,1,3,11,Lost Customers,0,-3.323435804081785,1.6934158049806154
13376,33,3,180.09,3,71,2010-12-09 15:07:00,2011-11-06 18:03:00,United Kingdom,18,60.03,3,3,3,9,33,High Potential,1,0.18149846942996345,-0.45484942241091963
13377,69,3,33.56,3,18,2011-05-05 18:27:00,2011-10-01 17:12:00,United Kingdom,6,11.19,2,3,2,7,23,Occasional Buyers,1,-0.5232846983992875,-0.4508548067602934
13378,2,5,167.6,5,66,2011-05-31 17:50:00,2011-12-07 14:16:00,United Kingdom,18,33.52,5,3,3,11,53,Loyal Customers,2,0.6115253379111764,-0.6137671631516838
13379,35,11,351.37,11,106,2010-12-27 15:31:00,2011-11-04 08:44:00,United Kingdom,26,31.94,3,4,4,11,34,High Potential,2,1.129865762590736,0.09400468104672145
13380,112,1,4.23,1,2,2011-08-19 12:33:00,2011-08-19 12:33:00,United Kingdom,2,4.23,2,1,1,4,21,Lost Customers,3,-1.8151307883334493,-0.677810961931562
13381,2,5,187.9,5,58,2011-05-29 12:39:00,2011-12-07 11:45:00,France,14,37.58,5,3,4,12,53,Loyal Customers,2,0.6461516429925721,-0.5908702519516444
13382,168,2,92.75,2,32,2011-05-21 16:45:00,2011-06-24 09:35:00,United Kingdom,8,46.38,1,2,3,6,12,Occasional Buyers,1,-0.9683918546737266,0.5747503345767163
13383,117,2,31.89,2,11,2011-04-20 12:28:00,2011-08-14 08:34:00,Switzerland,3,15.94,2,2,2,6,22,Lost Customers,3,-1.0036281438221433,-0.11443698545890316
13384,60,3,37.6,3,16,2011-01-11 10:02:00,2011-10-10 15:30:00,United Kingdom,4,12.53,3,3,2,8,33,Occasional Buyers,1,-0.439532022614145,-0.5129821839679555
13385,2,17,398.5,17,160,2011-01-30 09:39:00,2011-12-07 09:37:00,United Kingdom,33,23.44,5,5,4,14,55,VIP Customers,2,1.6310213099957604,-0.04399189009355039
13386,29,1,23.6,1,11,2011-11-10 18:47:00,2011-11-10 18:47:00,United Kingdom,2,23.6,3,1,2,6,31,Occasional Buyers,3,-0.881697129075607,-1.1442692939593084
13387,278,1,12.46,1,5,2011-03-06 09:59:00,2011-03-06 09:59:00,France,2,12.46,1,1,1,3,11,Lost Customers,0,-2.4509272561215734,1.0691607935870533
13388,16,10,1160.55,10,387,2011-01-12 11:19:00,2011-11-23 17:27:00,United Kingdom,47,116.06,4,4,5,13,44,VIP Customers,2,1.5389576886115857,0.12471086914341672
13389,26,15,1844.6,15,600,2011-01-02 17:27:00,2011-11-13 14:54:00,United Kingdom,50,122.97,4,5,5,14,45,VIP Customers,4,1.882440524200369,0.44680966222284835
13390,4,18,2066.02,18,780,2010-12-21 11:29:00,2011-12-05 09:50:00,United Kingdom,49,114.78,5,5,5,15,55,VIP Customers,4,2.157743077741285,0.3252834697614401
13391,94,8,205.85,8,81,2010-12-16 19:56:00,2011-09-06 09:06:00,United Kingdom,18,25.73,2,4,4,10,24,At-Risk Customers,2,0.44115609496511565,0.4362614289626112
13392,30,5,100.12,5,54,2011-03-01 10:49:00,2011-11-09 12:02:00,Netherlands,21,20.02,3,3,3,9,33,High Potential,1,0.3000154811626083,-0.4541704093837781
13393,26,4,78.83,4,34,2011-05-31 10:41:00,2011-11-13 09:14:00,United Kingdom,11,19.71,4,3,3,10,43,Loyal Customers,1,0.12468345414922656,-0.6050149340847714
13394,2,43,5175.73,43,1469,2011-01-16 08:35:00,2011-12-07 07:53:00,United Kingdom,50,120.37,5,5,5,15,55,VIP Customers,4,3.026926218192923,0.7941433061813662
13395,1,58,12642.34,58,3081,2010-12-13 07:11:00,2011-12-08 11:05:00,USA,50,217.97,5,5,5,15,55,VIP Customers,4,3.506523774734075,1.0703546001245183
13396,3,27,6426.44,27,1427,2010-12-15 13:35:00,2011-12-06 14:22:00,Portugal,50,238.02,5,5,5,15,55,VIP Customers,4,2.775934922050109,0.6841710946033819
13397,9,29,1055.24,29,349,2011-02-07 11:51:00,2011-11-30 08:51:00,United Kingdom,47,36.39,5,5,5,15,55,VIP Customers,4,2.240058412426324,0.40160356642806144
13398,27,3,301.69,3,77,2011-05-28 08:11:00,2011-11-12 18:15:00,United Kingdom,16,100.56,3,3,4,10,33,High Potential,1,0.3713483817546157,-0.4076493573607831
13399,66,3,84.75,3,33,2011-02-15 17:21:00,2011-10-04 19:46:00,United Kingdom,15,28.25,2,3,3,8,23,At-Risk Customers,1,-0.22981541656161306,-0.2959658081277026
13400,191,1,7.57,1,3,2011-06-01 13:02:00,2011-06-01 13:02:00,Germany,2,7.57,1,1,1,3,11,Lost Customers,0,-2.104313735915127,0.16243668482929383
13401,31,8,698.71,8,216,2010-12-13 13:02:00,2011-11-08 08:56:00,United Kingdom,37,87.34,3,4,5,12,34,High Potential,2,1.162893418915059,0.09094944037820761
13402,19,2,573.78,2,135,2011-01-11 11:54:00,2011-11-20 16:43:00,United Kingdom,35,286.89,4,2,4,10,42,New Customers,1,0.4130179681846502,-0.4572164905827584
13403,12,32,7569.71,32,1939,2011-01-18 12:24:00,2011-11-27 09:04:00,United Kingdom,50,236.55,4,5,5,14,45,VIP Customers,4,2.8888910869019533,0.8607640024517935
13404,7,2,81.9,2,40,2011-03-18 19:44:00,2011-12-02 10:59:00,Germany,6,40.95,5,2,3,10,52,New Customers,1,-0.10996476267438614,-0.9597221598946167
13405,41,10,306.99,10,147,2011-02-03 09:47:00,2011-10-29 14:42:00,United Kingdom,27,30.7,3,4,4,11,34,High Potential,2,0.9955436912990886,0.09178939541012002
13406,38,1,13.12,1,8,2011-11-01 13:22:00,2011-11-01 13:22:00,United Kingdom,1,13.12,3,1,1,5,31,Occasional Buyers,3,-1.100861789353532,-1.1716841355088592
13407,302,1,7.68,1,3,2011-02-10 12:02:00,2011-02-10 12:02:00,United Kingdom,1,7.68,1,1,1,3,11,Lost Customers,0,-2.7180914223157764,1.2058550416701976
13408,369,1,31.28,1,16,2010-12-05 17:04:00,2010-12-05 17:04:00,United Kingdom,4,31.28,1,1,2,4,11,Lost Customers,0,-2.690882764558945,2.098639770412724
13409,15,13,847.56,13,231,2011-01-10 08:04:00,2011-11-24 16:42:00,United Kingdom,38,65.2,4,5,5,14,45,VIP Customers,2,1.6150135388637938,0.13903503633664374
13410,111,1,6.0,1,3,2011-08-20 17:39:00,2011-08-20 17:39:00,United Kingdom,1,6.0,2,1,1,4,21,Lost Customers,3,-1.7207841230333336,-0.6284801109655962
13411,141,1,13.44,1,8,2011-07-21 10:39:00,2011-07-21 10:39:00,United Kingdom,1,13.44,2,1,1,4,21,Lost Customers,3,-1.6671823156477072,-0.20133723658648517
13412,5,40,10216.6,40,2699,2011-01-27 18:02:00,2011-12-04 15:52:00,United Kingdom,50,255.42,5,5,5,15,55,VIP Customers,4,3.1686793213209654,0.9337575281194551
13413,195,1,4.52,1,4,2011-05-28 15:52:00,2011-05-28 15:52:00,United Kingdom,1,4.52,1,1,1,3,11,Lost Customers,0,-2.260549587683333,0.11135095875068812
13414,58,2,62.68,2,28,2011-02-03 18:13:00,2011-10-12 11:47:00,United Kingdom,9,31.34,3,2,3,8,32,High Potential,1,-0.4740905276542199,-0.5346160771883824
13415,135,3,83.52,3,49,2011-01-21 18:50:00,2011-07-27 16:51:00,Finland,8,27.84,2,3,3,8,23,At-Risk Customers,1,-0.6181679592691821,0.348139090609132
13416,58,2,11.07,2,7,2011-06-06 15:06:00,2011-10-12 15:04:00,United Kingdom,3,5.54,3,2,1,6,32,Occasional Buyers,3,-0.9806372494795066,-0.8695740024143157
13417,17,3,94.84,3,37,2011-04-25 10:41:00,2011-11-22 13:02:00,United Kingdom,13,31.61,4,3,3,10,43,Loyal Customers,1,0.07672796794749595,-0.7330354661418692
13418,1,58,5607.17,58,1758,2011-01-24 18:20:00,2011-12-08 13:58:00,United Kingdom,50,96.68,5,5,5,15,55,VIP Customers,4,3.258936032621811,0.9066352967787915
13419,330,1,12.84,1,4,2011-01-13 12:16:00,2011-01-13 12:16:00,United Kingdom,1,12.84,1,1,1,3,11,Lost Customers,0,-2.7318030346102278,1.5623731805747758
13420,10,5,171.51,5,82,2011-04-28 07:04:00,2011-11-29 15:25:00,United Kingdom,23,34.3,4,3,3,10,43,Loyal Customers,2,0.5739917953749035,-0.5341336366048692
13421,36,3,14.3,3,5,2011-03-09 10:12:00,2011-11-03 19:41:00,United Kingdom,3,4.77,3,3,1,7,33,Occasional Buyers,1,-0.5878334143305044,-0.9244062354127638
13422,31,1,8.56,1,4,2011-11-08 17:01:00,2011-11-08 17:01:00,United Kingdom,1,8.56,3,1,1,5,31,Occasional Buyers,3,-1.1806942381454872,-1.3158702198341758
13423,33,5,73.29,5,41,2011-04-19 08:09:00,2011-11-06 09:23:00,United Kingdom,8,14.66,3,3,3,9,33,High Potential,1,0.18941301214309358,-0.48813731815754513
13424,83,1,1.64,1,1,2011-09-17 07:32:00,2011-09-17 07:32:00,United Kingdom,1,1.64,2,1,1,4,21,Lost Customers,3,-1.861974285960947,-1.087428243011247
13425,54,6,311.0,6,134,2011-01-12 10:59:00,2011-10-16 10:51:00,United Kingdom,29,51.83,3,4,4,11,34,High Potential,2,0.6158079762666487,0.05336325062875497
13426,7,10,261.99,10,114,2011-01-05 10:03:00,2011-12-02 10:00:00,United Kingdom,25,26.2,5,4,4,13,54,VIP Customers,2,1.136630086760991,-0.2588408392758277
13427,180,1,9.2,1,7,2011-06-12 09:24:00,2011-06-12 09:24:00,United Kingdom,3,9.2,1,1,1,3,11,Lost Customers,0,-1.9900720537494345,0.09435718042553082
13428,263,1,7.58,1,3,2011-03-21 18:47:00,2011-03-21 18:47:00,United Kingdom,3,7.58,1,1,1,3,11,Lost Customers,0,-2.504604253276018,0.8378173323842989
13429,155,1,6.65,1,1,2011-07-07 15:31:00,2011-07-07 15:31:00,United Kingdom,1,6.65,1,1,1,3,11,Lost Customers,3,-1.9385786176400794,-0.1980076095896392
13430,17,16,1577.34,16,551,2011-01-18 11:42:00,2011-11-22 15:21:00,USA,49,98.58,4,5,5,14,45,VIP Customers,4,1.9266364479620361,0.3527654003481733
13431,62,1,2.85,1,1,2011-10-08 11:53:00,2011-10-08 11:53:00,Portugal,1,2.85,2,1,1,4,21,Lost Customers,3,-1.6302063576471824,-1.2083586996957547
13432,20,4,112.34,4,46,2010-12-16 07:30:00,2011-11-19 09:08:00,United Kingdom,11,28.08,4,3,3,10,43,Loyal Customers,1,0.2648205785452513,-0.5906878333325131
13433,29,1,58.54,1,20,2011-11-10 09:31:00,2011-11-10 09:31:00,United Kingdom,3,58.54,3,1,3,7,31,Occasional Buyers,1,-0.6124861213102248,-0.9662514394874815
13434,27,9,406.45,9,146,2011-01-12 15:00:00,2011-11-12 18:21:00,United Kingdom,29,45.16,3,4,4,11,34,High Potential,2,1.0930298874247617,-0.017484630919410615
13435,169,4,47.61,4,22,2011-03-18 09:15:00,2011-06-23 09:02:00,United Kingdom,4,11.9,1,3,2,6,13,Occasional Buyers,1,-0.8221320606281433,0.635991074770837
13436,227,3,62.38,3,31,2011-02-01 15:26:00,2011-04-26 10:16:00,United Kingdom,6,20.79,1,3,3,7,13,At-Risk Customers,0,-1.2177718405344573,1.1528544169193888
13437,2,22,737.48,22,299,2010-12-16 17:30:00,2011-12-07 11:42:00,United Kingdom,40,33.52,5,5,5,15,55,VIP Customers,4,1.9869892736443626,0.16810666882220715
13438,268,2,49.5,2,15,2011-02-08 15:04:00,2011-03-16 15:33:00,United Kingdom,6,24.75,1,2,2,5,12,Lost Customers,0,-1.7132696877242668,1.3878550111513028
13439,21,26,5008.22,26,1505,2010-12-14 19:56:00,2011-11-18 13:32:00,United Kingdom,50,192.62,4,5,5,14,45,VIP Customers,4,2.574794303791373,0.7896393987577037
13440,5,32,3516.49,32,902,2011-02-02 15:18:00,2011-12-04 07:24:00,United Kingdom,49,109.89,5,5,5,15,55,VIP Customers,4,2.6943770429937386,0.6407438291734902
13441,12,8,298.65,8,96,2011-02-16 15:47:00,2011-11-27 17:30:00,United Kingdom,25,37.33,4,4,4,12,44,VIP Customers,2,1.0103275632807047,-0.25801147638068755
13442,12,7,377.9,7,115,2011-01-18 15:35:00,2011-11-27 17:28:00,United Kingdom,25,53.99,4,4,4,12,44,VIP Customers,2,1.000665953058674,-0.2532102449056692
13443,23,13,3585.62,13,942,2010-12-19 09:47:00,2011-11-16 08:03:00,United Kingdom,49,275.82,4,5,5,14,45,VIP Customers,4,2.009513716736197,0.5043541914356937
13444,42,11,665.42,11,242,2010-12-08 08:12:00,2011-10-28 12:32:00,United Kingdom,34,60.49,3,4,5,12,34,High Potential,2,1.2849985016012482,0.2879836628359324
13445,9,16,1225.3,16,446,2011-02-07 14:47:00,2011-11-30 19:43:00,United Kingdom,48,76.58,5,5,5,15,55,VIP Customers,4,1.8942873633949506,0.22692144784197013
13447,1,18,2344.77,18,676,2011-02-05 12:29:00,2011-12-08 10:48:00,United Kingdom,49,130.26,5,5,5,15,55,VIP Customers,4,2.2129666483010384,0.32263065496353355
13448,331,2,21.42,2,6,2010-12-10 18:17:00,2011-01-12 16:02:00,United Kingdom,2,10.71,1,2,2,5,12,Lost Customers,0,-2.311152504665878,1.8150667473994588
13449,294,1,5.22,1,3,2011-02-18 09:00:00,2011-02-18 09:00:00,United Kingdom,1,5.22,1,1,1,3,11,Lost Customers,0,-2.7750740575130814,1.0637219638878221
13450,1,66,9194.62,66,2396,2010-12-16 07:01:00,2011-12-08 09:31:00,Belgium,50,139.31,5,5,5,15,55,VIP Customers,4,3.4971344602141015,1.052065392194493
13451,104,2,43.28,2,10,2011-05-21 10:32:00,2011-08-27 19:51:00,United Kingdom,3,21.64,2,2,2,6,22,Lost Customers,3,-0.8407207094547706,-0.17644910374385334
13452,124,3,17.5,3,6,2011-06-10 11:45:00,2011-08-07 16:25:00,USA,3,5.83,2,3,2,7,23,Occasional Buyers,3,-1.0196679837700333,-0.060978593639157475
13453,185,5,170.15,5,73,2010-12-19 10:02:00,2011-06-07 19:30:00,United Kingdom,21,34.03,1,3,3,7,13,At-Risk Customers,1,-0.40221047444119573,1.1052516376262391
13454,4,24,1392.73,24,440,2010-12-08 18:05:00,2011-12-05 12:47:00,United Kingdom,47,58.03,5,5,5,15,55,VIP Customers,4,2.226742013430016,0.34483651600980886
13455,4,5,86.43,5,26,2011-02-23 10:01:00,2011-12-05 16:12:00,United Kingdom,8,17.29,5,3,3,11,53,Loyal Customers,1,0.4003872983924538,-0.7272706019021801
13456,27,8,336.74,8,119,2010-12-21 18:31:00,2011-11-12 16:42:00,United Kingdom,30,42.09,3,4,4,11,34,High Potential,2,0.9633050687099264,-0.0932563304631326
13457,13,4,69.99,4,24,2010-12-25 18:39:00,2011-11-26 13:16:00,United Kingdom,8,17.5,4,3,3,10,43,Loyal Customers,1,0.16127768616631044,-0.7505526312846105
13458,79,3,175.41,3,53,2011-05-15 13:40:00,2011-09-21 17:48:00,Australia,13,58.47,2,3,3,8,23,At-Risk Customers,1,-0.08244429982918888,-0.028779605714845852
13459,250,2,117.1,2,23,2010-12-27 13:07:00,2011-04-03 17:13:00,United Kingdom,9,58.55,1,2,3,6,12,Occasional Buyers,0,-1.3543573009315149,1.390169634503817
13460,34,9,293.82,9,117,2011-02-06 15:22:00,2011-11-05 13:52:00,United Kingdom,29,32.65,3,4,4,11,34,High Potential,2,0.9555332492636337,-0.01700908092494168
13461,28,7,336.02,7,145,2011-03-22 07:55:00,2011-11-11 13:59:00,United Kingdom,30,48.0,3,4,4,11,34,High Potential,2,0.875959144969279,-0.12676784137368236
13462,215,1,18.39,1,9,2011-05-08 15:59:00,2011-05-08 15:59:00,United Kingdom,5,18.39,1,1,2,4,11,Lost Customers,0,-1.989183098497693,0.5519263192511065
13463,186,1,13.56,1,4,2011-06-06 11:56:00,2011-06-06 11:56:00,Spain,2,13.56,1,1,1,3,11,Lost Customers,0,-1.915065276565296,0.22229564332874008
13464,4,26,6797.99,26,1808,2010-12-02 12:58:00,2011-12-05 15:56:00,United Kingdom,50,261.46,5,5,5,15,55,VIP Customers,4,2.7624358162803695,0.6917564448634875
13465,37,7,343.31,7,123,2010-12-07 16:13:00,2011-11-02 10:24:00,United Kingdom,26,49.04,3,4,4,11,34,High Potential,2,0.8323962966444737,-0.03806463089876652
13466,41,1,41.91,1,14,2011-10-29 16:28:00,2011-10-29 16:28:00,United Kingdom,5,41.91,3,1,2,6,31,Occasional Buyers,3,-0.7790206870065618,-0.9196943986246344
13467,9,15,740.81,15,192,2011-03-16 17:56:00,2011-11-30 17:01:00,United Kingdom,35,49.39,5,5,5,15,55,VIP Customers,2,1.6994310221344264,0.10383086727602515
13468,143,5,351.41,5,107,2011-02-05 09:29:00,2011-07-19 09:16:00,United Kingdom,25,70.28,2,3,4,9,23,At-Risk Customers,1,0.051477514143347565,0.8568787455878302
13469,3,19,874.24,19,322,2010-12-29 12:00:00,2011-12-06 08:52:00,United Kingdom,46,46.01,5,5,5,15,55,VIP Customers,4,1.9369016915200763,0.16132064236380997
13470,2,14,562.58,14,205,2010-12-09 16:37:00,2011-12-07 08:52:00,United Kingdom,36,40.18,5,5,4,14,55,VIP Customers,2,1.6102359757189773,-0.04041478722044796
13471,140,1,90.22,1,17,2011-07-22 10:29:00,2011-07-22 10:29:00,United Kingdom,5,90.22,2,1,3,6,21,Occasional Buyers,3,-1.1002103374141148,0.16052074644540984
13472,244,1,1.13,1,1,2011-04-09 12:31:00,2011-04-09 12:31:00,United Kingdom,1,1.13,1,1,1,3,11,Lost Customers,0,-2.8232408995377933,0.37904082493567254
13473,11,12,791.61,12,262,2011-01-18 12:45:00,2011-11-28 15:47:00,United Kingdom,37,65.97,4,5,5,14,45,VIP Customers,2,1.565449869044057,0.061074913018547033
13474,32,10,207.17,10,96,2011-01-20 07:40:00,2011-11-07 10:41:00,United Kingdom,16,20.72,3,4,4,11,34,High Potential,2,0.9263201565133209,-0.07149468046714882
13475,3,14,1696.75,14,494,2011-02-02 15:24:00,2011-12-06 16:48:00,United Kingdom,45,121.2,5,5,5,15,55,VIP Customers,4,1.9405372184038228,0.19105606495684613
13476,102,4,93.38,4,47,2011-01-26 19:17:00,2011-08-29 14:50:00,United Kingdom,15,23.34,2,3,3,8,23,At-Risk Customers,1,-0.24722605494573754,0.1413593094646842
13477,18,10,406.26,10,142,2011-05-19 10:18:00,2011-11-21 17:42:00,United Kingdom,36,40.63,4,4,4,12,44,VIP Customers,2,1.2086201851750324,-0.06761413413737259
13478,205,1,20.0,1,10,2011-05-18 08:58:00,2011-05-18 08:58:00,Belgium,2,20.0,1,1,2,4,11,Lost Customers,0,-1.9092437551640182,0.47422073769349526
13479,149,5,68.06,5,21,2010-12-15 09:05:00,2011-07-13 07:50:00,United Kingdom,6,13.61,1,3,3,7,13,At-Risk Customers,1,-0.4783056247629923,0.5848952136131322
13480,8,13,862.92,13,253,2010-12-27 09:24:00,2011-12-01 11:54:00,United Kingdom,43,66.38,5,5,5,15,55,VIP Customers,2,1.6594290206853548,0.0770088540672594
13481,297,1,96.23,1,27,2011-02-15 12:16:00,2011-02-15 12:16:00,United Kingdom,6,96.23,1,1,3,5,11,Occasional Buyers,0,-1.954407347412194,1.645563979789355
13482,24,2,17.18,2,7,2011-10-20 12:55:00,2011-11-15 10:07:00,United Kingdom,4,8.59,4,2,2,8,42,New Customers,3,-0.6666913973707103,-1.1058995886652938
13483,66,1,7.5,1,3,2011-10-04 18:53:00,2011-10-04 18:53:00,United Kingdom,2,7.5,2,1,1,4,21,Lost Customers,3,-1.4112462415693192,-1.0113431993169082
13484,164,1,9.4,1,4,2011-06-28 12:01:00,2011-06-28 12:01:00,United Kingdom,1,9.4,1,1,1,3,11,Lost Customers,3,-1.8951254870119287,-0.05176441214854851
13485,129,2,131.44,2,30,2011-04-22 15:13:00,2011-08-02 09:23:00,United Kingdom,9,65.72,2,2,3,7,22,Occasional Buyers,1,-0.646146700365092,0.2786296815618487
13486,200,2,15.33,2,7,2011-03-08 17:11:00,2011-05-23 13:59:00,France,3,7.66,1,2,1,4,12,Lost Customers,0,-1.678733579091003,0.5228428763634726
13487,134,3,92.12,3,38,2011-03-01 11:01:00,2011-07-28 07:02:00,Denmark,12,30.71,2,3,3,8,23,At-Risk Customers,1,-0.5830902517653628,0.3582778862752153
13488,9,8,456.58,8,157,2011-03-23 11:10:00,2011-11-30 10:50:00,United Kingdom,32,57.07,5,4,4,13,54,VIP Customers,2,1.15595724428533,-0.20088255362585203
13489,310,1,83.85,1,13,2011-02-02 07:05:00,2011-02-02 07:05:00,United Kingdom,4,83.85,1,1,3,5,11,Occasional Buyers,0,-2.068227011474074,1.7400357646500695
13490,9,7,206.36,7,53,2011-01-08 17:35:00,2011-11-30 18:41:00,United Kingdom,14,29.48,5,4,4,13,54,VIP Customers,2,0.8337592003336572,-0.4027484485757501
13491,124,1,75.21,1,19,2011-08-07 11:58:00,2011-08-07 11:58:00,United Kingdom,5,75.21,2,1,3,6,21,Occasional Buyers,3,-1.0659342094142403,-0.025719641506271627
13492,3,80,14553.49,80,3870,2010-12-20 10:04:00,2011-12-06 08:02:00,United Kingdom,50,181.92,5,5,5,15,55,VIP Customers,4,3.7565642947725517,1.2317006583370405
13493,4,25,1688.69,25,535,2011-04-11 10:14:00,2011-12-05 15:51:00,France,48,67.55,5,5,5,15,55,VIP Customers,4,2.3124067269027075,0.39775678162208694
13494,172,1,13.77,1,3,2011-06-20 12:31:00,2011-06-20 12:31:00,United Kingdom,1,13.77,1,1,1,3,11,Lost Customers,3,-1.832800470528421,0.09390135644849498
13495,44,1,7.58,1,4,2011-10-26 11:01:00,2011-10-26 11:01:00,United Kingdom,2,7.58,3,1,1,5,31,Occasional Buyers,3,-1.2859735751520787,-1.2157510778631793
13496,223,1,0.48,1,1,2011-04-30 17:02:00,2011-04-30 17:02:00,United Kingdom,1,0.48,1,1,1,3,11,Lost Customers,0,-2.8172741285143768,0.10879761209107879
13497,343,1,4.62,1,4,2010-12-31 18:11:00,2010-12-31 18:11:00,United Kingdom,2,4.62,1,1,1,3,11,Lost Customers,0,-3.0786308767299784,1.5027665112275503
13498,9,9,156.74,9,76,2011-04-10 09:12:00,2011-11-30 15:42:00,USA,18,17.42,5,4,3,12,54,Loyal Customers,2,0.9041624082380848,-0.3773936672677183
13499,42,4,308.35,4,127,2011-03-26 14:52:00,2011-10-28 14:23:00,United Kingdom,23,77.09,3,3,4,10,33,High Potential,1,0.44821519918904634,-0.18217133142663283
13500,130,2,43.45,2,15,2011-02-25 18:57:00,2011-08-01 17:12:00,United Kingdom,6,21.72,2,2,2,6,22,Lost Customers,3,-0.9842312520552174,0.06812527402845737
13501,1,36,6072.65,36,1237,2011-01-02 15:23:00,2011-12-08 08:11:00,France,50,168.68,5,5,5,15,55,VIP Customers,4,2.961803810082965,0.7544857834015808
13502,283,1,6.81,1,5,2011-03-01 16:55:00,2011-03-01 16:55:00,United Kingdom,2,6.81,1,1,1,3,11,Lost Customers,0,-2.644533229975021,1.0064203950261374
13503,110,1,1.14,1,1,2011-08-21 17:01:00,2011-08-21 17:01:00,United Kingdom,1,1.14,2,1,1,4,21,Lost Customers,3,-2.0761681658920232,-0.8765371581434485
13504,47,6,209.67,6,79,2011-05-14 07:35:00,2011-10-23 07:51:00,United Kingdom,24,34.94,3,4,4,11,34,High Potential,2,0.5351514327070855,-0.09136777271532151
13505,4,51,9417.26,51,2043,2010-12-22 09:45:00,2011-12-05 14:30:00,United Kingdom,50,184.65,5,5,5,15,55,VIP Customers,4,3.313146266433203,0.993650667179746
13506,5,33,2591.23,33,936,2011-01-31 16:46:00,2011-12-04 07:54:00,Portugal,50,78.52,5,5,5,15,55,VIP Customers,4,2.621976397303246,0.5900321459036934
13507,15,6,249.22,6,101,2011-01-13 09:01:00,2011-11-24 14:17:00,United Kingdom,25,41.54,4,4,4,12,44,VIP Customers,2,0.7656169227773687,-0.35678217425649306
13508,204,1,8.1,1,2,2011-05-19 09:45:00,2011-05-19 09:45:00,France,1,8.1,1,1,1,3,11,Lost Customers,0,-2.1583762404468696,0.2964233521503735
13509,103,1,6.94,1,4,2011-08-28 12:47:00,2011-08-28 12:47:00,United Kingdom,2,6.94,2,1,1,4,21,Lost Customers,3,-1.6378910188590978,-0.6781192776621258
13510,41,5,51.56,5,17,2011-02-13 13:04:00,2011-10-29 09:56:00,United Kingdom,6,10.31,3,3,2,8,33,Occasional Buyers,1,0.039508821074925135,-0.48280974931766535
13511,31,6,92.17,6,30,2011-04-26 15:34:00,2011-11-08 19:44:00,Netherlands,9,15.36,3,4,3,10,34,High Potential,1,0.3756942290671803,-0.4057158198762761
13512,20,3,107.07,3,46,2011-02-16 16:02:00,2011-11-19 15:41:00,United Kingdom,11,35.69,4,3,3,10,43,Loyal Customers,1,0.09661309504678124,-0.680716445937207
13513,13,11,1542.96,11,499,2011-03-08 08:01:00,2011-11-26 19:16:00,United Kingdom,48,140.27,4,4,5,13,44,VIP Customers,2,1.7022660050275453,0.18526335944733838
13514,69,7,157.07,7,46,2011-02-11 18:23:00,2011-10-01 17:30:00,United Kingdom,11,22.44,2,4,3,9,24,At-Risk Customers,2,0.4172215595619254,0.10520935696776615
13515,18,1,27.36,1,9,2011-11-21 11:40:00,2011-11-21 11:40:00,United Kingdom,1,27.36,4,1,2,7,41,New Customers,3,-0.7771672241031191,-1.2187707859088017
13516,245,1,4.46,1,4,2011-04-08 17:06:00,2011-04-08 17:06:00,United Kingdom,2,4.46,1,1,1,3,11,Lost Customers,0,-2.5421044493075438,0.5780010790472755
13517,10,7,419.12,7,149,2011-03-17 17:34:00,2011-11-29 14:58:00,United Kingdom,34,59.87,4,4,4,12,44,VIP Customers,2,1.0432474725239926,-0.2511661045925342
13518,31,3,20.61,3,11,2011-01-04 10:23:00,2011-11-08 13:31:00,United Kingdom,4,6.87,3,3,2,8,33,Occasional Buyers,1,-0.45484136566981614,-0.9017472622121908
13519,289,1,15.47,1,6,2011-02-23 14:15:00,2011-02-23 14:15:00,United Kingdom,4,15.47,1,1,1,3,11,Lost Customers,0,-2.4506690121172183,1.2129542569524743
13520,306,3,37.83,3,11,2011-02-05 07:33:00,2011-02-06 07:15:00,United Kingdom,6,12.61,1,3,2,6,13,Occasional Buyers,0,-1.8065954224554817,1.7949623840273414
13521,371,1,5.28,1,2,2010-12-03 18:33:00,2010-12-03 18:33:00,United Kingdom,1,5.28,1,1,1,3,11,Lost Customers,0,-3.200618472791118,1.7876863210705976
13522,26,7,262.78,7,90,2011-02-16 08:39:00,2011-11-13 17:35:00,Portugal,22,37.54,4,4,4,12,44,VIP Customers,2,0.8124600856971868,-0.19487030162013969
13524,326,1,5.26,1,4,2011-01-17 19:27:00,2011-01-17 19:27:00,Germany,3,5.26,1,1,1,3,11,Lost Customers,0,-2.9511864283851232,1.3650777845553426
13525,110,2,32.87,2,16,2011-01-20 10:10:00,2011-08-21 10:16:00,United Kingdom,4,16.44,2,2,2,6,22,Lost Customers,3,-0.9557339632308628,-0.17416285134642936
13526,63,4,144.72,4,53,2011-04-26 12:48:00,2011-10-07 12:48:00,United Kingdom,12,36.18,2,3,3,8,23,At-Risk Customers,1,0.10208321052508061,-0.13686499138289845
13527,181,1,4.06,1,2,2011-06-11 19:06:00,2011-06-11 19:06:00,United Kingdom,1,4.06,1,1,1,3,11,Lost Customers,0,-2.209147410411025,-0.03745147934756701
13528,69,3,81.77,3,45,2011-06-17 14:51:00,2011-10-01 19:11:00,United Kingdom,9,27.26,2,3,3,8,23,At-Risk Customers,1,-0.25728179311469374,-0.2749583347880012
13529,234,1,7.26,1,4,2011-04-19 08:34:00,2011-04-19 08:34:00,United Kingdom,3,7.26,1,1,1,3,11,Lost Customers,0,-2.354809611095769,0.5582285373107041
13530,235,1,8.86,1,8,2011-04-18 19:04:00,2011-04-18 19:04:00,United Kingdom,3,8.86,1,1,1,3,11,Lost Customers,0,-2.3064462882253314,0.6032657663006747
13531,99,2,32.69,2,18,2011-04-18 08:57:00,2011-09-01 17:23:00,United Kingdom,5,16.34,2,2,2,6,22,Lost Customers,3,-0.8961471437527706,-0.2783833050852888
13532,4,9,258.93,9,98,2011-03-06 12:21:00,2011-12-05 16:05:00,Germany,28,28.77,5,4,4,13,54,VIP Customers,2,1.08410742124583,-0.32368668439051373
13533,27,10,1224.88,10,348,2011-03-10 12:07:00,2011-11-12 18:37:00,United Kingdom,45,122.49,3,4,5,12,34,High Potential,2,1.4941654192542577,0.23871433321396968
13534,142,1,10.37,1,14,2011-07-20 10:11:00,2011-07-20 10:11:00,United Kingdom,2,10.37,2,1,1,4,21,Lost Customers,3,-1.7455465969081625,-0.2400996128838193
13535,59,11,81.65,11,50,2011-02-18 15:10:00,2011-10-11 08:36:00,United Kingdom,15,7.42,3,4,3,10,34,High Potential,2,0.5546686643506624,0.027009777914840456
13536,14,4,137.14,4,45,2011-03-02 19:51:00,2011-11-25 15:27:00,United Kingdom,15,34.28,4,3,3,10,43,Loyal Customers,1,0.35847488974659786,-0.6070978511825624
13537,6,10,210.96,10,86,2011-01-13 18:21:00,2011-12-03 07:58:00,United Kingdom,20,21.1,5,4,4,13,54,VIP Customers,2,1.07649300327402,-0.3116635582478675
13538,217,2,28.39,2,15,2011-03-13 15:59:00,2011-05-06 08:34:00,United Kingdom,3,14.19,1,2,2,5,12,Lost Customers,0,-1.5943490795713324,0.8006051279887578
13539,167,4,20.86,4,10,2011-05-04 16:37:00,2011-06-25 17:02:00,United Kingdom,6,5.22,1,3,2,6,13,Occasional Buyers,3,-1.0544073664903122,0.45628402022057635
13540,13,13,552.11,13,213,2011-05-01 07:00:00,2011-11-26 13:53:00,United Kingdom,36,42.47,4,5,4,13,45,VIP Customers,2,1.49579104492459,0.03408502529506663
13541,42,16,477.31,16,170,2010-12-03 07:56:00,2011-10-28 16:23:00,Spain,41,29.83,3,5,4,12,35,High Potential,2,1.4239050529057402,0.34674561101513435
13542,1,2,6.64,2,12,2011-02-13 18:27:00,2011-12-08 11:16:00,United Kingdom,2,3.32,5,2,1,8,52,New Customers,3,-0.8027475270993919,-1.4961697573450943
13543,29,4,154.39,4,49,2011-05-13 13:06:00,2011-11-10 16:26:00,United Kingdom,9,38.6,3,3,3,9,33,High Potential,1,0.31084604897403995,-0.4427436563657964
13544,312,1,4.67,1,1,2011-01-31 12:32:00,2011-01-31 12:32:00,United Kingdom,1,4.67,1,1,1,3,11,Lost Customers,0,-2.9034329189960904,1.2138626366884482
13545,23,2,64.42,2,24,2011-06-22 14:53:00,2011-11-16 08:00:00,United Kingdom,7,32.21,4,2,3,9,42,New Customers,1,-0.27112172967543285,-0.8573827049696364
13546,178,1,20.16,1,10,2011-06-14 10:34:00,2011-06-14 10:34:00,United Kingdom,3,20.16,1,1,2,4,11,Lost Customers,0,-1.7566898703053606,0.22256973084654477
13547,370,1,47.91,1,9,2010-12-04 08:48:00,2010-12-04 08:48:00,United Kingdom,2,47.91,1,1,2,4,11,Lost Customers,0,-2.569887617174605,2.1917053533458124
13548,19,2,63.49,2,26,2011-05-19 14:54:00,2011-11-20 13:42:00,United Kingdom,8,31.74,4,2,3,9,42,New Customers,1,-0.2532244386291225,-0.897774418743322
13549,44,10,232.54,10,91,2011-01-27 16:04:00,2011-10-26 19:08:00,United Kingdom,16,23.25,3,4,4,11,34,High Potential,2,0.8945710399938922,0.06419027784477091
13550,243,3,71.95,3,22,2011-01-27 08:29:00,2011-04-10 18:01:00,United Kingdom,5,23.98,1,3,3,7,13,At-Risk Customers,0,-1.26397362272395,1.3312088740927164
13551,10,2,34.66,2,19,2011-09-24 09:54:00,2011-11-29 10:11:00,United Kingdom,6,17.33,4,2,2,8,42,New Customers,1,-0.3835962019634587,-1.101493232194382
13552,19,11,1612.66,11,462,2010-12-22 10:32:00,2011-11-20 08:29:00,United Kingdom,48,146.61,4,4,5,13,44,VIP Customers,2,1.6823270025008958,0.25041819349537336
13553,20,7,241.82,7,62,2011-03-27 08:41:00,2011-11-19 09:00:00,United Kingdom,11,34.55,4,4,4,12,44,VIP Customers,2,0.8206302622764026,-0.26780736256225635
13554,11,4,95.49,4,49,2011-08-16 09:56:00,2011-11-28 11:15:00,United Kingdom,12,23.87,4,3,3,10,43,Loyal Customers,1,0.26587972225218226,-0.7074969461848398
13555,20,10,2145.35,10,458,2010-12-02 19:10:00,2011-11-19 11:46:00,United Kingdom,49,214.54,4,4,5,13,44,VIP Customers,2,1.703710352992106,0.2858812741539634
13556,50,2,92.17,2,31,2011-08-05 11:44:00,2011-10-20 19:40:00,United Kingdom,7,46.08,3,2,3,8,32,High Potential,1,-0.313668197574548,-0.5329884455132217
13557,171,2,67.11,2,24,2011-04-13 11:26:00,2011-06-21 08:14:00,United Kingdom,9,33.56,1,2,3,6,12,Occasional Buyers,0,-1.082398223587754,0.5385325707540126
13558,199,1,9.82,1,8,2011-05-24 15:03:00,2011-05-24 15:03:00,United Kingdom,2,9.82,1,1,1,3,11,Lost Customers,0,-2.0778257010588126,0.2844049730262074
13559,5,22,1528.81,22,536,2011-02-20 19:50:00,2011-12-04 11:28:00,United Kingdom,49,69.49,5,5,5,15,55,VIP Customers,4,2.192116322664289,0.3429183380915361
13560,264,1,17.2,1,10,2011-03-20 08:21:00,2011-03-20 08:21:00,Germany,4,17.2,1,1,2,4,11,Lost Customers,0,-2.281135036389091,0.9986446838396678
13561,2,4,24.08,4,11,2011-07-01 19:40:00,2011-12-07 11:28:00,United Kingdom,4,6.02,5,3,2,10,53,Occasional Buyers,1,-0.09440916554667754,-1.0632502308235585
13562,60,1,1.48,1,1,2011-10-10 17:46:00,2011-10-10 17:46:00,United Kingdom,1,1.48,3,1,1,5,31,Occasional Buyers,3,-1.7530321381554674,-1.315691411762076
13563,63,1,34.39,1,14,2011-10-07 10:29:00,2011-10-07 10:29:00,Germany,3,34.39,2,1,2,5,21,Lost Customers,3,-0.9601236345595168,-0.7522047239246211
13564,50,4,369.99,4,76,2011-03-06 16:40:00,2011-10-20 08:34:00,United Kingdom,22,92.5,3,3,4,10,33,High Potential,2,0.45904012904923036,-0.07056039216921012
13565,13,4,34.54,4,13,2011-03-28 15:03:00,2011-11-26 16:49:00,Germany,6,8.64,4,3,2,9,43,Occasional Buyers,1,-0.049449050644178746,-0.8898973106802817
13566,163,6,155.87,6,65,2010-12-24 14:31:00,2011-06-29 13:02:00,United Kingdom,12,25.98,1,4,3,8,14,At-Risk Customers,1,-0.20014387277011444,0.9369791659540979
13567,275,3,9.21,3,7,2011-01-05 16:01:00,2011-03-09 11:08:00,United Kingdom,5,3.07,1,3,1,5,13,Occasional Buyers,0,-2.040949080189346,1.235239346162722
13568,170,1,41.89,1,13,2011-06-22 09:58:00,2011-06-22 09:58:00,United Kingdom,2,41.89,1,1,2,4,11,Lost Customers,3,-1.4969862283415347,0.2898478954529891
13569,13,24,1992.72,24,582,2010-12-05 09:31:00,2011-11-26 17:59:00,United Kingdom,49,83.03,4,5,5,14,45,VIP Customers,4,2.2857034419551456,0.5013346950025309
13570,20,2,27.37,2,11,2011-10-19 08:42:00,2011-11-19 18:59:00,Australia,6,13.68,4,2,2,8,42,New Customers,1,-0.5088960537565203,-1.0537826365800227
13571,2,16,1962.89,16,603,2011-01-05 09:36:00,2011-12-07 18:11:00,United Kingdom,48,122.68,5,5,5,15,55,VIP Customers,4,2.0766694016271696,0.2561267147059592
13572,7,13,313.28,13,123,2010-12-02 09:34:00,2011-12-02 15:33:00,United Kingdom,30,24.1,5,5,4,14,55,VIP Customers,2,1.3570124735834008,-0.13602302816794204
13573,3,15,1633.81,15,504,2011-01-30 08:29:00,2011-12-06 17:46:00,United Kingdom,48,108.92,5,5,5,15,55,VIP Customers,4,1.9734868393180154,0.2067127361323073
13574,305,2,60.73,2,18,2011-01-10 07:12:00,2011-02-07 16:31:00,United Kingdom,4,30.36,1,2,3,6,12,Occasional Buyers,0,-1.8580001839328717,1.77524538272102
13575,5,12,698.78,12,171,2010-12-14 15:46:00,2011-12-04 08:08:00,United Kingdom,35,58.23,5,5,5,15,55,VIP Customers,2,1.5608980170252023,-0.02027468741947128
13576,26,12,598.64,12,280,2011-01-01 16:21:00,2011-11-13 11:49:00,United Kingdom,42,49.89,4,5,4,13,45,VIP Customers,2,1.3970061130274953,0.14553931366063805
13577,32,7,369.9,7,142,2011-01-24 09:37:00,2011-11-07 10:04:00,United Kingdom,29,52.84,3,4,4,11,34,High Potential,2,0.8828759828761172,-0.06996759351554897
13578,29,4,71.35,4,29,2010-12-25 08:23:00,2011-11-10 09:48:00,United Kingdom,7,17.84,3,3,3,9,33,High Potential,1,0.07802498097033891,-0.5966983826078183
13579,5,18,1702.43,18,548,2011-01-25 09:40:00,2011-12-04 16:44:00,United Kingdom,47,94.58,5,5,5,15,55,VIP Customers,4,2.0932549765054222,0.29569682448917417
13580,21,18,1141.46,18,376,2010-12-22 11:36:00,2011-11-18 19:10:00,United Kingdom,43,63.41,4,5,5,14,45,VIP Customers,4,1.8825586029559367,0.3652779648906775
13581,16,24,3122.49,24,879,2010-12-22 09:24:00,2011-11-23 07:56:00,United Kingdom,50,130.1,4,5,5,14,45,VIP Customers,4,2.4057466935473113,0.6198840472361252
13582,82,3,40.62,3,23,2011-04-08 07:44:00,2011-09-18 10:30:00,United Kingdom,6,13.54,2,3,2,7,23,Occasional Buyers,1,-0.5390086425814574,-0.29151647082201654
13583,166,1,11.06,1,7,2011-06-26 13:07:00,2011-06-26 13:07:00,United Kingdom,3,11.06,1,1,1,3,11,Lost Customers,3,-1.8611510869221113,-0.003185360418213195
13584,219,1,11.39,1,5,2011-05-04 19:16:00,2011-05-04 19:16:00,United Kingdom,2,11.39,1,1,1,3,11,Lost Customers,0,-2.1478487887085573,0.49923384376850877
13585,1,52,11819.67,52,3292,2010-12-10 14:46:00,2011-12-08 19:42:00,United Kingdom,50,227.3,5,5,5,15,55,VIP Customers,4,3.4121589915502715,1.018144083613839
13586,251,1,14.76,1,10,2011-04-02 10:31:00,2011-04-02 10:31:00,United Kingdom,3,14.76,1,1,1,3,11,Lost Customers,0,-2.252638180673505,0.8477525341305906
13587,310,1,9.8,1,4,2011-02-02 14:53:00,2011-02-02 14:53:00,United Kingdom,1,9.8,1,1,1,3,11,Lost Customers,0,-2.6960513246081974,1.3248820971344089
13588,5,2,46.85,2,21,2011-10-11 15:23:00,2011-12-04 10:52:00,United Kingdom,8,23.42,5,2,2,9,52,New Customers,1,-0.26621702901747507,-1.089158393433695
13589,236,3,96.52,3,48,2011-03-03 10:18:00,2011-04-17 07:10:00,United Kingdom,13,32.17,1,3,3,7,13,At-Risk Customers,0,-1.1366100707378424,1.3240327427400465
13590,137,1,2.88,1,1,2011-07-25 15:36:00,2011-07-25 15:36:00,United Kingdom,1,2.88,2,1,1,4,21,Lost Customers,3,-2.045181548211164,-0.5035185789153539
13591,120,3,49.97,3,18,2011-02-08 08:24:00,2011-08-11 12:27:00,United Kingdom,9,16.66,2,3,2,7,23,Occasional Buyers,1,-0.688737250503304,0.10562546970847941
13592,15,11,316.12,11,146,2011-01-02 17:54:00,2011-11-24 18:26:00,United Kingdom,23,28.74,4,4,4,12,44,VIP Customers,2,1.2090539784431886,-0.1147636780094187
13593,207,1,2.86,1,2,2011-05-16 12:01:00,2011-05-16 12:01:00,United Kingdom,2,2.86,1,1,1,3,11,Lost Customers,0,-2.436272217850236,0.15183232114341658
13594,12,11,1061.37,11,293,2011-02-19 18:00:00,2011-11-27 07:06:00,United Kingdom,44,96.49,4,4,5,13,44,VIP Customers,2,1.5939671331801548,0.1005932865999319
13595,41,7,1327.74,7,368,2010-12-18 11:53:00,2011-10-29 13:54:00,United Kingdom,40,189.68,3,4,5,12,34,High Potential,2,1.221444459145306,0.2714229015372144
13596,219,2,4.89,2,5,2011-01-26 11:20:00,2011-05-04 13:07:00,France,2,2.45,1,2,1,4,12,Lost Customers,0,-2.0950453053373512,0.49562910612078237
13597,104,3,35.89,3,17,2011-05-06 17:02:00,2011-08-27 19:05:00,United Kingdom,7,11.96,2,3,2,7,23,Occasional Buyers,1,-0.6981717185695404,-0.10951888689575857
13598,2,15,1226.83,15,423,2011-01-22 10:39:00,2011-12-07 13:35:00,United Kingdom,48,81.79,5,5,5,15,55,VIP Customers,4,1.89185928516307,0.13967927774192773
13599,171,1,15.75,1,8,2011-06-21 17:10:00,2011-06-21 17:10:00,United Kingdom,3,15.75,1,1,1,3,11,Lost Customers,3,-1.7889208489855697,0.10986048563466756
13600,5,22,2261.02,22,739,2010-12-31 11:02:00,2011-12-04 19:18:00,United Kingdom,49,102.77,5,5,5,15,55,VIP Customers,4,2.311238562611243,0.42168883767569804
13601,116,8,419.73,8,128,2011-03-11 13:40:00,2011-08-15 15:05:00,United Kingdom,34,52.47,2,4,4,10,24,At-Risk Customers,2,0.5349812894337818,0.7855494572398601
13602,179,6,206.66,6,86,2010-12-03 11:03:00,2011-06-13 15:32:00,United Kingdom,20,34.44,1,4,4,9,14,At-Risk Customers,1,-0.2037487110119093,1.143501180730547
13603,10,25,4950.65,25,1415,2010-12-26 16:39:00,2011-11-29 15:19:00,United Kingdom,50,198.03,4,5,5,14,45,VIP Customers,4,2.6064870896981427,0.6705593420437784
13604,311,1,1.8,1,1,2011-02-01 13:49:00,2011-02-01 13:49:00,United Kingdom,1,1.8,1,1,1,3,11,Lost Customers,0,-3.112764559075043,1.0623838668965
13605,35,7,212.24,7,78,2011-02-14 08:04:00,2011-11-04 14:42:00,United Kingdom,17,30.32,3,4,4,11,34,High Potential,2,0.6975979667076182,-0.15331428358175617
13606,56,4,29.08,4,11,2011-02-02 10:43:00,2011-10-14 19:42:00,Switzerland,5,7.27,3,3,2,8,33,Occasional Buyers,1,-0.3395255219135622,-0.5202784325245512
13607,158,2,107.59,2,23,2011-04-18 19:36:00,2011-07-04 09:56:00,Belgium,6,53.8,1,2,3,6,12,Occasional Buyers,1,-0.8679906036024784,0.5105753472696117
13608,21,5,197.17,5,76,2011-03-16 17:06:00,2011-11-18 16:54:00,United Kingdom,18,39.43,4,3,4,11,43,Loyal Customers,2,0.5550169273259619,-0.4030582168698491
13609,5,22,4129.2,22,1234,2010-12-15 13:04:00,2011-12-04 19:02:00,Netherlands,50,187.69,5,5,5,15,55,VIP Customers,4,2.494610978035823,0.5429452611561577
13611,50,5,54.11,5,23,2011-01-04 13:47:00,2011-10-20 19:04:00,United Kingdom,9,10.82,3,3,2,8,33,Occasional Buyers,1,0.0038574135776524776,-0.38887503759921355
13612,3,11,1258.95,11,398,2011-02-12 12:25:00,2011-12-06 14:08:00,United Kingdom,48,114.45,5,4,5,14,54,VIP Customers,2,1.6959984761351947,0.05055281898485821
13613,1,4,31.1,4,14,2011-08-18 13:05:00,2011-12-08 13:15:00,United Kingdom,7,7.78,5,3,2,10,53,Occasional Buyers,1,-0.013680958881782444,-1.022924690626936
13614,168,1,2.99,1,1,2011-06-24 07:11:00,2011-06-24 07:11:00,Portugal,1,2.99,1,1,1,3,11,Lost Customers,3,-2.209167167035972,-0.2072004588267347
13615,66,2,14.1,2,3,2011-05-28 09:16:00,2011-10-03 19:55:00,United Kingdom,3,7.05,2,2,1,5,22,Lost Customers,3,-0.9569381213576954,-0.7494499002977534
13616,4,10,293.75,10,103,2011-01-01 15:23:00,2011-12-05 16:34:00,United Kingdom,24,29.38,5,4,4,13,54,VIP Customers,2,1.188048278896974,-0.26400998989549707
13617,4,3,20.05,3,6,2011-07-05 16:50:00,2011-12-05 12:40:00,United Kingdom,5,6.68,5,3,2,10,53,Occasional Buyers,1,-0.31259592829802635,-1.1602148094368183
13618,138,3,58.42,3,34,2010-12-17 14:42:00,2011-07-24 16:01:00,United Kingdom,9,19.47,2,3,3,8,23,At-Risk Customers,1,-0.7421793995085704,0.3053053962345448
13619,178,1,1.66,1,1,2011-06-14 09:46:00,2011-06-14 09:46:00,United Kingdom,1,1.66,1,1,1,3,11,Lost Customers,3,-2.3883053712011764,-0.1950908888061712
13620,37,8,790.43,8,168,2010-12-17 09:06:00,2011-11-02 16:20:00,Switzerland,30,98.8,3,4,5,12,34,High Potential,2,1.167021970296628,0.17201913000621943
13621,58,1,24.96,1,16,2011-10-12 12:59:00,2011-10-12 12:59:00,United Kingdom,1,24.96,3,1,2,6,31,Occasional Buyers,3,-1.0266792053284697,-0.8614981525618803
13622,11,3,145.37,3,60,2011-08-03 14:15:00,2011-11-28 09:27:00,United Kingdom,13,48.46,4,3,3,10,43,Loyal Customers,1,0.23908804930181704,-0.7040132637644073
13623,61,2,64.35,2,8,2011-03-18 11:32:00,2011-10-09 09:01:00,Germany,3,32.17,2,2,3,7,22,Occasional Buyers,1,-0.4828996965485174,-0.5012713814393118
13624,62,6,277.22,6,92,2010-12-09 08:54:00,2011-10-08 11:26:00,United Kingdom,26,46.2,2,4,4,10,24,At-Risk Customers,2,0.5363906701644955,0.10530081559846627
13625,11,21,1048.25,21,402,2011-03-07 19:55:00,2011-11-28 19:50:00,United Kingdom,42,49.92,4,5,5,14,45,VIP Customers,4,2.0132658731753614,0.30721491817182517
13626,24,13,285.37,13,126,2010-12-23 14:21:00,2011-11-15 12:52:00,United Kingdom,25,21.95,4,5,4,13,45,VIP Customers,2,1.2340905696889841,0.0046562658904333995
13627,74,1,12.34,1,11,2011-09-26 17:54:00,2011-09-26 17:54:00,United Kingdom,2,12.34,2,1,1,4,21,Lost Customers,3,-1.3184919535831574,-0.8455558403324313
13628,30,5,224.95,5,81,2011-02-15 10:38:00,2011-11-09 07:03:00,United Kingdom,19,44.99,3,3,4,10,33,High Potential,2,0.5448924409691661,-0.2922436317375303
13629,11,15,345.89,15,143,2010-12-01 14:31:00,2011-11-28 09:04:00,United Kingdom,26,23.06,4,5,4,13,45,VIP Customers,2,1.456801896979902,-0.030496294643917607
13630,260,1,9.65,1,8,2011-03-24 15:10:00,2011-03-24 15:10:00,United Kingdom,4,9.65,1,1,1,3,11,Lost Customers,0,-2.4220849479649456,0.853214032637786
13631,2,36,5816.63,36,1580,2010-12-06 10:39:00,2011-12-07 09:52:00,United Kingdom,50,161.57,5,5,5,15,55,VIP Customers,4,2.9431223884230486,0.755189158163321
13632,155,1,9.75,1,5,2011-07-07 11:50:00,2011-07-07 11:50:00,United Kingdom,1,9.75,1,1,1,3,11,Lost Customers,3,-1.8349634853890677,-0.12949130452749658
13633,11,4,83.84,4,35,2011-01-18 18:03:00,2011-11-28 19:51:00,Spain,12,20.96,4,3,3,10,43,Loyal Customers,1,0.2266898702880964,-0.7334115379454974
13634,26,1,7.5,1,5,2011-11-13 10:27:00,2011-11-13 10:27:00,United Kingdom,1,7.5,4,1,1,6,41,New Customers,3,-1.1886652957932573,-1.3864241874899632
13635,65,1,4.28,1,4,2011-10-05 08:55:00,2011-10-05 08:55:00,United Kingdom,1,4.28,2,1,1,4,21,Lost Customers,3,-1.5507002376398464,-1.1166148382594108
13636,7,5,164.93,5,70,2011-05-20 11:33:00,2011-12-02 08:05:00,United Kingdom,20,32.99,5,3,3,11,53,Loyal Customers,2,0.578840840660927,-0.570096994622024
13637,70,5,133.75,5,50,2010-12-09 08:04:00,2011-09-30 16:29:00,United Kingdom,15,26.75,2,3,3,8,23,At-Risk Customers,1,0.16488095243963666,-0.021264803732203966
13638,54,8,331.63,8,143,2011-05-18 07:24:00,2011-10-16 08:59:00,Canada,26,41.45,3,4,4,11,34,High Potential,2,0.8084195583250543,0.15685287102803502
13639,1,9,256.83,9,121,2010-12-08 14:37:00,2011-12-08 19:08:00,United Kingdom,31,28.54,5,4,4,13,54,VIP Customers,2,1.0983303382527956,-0.353451497460686
13640,2,13,1410.77,13,396,2011-04-26 16:06:00,2011-12-07 08:19:00,United Kingdom,45,108.52,5,5,5,15,55,VIP Customers,4,1.8423969378189824,0.11965814673791267
13641,13,12,341.18,12,142,2011-01-09 09:07:00,2011-11-26 18:09:00,Switzerland,22,28.43,4,5,4,13,45,VIP Customers,2,1.2984827800852323,-0.08934591510998734
13642,279,1,90.18,1,38,2011-03-05 10:53:00,2011-03-05 10:53:00,United Kingdom,6,90.18,1,1,3,5,11,Occasional Buyers,0,-1.8738127078187168,1.463838847007431
13643,16,5,241.94,5,63,2011-04-12 16:10:00,2011-11-23 17:47:00,United Kingdom,20,48.39,4,3,4,11,43,Loyal Customers,2,0.6448774117104783,-0.40892032308646464
13644,196,2,58.86,2,25,2011-03-29 07:50:00,2011-05-27 12:42:00,United Kingdom,10,29.43,1,2,3,6,12,Occasional Buyers,0,-1.260836181977351,0.7469543166832058
13645,115,1,10.61,1,4,2011-08-16 15:18:00,2011-08-16 15:18:00,United Kingdom,3,10.61,2,1,1,4,21,Lost Customers,3,-1.5889424280503661,-0.4890723382091001
13646,26,10,680.06,10,185,2011-01-19 15:04:00,2011-11-13 13:16:00,United Kingdom,32,68.01,4,4,5,13,44,VIP Customers,2,1.320714048444866,0.11096166810940943
13647,4,16,734.83,16,262,2010-12-02 08:03:00,2011-12-05 09:42:00,Germany,41,45.93,5,5,5,15,55,VIP Customers,2,1.7665479386339604,0.07716972403175766
13648,148,3,52.8,3,13,2011-02-04 18:51:00,2011-07-14 15:55:00,United Kingdom,6,17.6,1,3,2,6,13,Occasional Buyers,1,-0.8280860328020734,0.37906506129907647
13649,1,12,337.37,12,106,2010-12-19 19:50:00,2011-12-08 07:22:00,United Kingdom,28,28.11,5,5,4,14,55,VIP Customers,2,1.3618467981693438,-0.2041252760148806
13650,15,4,62.49,4,31,2011-01-07 10:47:00,2011-11-24 12:39:00,United Kingdom,9,15.62,4,3,3,10,43,Loyal Customers,1,0.11614125891022678,-0.7542862240724442
13651,2,3,59.89,3,40,2011-08-15 16:00:00,2011-12-07 08:23:00,United Kingdom,9,19.96,5,3,3,11,53,Loyal Customers,1,0.022038952175726854,-0.965048132457881
13652,67,4,147.37,4,43,2010-12-06 16:46:00,2011-10-03 11:10:00,United Kingdom,16,36.84,2,3,3,8,23,At-Risk Customers,1,0.08531415229991404,-0.09572722495768161
13653,2,40,12188.64,40,2676,2010-12-31 14:01:00,2011-12-07 17:51:00,United Kingdom,50,304.72,5,5,5,15,55,VIP Customers,4,3.23912198780817,0.9411684578411156
13654,275,1,67.96,1,7,2011-03-09 12:30:00,2011-03-09 12:30:00,United Kingdom,3,67.96,1,1,3,5,11,Occasional Buyers,0,-1.9366240563644042,1.3700779230488898
13655,26,12,641.79,12,199,2010-12-09 10:05:00,2011-11-12 19:56:00,United Kingdom,38,53.48,4,5,5,14,45,VIP Customers,2,1.4181703352260664,0.15953431876324575
13656,6,13,1561.64,13,451,2011-01-10 13:46:00,2011-12-03 09:29:00,United Kingdom,46,120.13,5,5,5,15,55,VIP Customers,4,1.851062700417792,0.177614884532627
13657,206,1,2.76,1,2,2011-05-17 11:39:00,2011-05-17 11:39:00,United Kingdom,1,2.76,1,1,1,3,11,Lost Customers,0,-2.4387021461835503,0.13716890343248828
13658,193,2,23.31,2,9,2011-02-13 12:52:00,2011-05-30 11:35:00,United Kingdom,3,11.66,1,2,2,5,12,Lost Customers,0,-1.518597968690185,0.5373375213064601
13659,24,27,1798.24,27,590,2010-12-05 14:03:00,2011-11-15 09:36:00,France,47,66.6,4,5,5,14,45,VIP Customers,4,2.27129631163838,0.6246637089479598
13660,16,13,615.38,13,173,2010-12-09 09:54:00,2011-11-23 07:21:00,United Kingdom,35,47.34,4,5,4,13,45,VIP Customers,2,1.5120845866007615,0.08402908194797025
13661,35,4,102.95,4,47,2011-02-21 16:32:00,2011-11-04 12:20:00,United Kingdom,16,25.74,3,3,3,9,33,High Potential,1,0.15501276152498153,-0.4674499659525469
13662,3,43,6805.81,43,1883,2011-01-15 16:24:00,2011-12-06 15:37:00,United Kingdom,50,158.27,5,5,5,15,55,VIP Customers,4,3.1047380420892052,0.8586535835193485
13663,90,2,28.61,2,11,2011-01-28 13:00:00,2011-09-10 13:00:00,United Kingdom,3,14.3,2,2,2,6,22,Lost Customers,3,-0.8853831882576251,-0.38877503631963795
13664,31,5,117.73,5,47,2011-05-27 11:26:00,2011-11-08 13:39:00,United Kingdom,14,23.55,3,3,3,9,33,High Potential,1,0.34334804917121675,-0.41245980583275327
13665,65,11,227.18,11,79,2011-01-09 14:03:00,2011-10-05 08:45:00,United Kingdom,23,20.65,2,4,4,10,24,At-Risk Customers,2,0.8305795902708801,0.2877976581184545
13666,144,1,8.0,1,5,2011-07-18 17:24:00,2011-07-18 17:24:00,United Kingdom,1,8.0,2,1,1,4,21,Lost Customers,3,-1.8278702829192017,-0.26842356723300215
13667,141,1,16.56,1,6,2011-07-21 09:41:00,2011-07-21 09:41:00,United Kingdom,1,16.56,2,1,1,4,21,Lost Customers,3,-1.607601667367567,-0.16193907355106194
13668,3,11,1057.34,11,378,2011-01-16 18:55:00,2011-12-06 08:29:00,United Kingdom,42,96.12,5,4,5,14,54,VIP Customers,2,1.6428902872876576,0.015434619651187044
13669,10,23,776.85,23,279,2011-01-10 17:49:00,2011-11-29 10:48:00,France,40,33.78,4,5,5,14,45,VIP Customers,4,1.9876083649326854,0.2689255177467969
13670,132,2,32.65,2,13,2010-12-28 11:03:00,2011-07-30 11:55:00,United Kingdom,6,16.32,2,2,2,6,22,Lost Customers,3,-1.0801382549294458,0.030819246677626554
13671,88,1,21.54,1,10,2011-09-12 13:03:00,2011-09-12 13:03:00,United Kingdom,4,21.54,2,1,2,5,21,Lost Customers,3,-1.236640272605696,-0.6086382610940698
13672,1,10,385.36,10,164,2011-03-01 09:40:00,2011-12-08 09:49:00,United Kingdom,33,38.54,5,4,4,13,54,VIP Customers,2,1.2871716021842996,-0.2376337547400786
13673,2,3,110.42,3,40,2011-03-18 18:35:00,2011-12-07 18:02:00,United Kingdom,15,36.81,5,3,3,11,53,Loyal Customers,1,0.20607237053800323,-0.8433546156886108
13674,150,1,3.16,1,2,2011-07-12 14:38:00,2011-07-12 14:38:00,United Kingdom,1,3.16,1,1,1,3,11,Lost Customers,3,-2.0962978631517064,-0.3675837210122982
13675,321,1,42.37,1,11,2011-01-22 12:35:00,2011-01-22 12:35:00,Austria,3,42.37,1,1,2,4,11,Lost Customers,0,-2.3338396475164056,1.708020058749663
13676,29,4,128.41,4,42,2011-04-04 19:43:00,2011-11-10 17:43:00,France,6,32.1,3,3,3,9,33,High Potential,1,0.25512402084903896,-0.4795902770741009
13677,61,4,33.75,4,14,2010-12-24 10:59:00,2011-10-09 07:24:00,United Kingdom,7,8.44,2,3,2,7,23,Occasional Buyers,1,-0.32339271645448114,-0.4443274462023649
13678,146,1,44.21,1,17,2011-07-16 10:25:00,2011-07-16 10:25:00,United Kingdom,3,44.21,2,1,2,5,21,Lost Customers,3,-1.3473929745260693,0.0754089751007295
13679,43,13,516.62,13,245,2011-01-22 17:01:00,2011-10-27 08:34:00,United Kingdom,35,39.74,3,5,4,12,35,High Potential,2,1.3086575441682538,0.30203982112281846
13680,191,2,26.19,2,12,2011-05-21 19:26:00,2011-06-01 09:00:00,United Kingdom,3,13.1,1,2,2,5,12,Lost Customers,0,-1.47336868943739,0.5411325131929979
13681,16,3,73.18,3,54,2010-12-17 09:46:00,2011-11-23 13:41:00,United Kingdom,12,24.39,4,3,3,10,43,Loyal Customers,1,0.004265764399352321,-0.7940082657796661
13682,30,4,27.49,4,16,2011-06-02 08:38:00,2011-11-09 11:35:00,United Kingdom,6,6.87,3,3,2,8,33,Occasional Buyers,1,-0.21138835850025245,-0.7750185758114023
13683,29,16,1386.38,16,451,2011-02-26 10:39:00,2011-11-10 08:17:00,United Kingdom,49,86.65,3,5,5,13,35,High Potential,4,1.8205857107896675,0.43931783914609396
13684,13,21,2874.59,21,966,2010-12-29 18:46:00,2011-11-26 10:20:00,United Kingdom,50,136.89,4,5,5,14,45,VIP Customers,4,2.309200036110936,0.5290168827645927
13685,226,1,18.4,1,10,2011-04-27 07:57:00,2011-04-27 07:57:00,United Kingdom,1,18.4,1,1,2,4,11,Lost Customers,0,-2.0502358226796304,0.6551774322025856
13686,51,4,194.02,4,66,2011-05-21 11:45:00,2011-10-19 07:54:00,United Kingdom,17,48.5,3,3,4,10,33,High Potential,1,0.2576141354786146,-0.19069827452377144
13687,23,5,239.88,5,90,2010-12-24 07:18:00,2011-11-16 11:24:00,United Kingdom,24,47.98,4,3,4,11,43,Loyal Customers,2,0.6033321356534729,-0.34499619512630036
13688,2,10,362.94,10,102,2011-07-09 16:43:00,2011-12-07 19:33:00,France,18,36.29,5,4,4,13,54,VIP Customers,2,1.2633996460767156,-0.2402965351293137
13689,64,1,12.43,1,4,2011-10-06 08:01:00,2011-10-06 08:01:00,United Kingdom,3,12.43,2,1,1,4,21,Lost Customers,3,-1.260798789957616,-0.9379718797376203
13690,24,19,774.03,19,261,2011-01-29 11:30:00,2011-11-15 14:43:00,United Kingdom,42,40.74,4,5,5,14,45,VIP Customers,4,1.7830119427283369,0.3337486456893709
13691,68,5,315.31,5,107,2011-01-31 18:05:00,2011-10-02 19:19:00,United Kingdom,24,63.06,2,3,4,9,23,At-Risk Customers,2,0.4359010159522397,0.13183608506799968
13692,149,3,38.09,3,19,2011-01-18 19:08:00,2011-07-13 12:00:00,United Kingdom,5,12.7,1,3,2,6,13,Occasional Buyers,1,-0.9309326438393306,0.32411355568078865
13693,84,8,231.48,8,98,2011-01-10 07:05:00,2011-09-16 17:39:00,United Kingdom,28,28.94,2,4,4,10,24,At-Risk Customers,2,0.5323783790337884,0.36601677895623763
13694,272,1,11.25,1,5,2011-03-12 13:41:00,2011-03-12 13:41:00,United Kingdom,1,11.25,1,1,1,3,11,Lost Customers,0,-2.4462296147189897,0.9939274919865292
13695,11,26,2558.46,26,715,2011-02-19 07:28:00,2011-11-28 18:19:00,United Kingdom,50,98.4,4,5,5,14,45,VIP Customers,4,2.425924922681957,0.5606322840722472
13696,127,1,32.55,1,11,2011-08-04 13:33:00,2011-08-04 13:33:00,United Kingdom,5,32.55,2,1,2,5,21,Lost Customers,3,-1.3325149410325852,-0.16282837899859534
13697,63,2,69.71,2,31,2011-04-02 18:20:00,2011-10-07 11:15:00,United Kingdom,6,34.86,2,2,3,7,22,Occasional Buyers,1,-0.4700195336765278,-0.4666410567034914
13698,5,9,446.27,9,178,2011-01-18 19:26:00,2011-12-04 10:10:00,United Kingdom,37,49.59,5,4,4,13,54,VIP Customers,2,1.243848903386034,-0.20499978887017323
13699,58,3,29.06,3,14,2011-04-12 11:00:00,2011-10-12 10:13:00,United Kingdom,5,9.69,3,3,2,8,33,Occasional Buyers,1,-0.5045630864982211,-0.5820976940756728
13700,66,2,28.41,2,12,2011-01-04 11:10:00,2011-10-04 08:40:00,United Kingdom,4,14.2,2,2,2,6,22,Lost Customers,3,-0.7538988180111776,-0.6151885955493915
13701,21,4,104.16,4,35,2011-02-10 07:28:00,2011-11-18 16:30:00,United Kingdom,9,26.04,4,3,3,10,43,Loyal Customers,1,0.2364408898801595,-0.5963975124005063
13702,15,1,4.4,1,5,2011-11-24 16:14:00,2011-11-24 16:14:00,United Kingdom,1,4.4,4,1,1,6,41,New Customers,3,-1.2656294722316126,-1.5809400400715854
13703,322,1,1.26,1,2,2011-01-21 11:54:00,2011-01-21 11:54:00,United Kingdom,1,1.26,1,1,1,3,11,Lost Customers,0,-3.2392300868092065,1.1223802591736203
13704,173,1,9.54,1,3,2011-06-19 19:06:00,2011-06-19 19:06:00,United Kingdom,1,9.54,1,1,1,3,11,Lost Customers,3,-1.9411335547220319,0.035321878155469624
13705,28,8,217.2,8,77,2011-01-07 07:26:00,2011-11-11 09:32:00,United Kingdom,20,27.15,3,4,4,11,34,High Potential,2,0.8246842912971964,-0.1718637794120513
13706,30,3,258.7,3,67,2011-05-14 10:04:00,2011-11-09 11:09:00,United Kingdom,12,86.23,3,3,4,10,33,High Potential,1,0.30799997687380165,-0.41036915189924833
13707,2,13,965.11,13,281,2011-02-16 12:52:00,2011-12-07 09:14:00,United Kingdom,42,74.24,5,5,5,15,55,VIP Customers,2,1.726866462248243,0.04326272903962658
13708,10,7,124.72,7,46,2011-02-05 19:41:00,2011-11-29 16:23:00,Spain,20,17.82,4,4,3,11,44,Loyal Customers,2,0.6757875245816547,-0.4941518282447897
13710,28,1,2.29,1,1,2011-11-11 19:30:00,2011-11-11 19:30:00,United Kingdom,1,2.29,3,1,1,5,31,Occasional Buyers,3,-1.4888867451389538,-1.5588347178117417
13711,35,9,1044.03,9,240,2011-02-27 13:23:00,2011-11-04 11:20:00,United Kingdom,33,116.0,3,4,5,12,34,High Potential,2,1.335383963842155,0.2472267415629704
13712,12,62,16864.08,62,4397,2010-12-01 19:13:00,2011-11-27 14:59:00,United Kingdom,50,272.0,4,5,5,14,45,VIP Customers,4,3.578250189817203,1.2551748346985327
13713,219,3,109.64,3,49,2011-02-16 08:37:00,2011-05-04 16:40:00,United Kingdom,9,36.55,1,3,3,7,13,At-Risk Customers,0,-1.003568920402167,1.1900448784092192
13714,9,9,105.96,9,33,2011-04-02 14:29:00,2011-11-30 14:31:00,United Kingdom,14,11.77,5,4,3,12,54,Loyal Customers,2,0.7858386013739617,-0.4556361968200282
13715,13,57,15151.69,57,3475,2010-12-02 08:37:00,2011-11-26 13:25:00,United Kingdom,50,265.82,4,5,5,14,45,VIP Customers,4,3.483116324131679,1.213179615909079
13716,19,5,121.51,5,61,2011-01-07 19:32:00,2011-11-20 16:55:00,United Kingdom,18,24.3,4,3,3,10,43,Loyal Customers,1,0.4196677907067122,-0.5186720947182303
13717,75,5,38.58,5,14,2010-12-13 19:55:00,2011-09-25 16:08:00,United Kingdom,7,7.72,2,3,2,7,23,Occasional Buyers,1,-0.23607093028984505,-0.22111428315132475
13718,20,5,122.69,5,66,2010-12-20 10:38:00,2011-11-19 19:46:00,United Kingdom,14,24.54,4,3,3,10,43,Loyal Customers,1,0.41702281775227495,-0.5073644946107536
13719,182,1,23.56,1,18,2011-06-10 18:54:00,2011-06-10 18:54:00,United Kingdom,4,23.56,1,1,2,4,11,Lost Customers,0,-1.733564887354292,0.2900877395781735
13720,32,9,118.06,9,58,2010-12-24 10:59:00,2011-11-07 11:10:00,United Kingdom,16,13.12,3,4,3,10,34,High Potential,2,0.690496248493656,-0.21838005882202005
13721,225,2,21.7,2,10,2010-12-11 18:34:00,2011-04-28 09:24:00,United Kingdom,2,10.85,1,2,2,5,12,Lost Customers,0,-1.7175328116470021,0.8236018063491982
13722,200,3,92.08,3,40,2011-03-10 18:14:00,2011-05-23 14:44:00,United Kingdom,10,30.69,1,3,3,7,13,At-Risk Customers,0,-0.9504796699278972,0.9770749861426774
13723,106,3,65.03,3,31,2011-03-08 09:23:00,2011-08-25 13:23:00,United Kingdom,14,21.68,2,3,3,8,23,At-Risk Customers,1,-0.5319889931416629,0.02648393927587258
13724,5,21,1911.9,21,601,2010-12-07 19:22:00,2011-12-04 19:14:00,United Kingdom,48,91.04,5,5,5,15,55,VIP Customers,4,2.2295616232640993,0.3719024973379353
13725,25,5,155.67,5,76,2011-02-17 18:05:00,2011-11-14 09:29:00,United Kingdom,23,31.13,4,3,3,10,43,Loyal Customers,1,0.461189621679858,-0.4128758106622558
13726,144,2,26.71,2,13,2011-04-29 18:25:00,2011-07-18 16:39:00,United Kingdom,6,13.36,2,2,2,6,22,Lost Customers,3,-1.206066252063166,0.10422769407463692
13727,219,3,33.35,3,13,2011-03-25 08:15:00,2011-05-04 12:29:00,Spain,8,11.12,1,3,2,6,13,Occasional Buyers,0,-1.359819583359094,0.9544713808759087
13728,279,1,14.58,1,5,2011-03-05 17:21:00,2011-03-05 17:21:00,United Kingdom,2,14.58,1,1,1,3,11,Lost Customers,0,-2.4119434647287226,1.107995735072325
13729,85,6,89.09,6,34,2010-12-23 12:58:00,2011-09-15 14:31:00,Denmark,9,14.85,2,4,3,9,24,At-Risk Customers,1,0.06497130300158639,0.09387312839009422
13730,73,6,201.31,6,73,2011-01-28 18:16:00,2011-09-27 10:12:00,United Kingdom,27,33.55,2,4,4,10,24,At-Risk Customers,2,0.378141198631371,0.14427982998784675
13731,22,18,872.57,18,259,2011-01-09 17:33:00,2011-11-17 10:11:00,Spain,37,48.48,4,5,5,14,45,VIP Customers,4,1.7952621574217642,0.3206091261013529
13732,353,1,1.87,1,1,2010-12-21 19:27:00,2010-12-21 19:27:00,United Kingdom,1,1.87,1,1,1,3,11,Lost Customers,0,-3.3389538951250484,1.4611919969127143
13733,68,3,98.75,3,39,2011-02-11 10:22:00,2011-10-02 15:16:00,United Kingdom,15,32.92,2,3,3,8,23,At-Risk Customers,1,-0.19488387592535505,-0.2467538398315863
13734,158,3,24.29,3,12,2011-02-19 14:27:00,2011-07-04 09:36:00,United Kingdom,7,8.1,1,3,2,6,13,Occasional Buyers,3,-1.113641177447524,0.3208056089642854
13735,4,27,1534.45,27,504,2011-01-24 17:50:00,2011-12-05 07:05:00,United Kingdom,47,56.83,5,5,5,15,55,VIP Customers,4,2.334299816300466,0.40519308483486427
13736,6,14,1097.61,14,368,2010-12-18 17:03:00,2011-12-03 07:25:00,United Kingdom,47,78.4,5,5,5,15,55,VIP Customers,4,1.7912765942348463,0.13152615304041515
13737,23,6,221.98,6,107,2010-12-17 13:58:00,2011-11-16 17:13:00,United Kingdom,26,37.0,4,4,4,12,44,VIP Customers,2,0.6859963369546774,-0.30497902956925177
13738,1,30,10156.64,30,2248,2011-02-01 19:53:00,2011-12-08 17:43:00,United Kingdom,50,338.55,5,5,5,15,55,VIP Customers,4,2.9965609372293485,0.7942786064107876
13739,227,1,2.94,1,2,2011-04-26 16:27:00,2011-04-26 16:27:00,United Kingdom,1,2.94,1,1,1,3,11,Lost Customers,0,-2.5413148586516137,0.34350424236733546
13740,1,34,3182.26,34,754,2011-01-28 14:52:00,2011-12-07 19:55:00,United Kingdom,50,93.6,5,5,5,15,55,VIP Customers,4,2.726756762079474,0.6043385567128723
13741,9,7,109.22,7,53,2010-12-28 09:46:00,2011-11-30 16:28:00,United Kingdom,17,15.6,5,4,3,12,54,Loyal Customers,2,0.6412769306758044,-0.530028833403925
13742,266,1,19.34,1,6,2011-03-18 17:18:00,2011-03-18 17:18:00,United Kingdom,2,19.34,1,1,2,4,11,Lost Customers,0,-2.2584055818365982,1.0397879286361653
13743,120,3,57.46,3,16,2010-12-13 19:15:00,2011-08-11 18:19:00,United Kingdom,7,19.15,2,3,3,8,23,At-Risk Customers,1,-0.6469788621476552,0.1332385259611884
13744,9,19,2604.97,19,753,2011-02-19 15:40:00,2011-11-30 09:52:00,Switzerland,50,137.1,5,5,5,15,55,VIP Customers,4,2.2358205740027586,0.43732271123314354
13745,23,19,1933.55,19,713,2011-03-08 14:43:00,2011-11-16 14:13:00,United Kingdom,49,101.77,4,5,5,14,45,VIP Customers,4,2.067176296403421,0.5085979065665787
13746,22,7,95.26,7,44,2011-01-15 19:16:00,2011-11-17 18:08:00,United Kingdom,13,13.61,4,4,3,11,44,Loyal Customers,2,0.5276914238137105,-0.4354022102895266
13747,40,2,18.47,2,8,2011-09-14 12:42:00,2011-10-30 13:21:00,United Kingdom,3,9.24,3,2,2,7,32,Occasional Buyers,3,-0.7348445927818233,-0.9420606727277208
13748,2,4,51.79,4,14,2011-04-29 16:09:00,2011-12-07 08:48:00,United Kingdom,4,12.95,5,3,2,10,53,Occasional Buyers,1,0.13226822461668214,-0.9133580589205361
13749,4,42,12669.14,42,3004,2010-12-01 19:08:00,2011-12-05 13:24:00,United Kingdom,50,301.65,5,5,5,15,55,VIP Customers,4,3.272575353742001,0.9848780412566935
13750,35,9,245.54,9,44,2010-12-30 13:19:00,2011-11-04 09:56:00,United Kingdom,16,27.28,3,4,4,11,34,High Potential,2,0.895498996067736,-0.043650584842107085
13751,85,1,6.9,1,3,2011-09-15 19:25:00,2011-09-15 19:25:00,Netherlands,1,6.9,2,1,1,4,21,Lost Customers,3,-1.5392678345794606,-0.8479228962722497
13752,17,8,314.58,8,134,2011-05-16 15:37:00,2011-11-22 15:14:00,United Kingdom,29,39.32,4,4,4,12,44,VIP Customers,2,0.99828084309623,-0.20069441865131535
13753,96,1,19.11,1,9,2011-09-04 11:02:00,2011-09-04 11:02:00,United Kingdom,2,19.11,2,1,2,5,21,Lost Customers,3,-1.3159002021275101,-0.5565966296472534
13754,12,7,566.06,7,142,2011-04-06 08:03:00,2011-11-27 16:22:00,United Kingdom,33,80.87,4,4,4,12,44,VIP Customers,2,1.1234668413869588,-0.17200721071738168
13755,371,1,22.28,1,14,2010-12-03 15:42:00,2010-12-03 15:42:00,United Kingdom,3,22.28,1,1,2,4,11,Lost Customers,0,-2.8015618678361927,2.051565577779143
13756,26,19,679.92,19,220,2011-01-11 17:23:00,2011-11-13 19:37:00,United Kingdom,38,35.79,4,5,5,14,45,VIP Customers,4,1.732454056557734,0.3264300713954655
13757,24,6,262.73,6,78,2011-05-14 18:32:00,2011-11-15 13:29:00,United Kingdom,17,43.79,4,4,4,12,44,VIP Customers,2,0.7315521810151552,-0.26179826758771707
13758,77,6,418.4,6,131,2010-12-28 15:47:00,2011-09-22 19:55:00,Denmark,25,69.73,2,4,4,10,24,At-Risk Customers,2,0.5779227532896082,0.32861335876338715
13759,32,3,11.95,3,5,2011-08-17 08:00:00,2011-11-07 09:51:00,United Kingdom,4,3.98,3,3,1,7,33,Occasional Buyers,3,-0.6163647005834966,-0.9954992038847876
13760,268,1,20.33,1,8,2011-03-16 12:34:00,2011-03-16 12:34:00,United Kingdom,2,20.33,1,1,2,4,11,Lost Customers,0,-2.255059842780905,1.0681135421141108
13761,236,1,15.85,1,5,2011-04-17 13:56:00,2011-04-17 13:56:00,United Kingdom,1,15.85,1,1,1,3,11,Lost Customers,0,-2.148801957102967,0.7205659045416672
13762,132,1,0.86,1,1,2011-07-30 13:26:00,2011-07-30 13:26:00,United Kingdom,1,0.86,2,1,1,4,21,Lost Customers,3,-2.241297495553064,-0.6984848054575867
13763,1,58,12703.96,58,3060,2010-12-09 13:42:00,2011-12-08 08:58:00,United Kingdom,50,219.03,5,5,5,15,55,VIP Customers,4,3.5080045612355737,1.071333781615333
13764,93,1,21.79,1,7,2011-09-07 17:13:00,2011-09-07 17:13:00,United Kingdom,3,21.79,2,1,2,5,21,Lost Customers,3,-1.261103369297618,-0.5595316280591311
13765,205,1,2.07,1,1,2011-05-18 16:53:00,2011-05-18 16:53:00,Germany,1,2.07,1,1,1,3,11,Lost Customers,0,-2.494886799341145,0.08695975948854784
13766,67,6,83.2,6,39,2011-01-30 16:00:00,2011-10-02 19:57:00,United Kingdom,15,13.87,2,4,3,9,24,At-Risk Customers,1,0.14453937999070454,-0.08853082682864619
13767,38,3,23.98,3,9,2011-05-06 17:45:00,2011-11-01 16:32:00,United Kingdom,5,7.99,3,3,2,8,33,Occasional Buyers,1,-0.44965478525016744,-0.8069213338594161
13768,17,10,338.51,10,129,2011-01-04 19:58:00,2011-11-22 10:52:00,United Kingdom,31,33.85,4,4,4,12,44,VIP Customers,2,1.158768478180518,-0.11363556860466514
13769,48,14,441.46,14,194,2011-02-06 08:03:00,2011-10-22 13:49:00,Denmark,35,31.53,3,5,4,12,35,High Potential,2,1.2805740915468549,0.3421977580523478
13770,13,8,934.18,8,280,2010-12-08 19:01:00,2011-11-26 12:01:00,United Kingdom,43,116.77,4,4,5,13,44,VIP Customers,2,1.3514027254986074,-0.01941628684643584
13771,3,48,4583.29,48,1215,2011-01-02 08:59:00,2011-12-06 19:21:00,United Kingdom,50,95.49,5,5,5,15,55,VIP Customers,4,3.0584828752694184,0.8178414840618755
13772,308,1,38.7,1,10,2011-02-04 19:10:00,2011-02-04 19:10:00,United Kingdom,1,38.7,1,1,2,4,11,Lost Customers,0,-2.288430036078143,1.5683115991576746
13773,1,13,376.52,13,121,2011-01-21 12:31:00,2011-12-08 11:14:00,United Kingdom,29,28.96,5,5,4,14,55,VIP Customers,2,1.446239455388545,-0.15536065171544838
13774,8,47,8405.91,47,2187,2010-12-02 07:48:00,2011-12-01 12:02:00,Spain,50,178.85,5,5,5,15,55,VIP Customers,4,3.2011549060214897,0.9794264560711399
13775,110,9,245.18,9,79,2011-01-30 16:10:00,2011-08-21 08:35:00,United Kingdom,22,27.24,2,4,4,10,24,At-Risk Customers,2,0.4777146601150189,0.6593319668917934
13776,107,1,5.18,1,1,2011-08-24 17:59:00,2011-08-24 17:59:00,United Kingdom,1,5.18,2,1,1,4,21,Lost Customers,3,-1.7364731178829893,-0.6910810152345231
13777,60,1,11.29,1,13,2011-10-10 09:32:00,2011-10-10 09:32:00,United Kingdom,2,11.29,3,1,1,5,31,Occasional Buyers,3,-1.2655577042945942,-0.9933451839978327
13778,165,4,294.22,4,77,2010-12-30 09:44:00,2011-06-27 10:16:00,Belgium,14,73.56,1,3,4,8,13,At-Risk Customers,1,-0.2504606651815868,0.9617867570686506
13779,43,4,345.89,4,73,2011-03-26 19:26:00,2011-10-27 11:18:00,United Kingdom,19,86.47,3,3,4,10,33,High Potential,2,0.47753454909143705,-0.14972707638869961
13780,26,10,1948.26,10,494,2011-03-11 16:02:00,2011-11-13 13:47:00,Belgium,47,194.83,4,4,5,13,44,VIP Customers,2,1.640987250986458,0.3227447925608561
13781,36,2,51.91,2,18,2011-01-03 07:33:00,2011-11-03 08:32:00,United Kingdom,7,25.96,3,2,2,7,32,Occasional Buyers,1,-0.4081013942484839,-0.7782256490079655
13782,28,4,258.78,4,100,2011-01-13 17:54:00,2011-11-11 12:03:00,Australia,19,64.7,3,3,4,10,33,High Potential,1,0.4729287747066069,-0.3486218132013698
13783,30,6,90.69,6,55,2011-01-13 11:20:00,2011-11-09 16:09:00,United Kingdom,15,15.12,3,4,3,10,34,High Potential,1,0.3763818197959183,-0.41831775407169625
13784,32,9,645.48,9,208,2011-05-06 17:39:00,2011-11-07 18:52:00,Spain,38,71.72,3,4,5,12,34,High Potential,2,1.2058046253172932,0.12237157832295954
13785,69,7,192.96,7,85,2011-03-10 18:30:00,2011-10-01 07:57:00,Finland,23,27.57,2,4,4,10,24,At-Risk Customers,2,0.4795410712575333,0.14641861455300018
13786,13,8,257.06,8,103,2011-04-10 14:41:00,2011-11-26 18:55:00,United Kingdom,25,32.13,4,4,4,12,44,VIP Customers,2,0.9592531037861755,-0.27872824763380877
13787,87,4,134.38,4,68,2011-07-01 09:39:00,2011-09-13 12:08:00,Belgium,15,33.6,2,3,3,8,23,At-Risk Customers,1,-0.05388219840494755,0.07336029227124838
13788,8,4,94.0,4,40,2011-02-08 08:15:00,2011-12-01 08:12:00,United Kingdom,13,23.5,5,3,3,11,53,Loyal Customers,1,0.2778334096561756,-0.7387623048254857
13789,93,1,4.69,1,7,2011-09-07 11:10:00,2011-09-07 11:10:00,United Kingdom,1,4.69,2,1,1,4,21,Lost Customers,3,-1.6837298061941515,-0.8389966178598506
13790,138,1,54.49,1,23,2011-07-24 12:12:00,2011-07-24 12:12:00,United Kingdom,6,54.49,2,1,2,5,21,Lost Customers,3,-1.2404748738788198,0.0416565225520347
13791,101,5,138.42,5,65,2010-12-18 19:11:00,2011-08-30 07:21:00,United Kingdom,20,27.68,2,3,3,8,23,At-Risk Customers,1,0.0027573819333270764,0.27628461016320804
13792,12,7,97.25,7,43,2011-02-15 13:47:00,2011-11-27 07:11:00,United Kingdom,10,13.89,4,4,3,11,44,Loyal Customers,2,0.589568912629749,-0.5250513324018169
13793,287,1,16.09,1,9,2011-02-25 10:06:00,2011-02-25 10:06:00,United Kingdom,3,16.09,1,1,1,3,11,Lost Customers,0,-2.4282851620522616,1.2016425326528317
13794,271,1,24.02,1,14,2011-03-13 19:41:00,2011-03-13 19:41:00,United Kingdom,2,24.02,1,1,2,4,11,Lost Customers,0,-2.2231557473814947,1.128380197772142
13795,22,12,519.24,12,175,2011-02-21 09:14:00,2011-11-17 08:01:00,Switzerland,36,43.27,4,5,4,13,45,VIP Customers,2,1.37600315778779,0.07942451211374628
13796,88,8,512.4,8,172,2011-02-17 07:35:00,2011-09-12 08:33:00,Australia,29,64.05,2,4,4,10,24,At-Risk Customers,2,0.7514170907339196,0.5630842512962723
13797,15,1,15.17,1,7,2011-11-24 08:12:00,2011-11-24 08:12:00,United Kingdom,2,15.17,4,1,1,6,41,New Customers,3,-0.9315884252937815,-1.360052822364575
13798,18,46,7941.67,46,1782,2011-01-06 19:31:00,2011-11-21 18:55:00,United Kingdom,50,172.64,4,5,5,14,45,VIP Customers,4,3.113706631497153,1.0541668903569474
13799,50,1,13.77,1,7,2011-10-20 13:05:00,2011-10-20 13:05:00,Spain,2,13.77,3,1,1,5,31,Occasional Buyers,3,-1.1539285859114319,-1.0500956574793237
13800,24,2,33.26,2,11,2011-06-18 11:40:00,2011-11-15 09:21:00,United Kingdom,6,16.63,4,2,2,8,42,New Customers,1,-0.4736979478758392,-0.9782811822287509
13801,128,3,35.53,3,16,2011-01-25 19:46:00,2011-08-03 16:46:00,United Kingdom,7,11.84,2,3,2,7,23,Occasional Buyers,1,-0.8347071148806467,0.11355464240588947
13802,2,9,458.52,9,181,2011-06-29 16:27:00,2011-12-07 11:11:00,United Kingdom,33,50.95,5,4,4,13,54,VIP Customers,2,1.2687719946746634,-0.22768902919943962
13803,1,27,3890.75,27,1033,2011-01-21 12:08:00,2011-12-08 10:23:00,United Kingdom,50,144.1,5,5,5,15,55,VIP Customers,4,2.6342553327636207,0.5643711561217026
13804,33,15,945.98,15,291,2010-12-07 12:57:00,2011-11-06 13:20:00,United Kingdom,43,63.07,3,5,5,13,35,High Potential,2,1.6402541045918633,0.37805828708865175
13805,16,9,355.88,9,86,2011-01-09 17:24:00,2011-11-23 15:52:00,United Kingdom,16,39.54,4,4,4,12,44,VIP Customers,2,1.1138782966087164,-0.14732115713410898
13806,28,14,1474.24,14,533,2011-05-09 11:12:00,2011-11-11 11:15:00,United Kingdom,49,105.3,3,5,5,13,35,High Potential,4,1.7586370130010216,0.39718837335501794
13807,39,6,152.16,6,53,2011-03-25 10:21:00,2011-10-31 14:01:00,United Kingdom,18,25.36,3,4,3,10,34,High Potential,2,0.4825673591216829,-0.2305922677194049
13808,60,1,4.93,1,3,2011-10-10 12:27:00,2011-10-10 12:27:00,United Kingdom,3,4.93,3,1,1,5,31,Occasional Buyers,3,-1.487517484803358,-1.1401178001445071
13809,3,18,967.13,18,302,2011-02-08 07:17:00,2011-12-06 18:12:00,France,47,53.73,5,5,5,15,55,VIP Customers,4,1.932291352785964,0.16314516956092967
13810,26,11,197.2,11,73,2011-01-27 13:27:00,2011-11-13 13:17:00,United Kingdom,19,17.93,4,4,4,12,44,VIP Customers,2,1.0046946800724261,-0.10627514211806993
13811,10,7,124.57,7,45,2011-01-27 08:02:00,2011-11-29 10:38:00,United Kingdom,17,17.8,4,4,3,11,44,Loyal Customers,2,0.6754239154009737,-0.49439226761890126
13812,37,1,8.11,1,4,2011-11-02 08:06:00,2011-11-02 08:06:00,Belgium,3,8.11,3,1,1,5,31,Occasional Buyers,3,-1.2287662820410516,-1.26931857629396
13813,142,1,8.82,1,6,2011-07-20 18:55:00,2011-07-20 18:55:00,United Kingdom,1,8.82,2,1,1,4,21,Lost Customers,3,-1.7901836850410255,-0.26961623155866676
13814,60,5,347.86,5,91,2011-04-10 15:31:00,2011-10-10 10:30:00,United Kingdom,11,69.57,3,3,4,10,33,High Potential,2,0.510249323367194,0.07654660563496127
13815,54,3,128.27,3,31,2011-03-04 07:16:00,2011-10-16 08:31:00,Belgium,6,42.76,3,3,3,9,33,High Potential,1,-0.03802468624257642,-0.3258220154115651
13816,24,2,65.63,2,27,2011-06-08 14:57:00,2011-11-15 10:19:00,United Kingdom,4,32.82,4,2,3,9,42,New Customers,1,-0.27110440724684515,-0.8443146415141325
13817,15,12,356.81,12,136,2011-04-04 10:44:00,2011-11-24 10:14:00,United Kingdom,30,29.73,4,5,4,13,45,VIP Customers,2,1.3009574648858364,-0.06159629297395057
13818,366,1,36.73,1,19,2010-12-08 16:48:00,2010-12-08 16:48:00,United Kingdom,7,36.73,1,1,2,4,11,Lost Customers,0,-2.626673754415048,2.1019286468165737
13819,16,14,179.91,14,76,2010-12-24 11:25:00,2011-11-23 16:29:00,United Kingdom,20,12.85,4,5,3,12,45,Loyal Customers,2,1.1862455343316451,-0.13798921138238557
13820,32,4,95.19,4,44,2011-01-23 11:01:00,2011-11-07 18:17:00,United Kingdom,11,23.8,3,3,3,9,33,High Potential,1,0.14807629916800222,-0.5112065817635921
13821,30,7,383.65,7,128,2011-05-07 17:43:00,2011-11-09 09:18:00,United Kingdom,29,54.81,3,4,4,11,34,High Potential,2,0.905091829210651,-0.08139041157722313
13822,131,1,8.02,1,2,2011-07-31 12:14:00,2011-07-31 12:14:00,United Kingdom,1,8.02,2,1,1,4,21,Lost Customers,3,-1.7548554017152782,-0.38987782935888343
13823,188,1,1.53,1,1,2011-06-04 08:51:00,2011-06-04 08:51:00,United Kingdom,1,1.53,1,1,1,3,11,Lost Customers,0,-2.4592116986437085,-0.1114121558469934
13824,361,1,28.78,1,19,2010-12-13 15:30:00,2010-12-13 15:30:00,United Kingdom,4,28.78,1,1,2,4,11,Lost Customers,0,-2.6709183030794637,2.0073885535614417
13825,31,10,1047.8,10,339,2011-03-12 18:27:00,2011-11-08 17:26:00,Spain,44,104.78,3,4,5,12,34,High Potential,2,1.424390481575931,0.24480155318134117
13826,23,16,1315.09,16,436,2010-12-15 11:15:00,2011-11-16 12:54:00,United Kingdom,49,82.19,4,5,5,14,45,VIP Customers,4,1.8379061598200035,0.3724314664098649
13827,10,37,5197.22,37,1301,2011-02-03 10:18:00,2011-11-29 07:13:00,United Kingdom,50,140.47,4,5,5,14,45,VIP Customers,4,2.882688231221616,0.8171458443956204
13828,291,1,54.18,1,25,2011-02-21 09:07:00,2011-02-21 09:07:00,United Kingdom,6,54.18,1,1,2,4,11,Lost Customers,0,-2.093553276796944,1.4752130079877517
13829,6,10,1866.58,10,462,2011-02-04 16:38:00,2011-12-03 08:20:00,United Kingdom,46,186.66,5,4,5,14,54,VIP Customers,2,1.739240148897894,0.1265831015027997
13830,114,3,68.89,3,39,2011-06-19 15:10:00,2011-08-17 08:58:00,United Kingdom,8,22.96,2,3,3,8,23,At-Risk Customers,1,-0.55920146268581,0.1129423549130571
13831,66,2,127.42,2,43,2011-07-10 16:30:00,2011-10-04 10:17:00,United Kingdom,10,63.71,2,2,3,7,22,Occasional Buyers,1,-0.3049696805279874,-0.31833074219484503
13832,27,7,249.14,7,86,2010-12-14 10:15:00,2011-11-12 15:54:00,United Kingdom,20,35.59,3,4,4,11,34,High Potential,2,0.7907244608652173,-0.1961865422534867
13833,60,3,98.46,3,31,2010-12-17 17:07:00,2011-10-10 07:14:00,Belgium,9,32.82,3,3,3,9,33,High Potential,1,-0.1512544463827709,-0.322356414096866
13834,5,24,3097.65,24,964,2011-02-02 19:54:00,2011-12-04 19:18:00,United Kingdom,50,129.07,5,5,5,15,55,VIP Customers,4,2.4645246256286435,0.515128710469727
13835,19,3,47.66,3,20,2011-04-30 10:40:00,2011-11-20 13:16:00,United Kingdom,7,15.89,4,3,2,9,43,Occasional Buyers,1,-0.1408463371900524,-0.8507949351557068
13836,8,6,32.64,6,12,2011-04-11 17:12:00,2011-12-01 19:30:00,Switzerland,6,5.44,5,4,2,11,54,Occasional Buyers,1,0.19340862944173262,-0.8265555819493915
13837,371,1,5.16,1,2,2010-12-03 07:19:00,2010-12-03 07:19:00,United Kingdom,1,5.16,1,1,1,3,11,Lost Customers,0,-3.206494625484915,1.7838006697973399
13838,115,2,13.42,2,8,2011-01-10 16:16:00,2011-08-16 19:23:00,USA,5,6.71,2,2,1,5,22,Lost Customers,3,-1.2436339950264215,-0.29925592271827967
13839,143,1,10.68,1,5,2011-07-19 12:48:00,2011-07-19 12:48:00,United Kingdom,2,10.68,2,1,1,4,21,Lost Customers,3,-1.7429182576703024,-0.22530499443253504
13840,37,7,662.56,7,177,2010-12-08 13:13:00,2011-11-02 14:53:00,United Kingdom,28,94.65,3,4,5,12,34,High Potential,2,1.0322183712817303,0.0940692565611204
13841,43,4,81.49,4,30,2011-05-20 12:29:00,2011-10-27 14:17:00,United Kingdom,7,20.37,3,3,3,9,33,High Potential,1,0.04006969351451017,-0.43900408494438947
13842,168,4,188.03,4,82,2011-02-18 07:26:00,2011-06-24 17:38:00,United Kingdom,16,47.01,1,3,4,8,13,At-Risk Customers,1,-0.40293664920294514,0.9001306636597647
13843,76,8,275.49,8,119,2011-05-15 10:25:00,2011-09-24 14:51:00,United Kingdom,25,34.44,2,4,4,10,24,At-Risk Customers,2,0.6296982039802104,0.3259173925987308
13844,31,1,10.54,1,6,2011-11-08 12:50:00,2011-11-08 12:50:00,United Kingdom,2,10.54,3,1,1,5,31,Occasional Buyers,3,-1.1233643463999663,-1.2779603869103522
13845,25,7,299.78,7,117,2011-04-16 10:55:00,2011-11-14 15:11:00,United Kingdom,21,42.83,4,4,4,12,44,VIP Customers,2,0.8580037366181849,-0.17781082017818592
13846,62,2,42.7,2,10,2011-09-17 08:55:00,2011-10-08 17:45:00,United Kingdom,4,21.35,2,2,2,6,22,Lost Customers,1,-0.6110264885378809,-0.5729396016195675
13847,14,8,376.11,8,118,2011-03-30 17:49:00,2011-11-25 16:12:00,United Kingdom,24,47.01,4,4,4,12,44,VIP Customers,2,1.069226057849287,-0.19295117501426895
13848,4,27,2461.24,27,826,2011-01-30 13:42:00,2011-12-05 19:16:00,United Kingdom,50,91.16,5,5,5,15,55,VIP Customers,4,2.4781329272748813,0.5003038384040066
13849,1,4,81.5,4,24,2010-12-26 16:03:00,2011-12-08 09:20:00,Netherlands,8,20.38,5,3,3,11,53,Loyal Customers,1,0.27381660653018963,-0.8328147089239729
13850,46,5,192.7,5,86,2011-02-25 16:59:00,2011-10-24 07:02:00,United Kingdom,16,38.54,3,3,4,10,33,High Potential,1,0.408955143939804,-0.17322747560291896
13851,8,19,1593.12,19,493,2011-01-07 17:06:00,2011-12-01 09:07:00,United Kingdom,46,83.85,5,5,5,15,55,VIP Customers,4,2.091693530501436,0.3289609836483506
13852,263,1,6.08,1,4,2011-03-21 13:09:00,2011-03-21 13:09:00,United Kingdom,1,6.08,1,1,1,3,11,Lost Customers,0,-2.5631306441252186,0.7991163052032922
13853,3,31,3095.67,31,836,2010-12-03 16:29:00,2011-12-06 13:32:00,United Kingdom,50,99.86,5,5,5,15,55,VIP Customers,4,2.6455013752520213,0.5852346786285209
13854,25,1,8.3,1,5,2011-11-14 12:06:00,2011-11-14 12:06:00,United Kingdom,2,8.3,4,1,1,6,41,New Customers,3,-1.1557051357188253,-1.3776856363876187
13855,41,9,1157.51,9,355,2011-03-12 07:15:00,2011-10-29 16:53:00,United Kingdom,45,128.61,3,4,5,12,34,High Potential,2,1.333394787138443,0.3242510363275864
13856,167,1,5.84,1,4,2011-06-25 10:24:00,2011-06-25 10:24:00,United Kingdom,1,5.84,1,1,1,3,11,Lost Customers,3,-2.039439868011503,-0.1080235826342269
13857,219,1,12.82,1,5,2011-05-04 14:07:00,2011-05-04 14:07:00,United Kingdom,2,12.82,1,1,1,3,11,Lost Customers,0,-2.114581360098936,0.5212321874248006
13858,16,1,1.15,1,1,2011-11-23 08:20:00,2011-11-23 08:20:00,United Kingdom,1,1.15,4,1,1,6,41,New Customers,3,-1.5516830287005239,-1.757038550861755
13859,68,2,59.97,2,18,2011-04-02 11:20:00,2011-10-02 17:53:00,United Kingdom,4,29.98,2,2,3,7,22,Occasional Buyers,1,-0.5429811368029601,-0.4496044349664701
13860,1,23,3064.42,23,1063,2011-01-17 16:40:00,2011-12-08 13:16:00,United Kingdom,50,133.24,5,5,5,15,55,VIP Customers,4,2.4553798088424537,0.46073351170359245
13861,107,5,54.65,5,29,2011-01-20 07:33:00,2011-08-24 13:04:00,United Kingdom,11,10.93,2,3,2,7,23,Occasional Buyers,1,-0.31035059458256586,0.14757919986062903
13862,9,18,568.14,18,240,2010-12-17 16:29:00,2011-11-30 11:34:00,United Kingdom,40,31.56,5,5,4,14,55,VIP Customers,2,1.7371038642325816,0.11241559107742523
13863,75,3,50.1,3,19,2010-12-15 08:40:00,2011-09-25 10:15:00,Netherlands,5,16.7,2,3,2,7,23,Occasional Buyers,1,-0.4375578607226861,-0.3158276212059671
13864,68,1,50.45,1,5,2011-10-02 11:08:00,2011-10-02 11:08:00,United Kingdom,1,50.45,2,1,2,5,21,Lost Customers,3,-0.8739814701945453,-0.6299595092615338
13865,15,7,1115.83,7,331,2011-04-08 09:17:00,2011-11-24 14:12:00,Spain,47,159.4,4,4,5,13,44,VIP Customers,2,1.313206856790876,-0.007370336058958848
13866,190,1,40.98,1,11,2011-06-02 18:28:00,2011-06-02 18:28:00,Spain,4,40.98,1,1,2,4,11,Lost Customers,0,-1.6148083461922353,0.47306928894969447
13867,148,3,167.86,3,62,2010-12-15 19:55:00,2011-07-14 15:54:00,United Kingdom,15,55.95,1,3,3,7,13,At-Risk Customers,1,-0.4797186352490774,0.6094256888049365
13868,42,8,440.87,8,159,2011-01-23 11:10:00,2011-10-28 16:40:00,United Kingdom,29,55.11,3,4,4,11,34,High Potential,2,0.9616874633398071,0.10152314850501047
13869,80,4,63.22,4,23,2011-01-21 07:55:00,2011-09-20 17:09:00,Germany,6,15.8,2,3,3,8,23,At-Risk Customers,1,-0.24207083687051895,-0.14247715788993404
13870,170,2,56.13,2,24,2011-06-05 13:37:00,2011-06-22 18:32:00,United Kingdom,6,28.06,1,2,3,6,12,Occasional Buyers,0,-1.1303756826801004,0.4937504971622719
13871,6,14,498.64,14,172,2010-12-31 11:23:00,2011-12-03 10:53:00,Australia,33,35.62,5,5,4,14,55,VIP Customers,2,1.5513009823126716,-0.02715957052843627
13872,237,1,9.66,1,3,2011-04-16 12:01:00,2011-04-16 12:01:00,United Kingdom,1,9.66,1,1,1,3,11,Lost Customers,0,-2.293815056038382,0.6377314837017839
13873,8,20,913.75,20,296,2011-01-14 07:54:00,2011-12-01 14:46:00,United Kingdom,41,45.69,5,5,5,15,55,VIP Customers,4,1.9561343868380845,0.23468611686524166
13874,3,6,218.69,6,77,2011-05-19 12:32:00,2011-12-06 14:48:00,United Kingdom,20,36.45,5,4,4,13,54,VIP Customers,2,0.7927594757970979,-0.49551325819868197
13875,9,9,308.26,9,122,2010-12-28 13:10:00,2011-11-30 17:56:00,United Kingdom,23,34.25,5,4,4,13,54,VIP Customers,2,1.1092101237939456,-0.24180428446129337
13876,66,1,18.4,1,5,2011-10-04 14:33:00,2011-10-04 14:33:00,United Kingdom,1,18.4,2,1,2,5,21,Lost Customers,3,-1.1599120395753824,-0.8451465204896359
13877,83,3,18.36,3,7,2011-03-14 13:32:00,2011-09-17 13:58:00,United Kingdom,4,6.12,2,3,2,7,23,Occasional Buyers,3,-0.7776833046407247,-0.43628532239779555
13878,242,3,20.93,3,9,2010-12-15 14:40:00,2011-04-11 16:28:00,United Kingdom,5,6.98,1,3,2,6,13,Occasional Buyers,0,-1.624478844177011,1.0797654080856178
13879,54,1,7.3,1,5,2011-10-16 10:34:00,2011-10-16 10:34:00,United Kingdom,1,7.3,3,1,1,5,31,Occasional Buyers,3,-1.3517239941073245,-1.1286629606653011
13880,196,3,60.27,3,16,2011-02-16 18:51:00,2011-05-27 13:04:00,United Kingdom,6,20.09,1,3,3,7,13,At-Risk Customers,0,-1.0555837853919614,0.8553476439868242
13881,141,1,5.7,1,3,2011-07-21 14:06:00,2011-07-21 14:06:00,United Kingdom,1,5.7,2,1,1,4,21,Lost Customers,3,-1.9010608468149226,-0.35599121849830445
13882,50,3,41.26,3,14,2011-08-18 17:33:00,2011-10-20 17:56:00,United Kingdom,4,13.75,3,3,2,8,33,Occasional Buyers,1,-0.35629607221692317,-0.5885078586883216
13883,2,22,2012.63,22,599,2010-12-06 17:13:00,2011-12-07 17:58:00,United Kingdom,50,91.48,5,5,5,15,55,VIP Customers,4,2.2925046763195938,0.3701310843310242
13884,1,15,511.41,15,185,2011-03-03 18:47:00,2011-12-08 08:30:00,United Kingdom,33,34.09,5,5,4,14,55,VIP Customers,2,1.6312656198048878,-0.04569690149043219
13885,55,10,652.19,10,231,2010-12-04 17:26:00,2011-10-15 08:34:00,Germany,35,65.22,3,4,5,12,34,High Potential,2,1.1466171631344526,0.37448041754558853
13886,49,12,262.7,12,116,2011-03-13 17:09:00,2011-10-21 15:32:00,United Kingdom,23,21.89,3,5,4,12,35,High Potential,2,1.0188115887422025,0.1957572725582738
13887,20,22,2531.33,22,814,2011-02-01 14:14:00,2011-11-19 17:16:00,United Kingdom,50,115.06,4,5,5,14,45,VIP Customers,4,2.2621511873341134,0.5850785653061773
13888,182,1,2.15,1,1,2011-06-10 09:32:00,2011-06-10 09:32:00,United Kingdom,1,2.15,1,1,1,3,11,Lost Customers,0,-2.359067696226739,-0.12353081534591333
13889,1,13,563.8,13,177,2011-03-15 11:51:00,2011-12-08 08:46:00,United Kingdom,36,43.37,5,5,4,14,55,VIP Customers,2,1.5689353697883341,-0.0742270323467156
13890,18,4,148.93,4,47,2011-06-22 19:34:00,2011-11-21 18:04:00,United Kingdom,17,37.23,4,3,3,10,43,Loyal Customers,1,0.3611614313943481,-0.5530949193408653
13891,11,10,524.11,10,214,2011-03-21 12:25:00,2011-11-28 07:25:00,United Kingdom,37,52.41,4,4,4,12,44,VIP Customers,2,1.3249804203130162,-0.08206629359021517
13892,145,1,27.32,1,17,2011-07-17 19:28:00,2011-07-17 19:28:00,Belgium,2,27.32,2,1,2,5,21,Lost Customers,3,-1.484291608642091,-0.0281729110477994
13893,51,2,30.23,2,20,2011-04-07 17:00:00,2011-10-19 09:34:00,United Kingdom,9,15.11,3,2,2,7,32,Occasional Buyers,1,-0.6521431666502778,-0.743751019552919
13894,44,16,2126.51,16,580,2011-01-01 12:28:00,2011-10-26 09:14:00,United Kingdom,49,132.91,3,5,5,13,35,High Potential,4,1.8673327384001275,0.6660788045585935
13895,24,5,35.53,5,15,2011-01-25 08:20:00,2011-11-15 18:37:00,Spain,7,7.11,4,3,2,9,43,Occasional Buyers,1,0.02329618608521672,-0.7154928299250096
13896,206,2,47.24,2,17,2011-03-31 19:06:00,2011-05-17 10:02:00,United Kingdom,8,23.62,1,2,2,5,12,Lost Customers,0,-1.382213945306326,0.7972584235333089
13898,12,9,443.12,9,149,2010-12-13 19:55:00,2011-11-27 19:29:00,United Kingdom,29,49.24,4,4,4,12,44,VIP Customers,2,1.2027446378565745,-0.14078403929852706
13899,71,1,3.48,1,2,2011-09-29 17:38:00,2011-09-29 17:38:00,United Kingdom,1,3.48,2,1,1,4,21,Lost Customers,3,-1.6341293461363255,-1.0934433262855905
13900,73,3,96.45,3,27,2010-12-14 18:39:00,2011-09-27 08:41:00,Italy,6,32.15,2,3,3,8,23,At-Risk Customers,1,-0.229811416811042,-0.20456690119947685
13901,5,35,7680.52,35,2599,2010-12-23 10:41:00,2011-12-04 07:01:00,Switzerland,50,219.44,5,5,5,15,55,VIP Customers,4,2.9922036059368224,0.8294173737123507
13902,106,1,12.64,1,9,2011-08-25 08:40:00,2011-08-25 08:40:00,United Kingdom,3,12.64,2,1,1,4,21,Lost Customers,3,-1.489783166382319,-0.5410119917186252
13903,5,7,161.18,7,55,2011-02-27 12:08:00,2011-12-04 17:27:00,United Kingdom,20,23.03,5,4,3,12,54,Loyal Customers,2,0.7811690655716869,-0.48975051611538534
13904,30,1,34.24,1,10,2011-11-09 08:53:00,2011-11-09 08:53:00,United Kingdom,4,34.24,3,1,2,6,31,Occasional Buyers,3,-0.7777880181415209,-1.0625019843603942
13905,35,3,23.63,3,12,2011-01-03 10:30:00,2011-11-04 11:45:00,United Kingdom,6,7.88,3,3,2,8,33,Occasional Buyers,1,-0.4372588021227165,-0.8378942210428747
13906,29,4,80.78,4,40,2011-04-07 16:00:00,2011-11-10 08:19:00,United Kingdom,15,20.2,3,3,3,9,33,High Potential,1,0.11534020233337221,-0.5720234047853003
13907,70,3,29.79,3,6,2010-12-04 13:23:00,2011-09-30 13:48:00,United Kingdom,4,9.93,2,3,2,7,23,Occasional Buyers,1,-0.5640293145211512,-0.4647408894412945
13908,134,3,130.93,3,73,2011-02-23 19:46:00,2011-07-28 11:22:00,France,11,43.64,2,3,3,8,23,At-Risk Customers,1,-0.47698300026941753,0.42844212440203244
13909,20,12,594.76,12,146,2011-02-02 07:52:00,2011-11-19 11:47:00,United Kingdom,29,49.56,4,5,4,13,45,VIP Customers,2,1.4284161089187877,0.08796976241505781
13910,2,7,502.55,7,139,2011-04-19 15:32:00,2011-12-07 12:43:00,United Kingdom,34,71.79,5,4,4,13,54,VIP Customers,2,1.1429344770801948,-0.2897001751823818
13911,4,17,1468.38,17,460,2011-03-13 10:49:00,2011-12-05 16:54:00,United Kingdom,48,86.38,5,5,5,15,55,VIP Customers,4,2.016560242505626,0.23706191922303754
13912,134,3,68.31,3,27,2011-05-20 14:07:00,2011-07-28 18:51:00,United Kingdom,10,22.77,2,3,3,8,23,At-Risk Customers,1,-0.6730300430442799,0.29880450586623
13913,29,5,313.99,5,112,2011-01-24 07:00:00,2011-11-10 18:42:00,United Kingdom,26,62.8,3,3,4,10,33,High Potential,2,0.6516437663506449,-0.23471010365421185
13914,29,1,11.2,1,5,2011-11-10 08:03:00,2011-11-10 08:03:00,United Kingdom,1,11.2,3,1,1,5,31,Occasional Buyers,3,-1.095296060574981,-1.2855132342373072
13915,10,4,290.9,4,112,2011-05-13 14:39:00,2011-11-29 07:01:00,United Kingdom,18,72.72,4,3,4,11,43,Loyal Customers,2,0.6085959331983986,-0.4939298182587799
13916,73,9,362.84,9,128,2011-03-05 17:42:00,2011-09-27 13:57:00,United Kingdom,32,40.32,2,4,4,10,24,At-Risk Customers,2,0.8025831245129643,0.39105921563100443
13917,162,2,30.9,2,17,2011-06-26 07:20:00,2011-06-30 13:16:00,United Kingdom,7,15.45,1,2,2,5,12,Lost Customers,3,-1.2633402089097068,0.3013738081228467
13918,92,3,40.96,3,37,2011-06-20 10:08:00,2011-09-08 15:48:00,United Kingdom,6,13.65,2,3,2,7,23,Occasional Buyers,1,-0.5921758996826563,-0.19610764083336973
13919,91,1,27.79,1,12,2011-09-09 12:11:00,2011-09-09 12:11:00,United Kingdom,3,27.79,2,1,2,5,21,Lost Customers,3,-1.1787941409919258,-0.5312172339790762
13920,23,6,1059.3,6,276,2011-07-05 13:47:00,2011-11-16 08:12:00,Germany,38,176.55,4,4,5,13,44,VIP Customers,2,1.160891288927366,0.009048918810021277
13921,127,3,159.26,3,58,2011-03-21 08:57:00,2011-08-04 15:09:00,United Kingdom,15,53.09,2,3,3,8,23,At-Risk Customers,1,-0.3787843250553714,0.40198049342587633
13922,16,21,956.45,21,235,2010-12-29 08:10:00,2011-11-23 16:01:00,United Kingdom,37,45.55,4,5,5,14,45,VIP Customers,4,1.957557513259689,0.3356603800025503
13923,83,1,13.7,1,7,2011-09-17 10:30:00,2011-09-17 10:30:00,United Kingdom,2,13.7,2,1,1,4,21,Lost Customers,3,-1.3390047626454349,-0.7416106136819265
13924,5,6,73.05,6,27,2011-07-09 09:51:00,2011-12-04 18:57:00,United Kingdom,9,12.18,5,4,3,12,54,Loyal Customers,1,0.4504163496136593,-0.6957770720828669
13925,240,1,4.99,1,1,2011-04-13 11:41:00,2011-04-13 11:41:00,United Kingdom,1,4.99,1,1,1,3,11,Lost Customers,0,-2.4860655625454577,0.549774180642067
13926,145,4,80.79,4,36,2010-12-12 15:28:00,2011-07-17 12:15:00,United Kingdom,10,20.2,2,3,3,8,23,At-Risk Customers,1,-0.530107299953278,0.5157360864604533
13927,146,3,83.29,3,42,2011-01-17 13:09:00,2011-07-16 18:27:00,United Kingdom,9,27.76,2,3,3,8,23,At-Risk Customers,1,-0.6802076631303222,0.4507375556382348
13928,297,1,6.72,1,8,2011-02-15 13:07:00,2011-02-15 13:07:00,United Kingdom,1,6.72,1,1,1,3,11,Lost Customers,0,-2.725966723124503,1.1353643939625022
13929,8,42,6883.26,42,1714,2010-12-14 18:33:00,2011-12-01 19:20:00,Canada,50,163.89,5,5,5,15,55,VIP Customers,4,3.064525700688661,0.8995300395996406
13930,162,3,81.37,3,27,2011-04-06 09:06:00,2011-06-30 17:33:00,Germany,11,27.12,1,3,3,7,13,At-Risk Customers,1,-0.7762579515548079,0.5961293037372266
13931,21,18,1000.69,18,315,2011-02-02 15:08:00,2011-11-18 09:34:00,United Kingdom,48,55.59,4,5,5,14,45,VIP Customers,4,1.842508942922621,0.33879481841521697
13932,169,4,134.71,4,62,2010-12-03 18:20:00,2011-06-23 19:14:00,France,19,33.68,1,3,3,7,13,At-Risk Customers,1,-0.5094316231817417,0.8427666499179107
13933,321,1,2.14,1,1,2011-01-22 10:38:00,2011-01-22 10:38:00,United Kingdom,1,2.14,1,1,1,3,11,Lost Customers,0,-3.1335049132929136,1.1792352364245673
13934,34,4,94.06,4,43,2010-12-31 12:26:00,2011-11-05 11:12:00,United Kingdom,11,23.52,3,3,3,9,33,High Potential,1,0.13334809489793925,-0.4948325026578981
13935,49,10,686.79,10,247,2011-01-18 14:57:00,2011-10-21 08:42:00,United Kingdom,41,68.68,3,4,5,12,34,High Potential,2,1.1957248985083286,0.3286136329804724
13936,107,3,30.8,3,13,2011-05-06 16:42:00,2011-08-24 09:25:00,United Kingdom,7,10.27,2,3,2,7,23,Occasional Buyers,1,-0.7600862515936619,-0.11129052261399315
13937,275,1,24.63,1,12,2011-03-09 17:22:00,2011-03-09 17:22:00,United Kingdom,4,24.63,1,1,2,4,11,Lost Customers,0,-2.238077321723747,1.1707396271588306
13938,9,20,1363.68,20,494,2011-02-01 07:58:00,2011-11-30 18:20:00,United Kingdom,50,68.18,5,5,5,15,55,VIP Customers,4,2.072405761678985,0.324628068784219
13939,143,1,10.48,1,4,2011-07-19 07:29:00,2011-07-19 07:29:00,United Kingdom,1,10.48,2,1,1,4,21,Lost Customers,3,-1.748178684356978,-0.22878349213640445
13940,224,2,17.22,2,6,2011-04-24 14:09:00,2011-04-29 08:30:00,United Kingdom,4,8.61,1,2,2,5,12,Lost Customers,0,-1.7789267388741667,0.7699479897638298
13941,310,1,5.26,1,2,2011-02-02 08:15:00,2011-02-02 08:15:00,United Kingdom,1,5.26,1,2,1,4,12,Lost Customers,0,-2.8621540500746985,1.2150453892861208
13942,16,9,402.95,9,106,2011-04-15 07:41:00,2011-11-23 11:21:00,United Kingdom,24,44.77,4,4,4,12,44,VIP Customers,2,1.1516120764504651,-0.12236940429050132
13943,8,2,35.99,2,9,2011-07-02 15:21:00,2011-12-01 14:24:00,Switzerland,2,18.0,5,2,2,9,52,New Customers,1,-0.3613143709019234,-1.1128724173465914
13944,157,2,81.05,2,27,2010-12-07 08:06:00,2011-07-05 09:03:00,United Kingdom,5,40.52,1,2,3,6,12,Occasional Buyers,1,-0.9477822939399496,0.4447558679828429
13945,6,12,720.03,12,191,2011-04-16 12:02:00,2011-12-03 13:49:00,United Kingdom,33,60.0,5,5,5,15,55,VIP Customers,2,1.5644446612960086,-0.004872832685120972
13946,41,6,211.03,6,79,2011-01-30 07:30:00,2011-10-29 13:08:00,United Kingdom,20,35.17,3,4,4,11,34,High Potential,2,0.5704984429026163,-0.1463339428982811
13947,6,1,5.44,1,4,2011-12-03 07:32:00,2011-12-03 07:32:00,Netherlands,1,5.44,5,2,1,8,52,New Customers,3,-1.161904771549635,-1.6298607618341214
13948,301,1,5.14,1,1,2011-02-11 18:49:00,2011-02-11 18:49:00,United Kingdom,1,5.14,1,2,1,4,12,Lost Customers,0,-2.8179684464818204,1.126753980533591
13949,254,1,33.61,1,22,2011-03-30 16:49:00,2011-03-30 16:49:00,United Kingdom,5,33.61,1,2,2,5,12,Lost Customers,0,-2.0297355168531603,1.034318465734712
13950,178,2,26.39,2,12,2011-05-19 10:00:00,2011-06-14 18:59:00,United Kingdom,5,13.2,1,2,2,5,12,Lost Customers,0,-1.3987977640896054,0.4207071972541724
13951,221,2,41.38,2,16,2011-03-07 09:41:00,2011-05-02 14:05:00,United Kingdom,2,20.69,1,2,2,5,12,Lost Customers,0,-1.5051274165338162,0.9118300760256122
13952,9,8,310.88,8,131,2010-12-19 14:42:00,2011-11-30 09:26:00,United Kingdom,31,38.86,5,4,4,13,54,VIP Customers,2,1.0392050064416154,-0.27808587104679444
13953,44,2,4.44,2,3,2011-04-30 12:20:00,2011-10-26 15:50:00,United Kingdom,2,2.22,3,2,1,6,32,Occasional Buyers,3,-1.1454600483234367,-1.1613568730399828
13954,54,3,136.75,3,35,2011-03-28 16:30:00,2011-10-16 14:27:00,United Kingdom,9,45.58,3,3,3,9,33,High Potential,1,-0.018673086839139232,-0.3130256211073602
13955,350,1,6.54,1,6,2010-12-24 16:41:00,2010-12-24 16:41:00,United Kingdom,1,6.54,1,2,1,4,12,Lost Customers,0,-3.0280719739051123,1.6275952375863414
13956,323,1,58.38,1,18,2011-01-20 17:36:00,2011-01-20 17:36:00,United Kingdom,5,58.38,1,2,3,6,12,Occasional Buyers,0,-2.249275639041172,1.7900518790651156
13957,146,2,41.1,2,16,2011-03-21 14:57:00,2011-07-16 15:37:00,United Kingdom,4,20.55,2,2,2,6,22,Lost Customers,3,-1.0898070880369894,0.20721818036428005
13958,6,12,767.99,12,258,2011-01-06 08:36:00,2011-12-03 18:29:00,United Kingdom,43,64.0,5,5,5,15,55,VIP Customers,2,1.5840581956777142,0.008096768142953448
13960,23,13,347.11,13,129,2011-01-31 12:43:00,2011-11-16 18:12:00,France,28,26.7,4,5,4,13,45,VIP Customers,2,1.299117685591154,0.03459933876653805
13961,73,9,424.97,9,166,2011-02-22 10:03:00,2011-09-27 13:32:00,United Kingdom,33,47.22,2,4,4,10,24,At-Risk Customers,2,0.8506001985084215,0.4228108760168076
13962,121,2,49.79,2,23,2011-07-13 13:10:00,2011-08-10 08:26:00,United Kingdom,6,24.9,2,2,2,6,22,Lost Customers,3,-0.8935406924461892,0.010585625989653642
13963,117,1,14.86,1,4,2011-08-14 17:06:00,2011-08-14 17:06:00,United Kingdom,4,14.86,2,2,1,5,22,Lost Customers,3,-1.505065559766509,-0.40749489464296906
13964,37,2,13.91,2,5,2011-09-27 13:59:00,2011-11-02 12:49:00,United Kingdom,2,6.96,3,2,1,6,32,Occasional Buyers,3,-0.79942360269183,-1.0239338675258447
13965,3,58,13689.88,58,3655,2011-01-04 13:33:00,2011-12-06 08:08:00,France,50,236.03,5,5,5,15,55,VIP Customers,4,3.519638383631991,1.1051399541025353
13966,195,1,13.9,1,10,2011-05-28 08:20:00,2011-05-28 08:20:00,United Kingdom,1,13.9,1,2,1,4,12,Lost Customers,0,-1.958115522049,0.3113378163844452
13967,20,6,54.78,6,26,2011-03-28 14:00:00,2011-11-19 07:56:00,United Kingdom,14,9.13,4,4,2,10,44,Occasional Buyers,1,0.28065583016501394,-0.612183391412341
13968,2,64,11944.39,64,3457,2010-12-06 16:41:00,2011-12-07 08:46:00,United Kingdom,50,186.63,5,5,5,15,55,VIP Customers,4,3.550376313776799,1.1032077645512375
13969,3,20,2414.72,20,813,2010-12-17 16:24:00,2011-12-06 18:54:00,United Kingdom,50,120.74,5,5,5,15,55,VIP Customers,4,2.2797265979576946,0.3833809169978593
13970,3,1,43.61,1,16,2011-12-06 15:32:00,2011-12-06 15:32:00,United Kingdom,5,43.61,5,2,2,9,52,New Customers,1,-0.5557352405277382,-1.2681963125442743
13971,127,3,86.29,3,45,2011-03-30 19:07:00,2011-08-04 09:46:00,United Kingdom,8,28.76,2,3,3,8,23,At-Risk Customers,1,-0.5638300466873171,0.27961758331479164
13972,63,4,62.18,4,25,2011-05-24 07:50:00,2011-10-07 07:03:00,United Kingdom,5,15.55,2,3,3,8,23,At-Risk Customers,1,-0.15244663531681793,-0.3051748143426944
13973,193,2,25.08,2,10,2011-04-16 15:04:00,2011-05-30 14:19:00,Germany,3,12.54,1,2,2,5,12,Lost Customers,0,-1.4971924204459077,0.5514921051173877
13974,42,13,1004.57,13,334,2011-03-15 12:16:00,2011-10-28 10:59:00,Spain,45,77.27,3,5,5,13,35,High Potential,2,1.5164781460315713,0.42640618751264825
13975,7,25,6159.27,25,1698,2011-01-03 18:06:00,2011-12-02 16:41:00,United Kingdom,50,246.37,5,5,5,15,55,VIP Customers,4,2.6896989211561104,0.6864139805511993
13976,18,1,8.68,1,7,2011-11-21 14:30:00,2011-11-21 14:30:00,United Kingdom,1,8.68,4,2,1,7,42,New Customers,3,-1.1045561573804143,-1.4352592421707253
13977,117,3,29.59,3,13,2011-05-06 09:42:00,2011-08-14 15:29:00,Germany,4,9.86,2,3,2,7,23,Occasional Buyers,1,-0.8275467561225563,-0.02533321268626014
13978,54,3,50.83,3,22,2011-06-10 11:23:00,2011-10-16 14:47:00,United Kingdom,7,16.94,3,3,2,8,33,Occasional Buyers,1,-0.3163826338272226,-0.5098883543607707
13979,1,30,4524.31,30,1197,2010-12-06 12:45:00,2011-12-08 14:05:00,United Kingdom,50,150.81,5,5,5,15,55,VIP Customers,4,2.750302977844607,0.6314386321461122
13980,7,26,3474.46,26,1126,2010-12-16 11:05:00,2011-12-02 12:43:00,United Kingdom,50,133.63,5,5,5,15,55,VIP Customers,4,2.5413606304231986,0.5847386003484433
13981,45,2,70.31,2,23,2011-03-29 17:06:00,2011-10-25 07:02:00,United Kingdom,11,35.16,3,2,3,8,32,High Potential,1,-0.3672846146599563,-0.6337257590177994
13982,139,3,7.77,3,4,2011-01-26 15:00:00,2011-07-23 07:54:00,Germany,4,2.59,2,3,1,6,23,Occasional Buyers,3,-1.3304780655455297,-0.07065502353372057
13983,92,1,3.22,1,1,2011-09-08 14:48:00,2011-09-08 14:48:00,United Kingdom,1,3.22,2,2,1,5,22,Lost Customers,3,-1.7691940167611633,-0.9085670948829041
13984,4,8,182.59,8,92,2011-02-03 17:05:00,2011-12-05 18:50:00,United Kingdom,26,22.82,5,4,3,12,54,Loyal Customers,2,0.9056312727798597,-0.4316955765995115
13985,38,5,53.73,5,26,2011-03-27 19:01:00,2011-11-01 12:01:00,Germany,8,10.75,3,3,2,8,33,Occasional Buyers,1,0.06852431397810395,-0.5027928575273494
13986,15,12,767.71,12,243,2011-01-17 14:58:00,2011-11-24 12:24:00,United Kingdom,43,63.98,4,5,5,14,45,VIP Customers,2,1.533866564079341,0.09241664457103957
13987,193,1,8.6,1,2,2011-05-30 13:27:00,2011-05-30 13:27:00,United Kingdom,1,8.6,1,2,1,4,12,Lost Customers,0,-2.0808753709337204,0.2040487021125316
13988,41,6,298.59,6,98,2011-02-18 11:04:00,2011-10-29 13:49:00,United Kingdom,23,49.77,3,4,4,11,34,High Potential,2,0.6757847546562823,-0.07671255750540004
13989,11,12,1367.28,12,488,2010-12-07 07:23:00,2011-11-28 10:51:00,United Kingdom,46,113.94,4,5,5,14,45,VIP Customers,2,1.7317391471326817,0.171034980226514
13990,34,7,120.58,7,52,2010-12-09 07:21:00,2011-11-05 14:25:00,United Kingdom,14,17.23,3,4,3,10,34,High Potential,2,0.5320404750517407,-0.27584706023512334
13991,31,4,92.86,4,36,2011-05-19 08:45:00,2011-11-08 13:21:00,United Kingdom,17,23.22,3,3,3,9,33,High Potential,1,0.14617240607968185,-0.5255221546130945
13992,55,2,89.79,2,30,2010-12-30 15:53:00,2011-10-15 12:39:00,United Kingdom,8,44.9,3,2,3,8,32,High Potential,1,-0.34937209157863236,-0.49131487636624904
13993,66,6,313.85,6,126,2011-02-02 07:39:00,2011-10-04 07:17:00,United Kingdom,26,52.31,2,4,4,10,24,At-Risk Customers,2,0.5518032026642192,0.16771890700700692
13994,162,4,167.67,4,49,2011-02-18 11:11:00,2011-06-30 11:41:00,United Kingdom,8,41.92,1,3,3,7,13,At-Risk Customers,1,-0.40425891782313733,0.8209166501438416
13995,30,3,61.42,3,28,2011-04-20 12:10:00,2011-11-09 13:57:00,Canada,9,20.47,3,3,3,9,33,High Potential,1,-0.12620923528082703,-0.6974933411412942
13996,25,5,103.52,5,39,2011-03-08 15:55:00,2011-11-14 18:57:00,United Kingdom,8,20.7,4,3,3,10,43,Loyal Customers,1,0.337910422190292,-0.49439513179366684
13997,28,2,66.81,2,18,2011-10-22 10:54:00,2011-11-11 12:16:00,United Kingdom,9,33.4,3,2,3,8,32,High Potential,1,-0.28801583167520267,-0.8032710158384033
13998,180,2,26.54,2,14,2011-03-27 18:47:00,2011-06-12 14:37:00,United Kingdom,7,13.27,1,2,2,5,12,Lost Customers,0,-1.408263393077293,0.4405611948392079
13999,30,9,319.32,9,100,2011-01-16 07:29:00,2011-11-09 07:22:00,United Kingdom,19,35.48,3,4,4,11,34,High Potential,2,1.0030571931687677,-0.03780994207752767
14000,152,1,12.64,1,4,2011-07-10 11:58:00,2011-07-10 11:58:00,Belgium,1,12.64,1,2,1,4,12,Lost Customers,3,-1.74575125402479,-0.10966885531961162
14001,341,1,20.57,1,9,2011-01-02 10:24:00,2011-01-02 10:24:00,United Kingdom,3,20.57,1,2,2,5,12,Lost Customers,0,-2.657862244359504,1.754889795729855
14002,81,1,9.27,1,3,2011-09-19 07:50:00,2011-09-19 07:50:00,United Kingdom,1,9.27,2,2,1,5,22,Lost Customers,3,-1.437101158486046,-0.8325908294759392
14003,201,1,2.09,1,2,2011-05-22 08:42:00,2011-05-22 08:42:00,United Kingdom,2,2.09,1,2,1,4,12,Lost Customers,0,-2.470650963178608,0.05075945754244581
14004,137,1,15.48,1,4,2011-07-25 16:35:00,2011-07-25 16:35:00,United Kingdom,1,15.48,2,2,1,5,22,Lost Customers,3,-1.6046765494924788,-0.21223125226801054
14005,5,22,1445.47,22,527,2010-12-06 09:22:00,2011-12-04 19:50:00,United Kingdom,49,65.7,5,5,5,15,55,VIP Customers,4,2.175055027695519,0.33163642525274767
14006,33,3,24.27,3,9,2011-04-01 18:19:00,2011-11-06 09:49:00,United Kingdom,5,8.09,3,3,2,8,33,Occasional Buyers,1,-0.41831668008542816,-0.851481814536153
14007,10,5,143.65,5,65,2011-08-03 17:31:00,2011-11-29 17:52:00,United Kingdom,16,28.73,4,3,3,10,43,Loyal Customers,1,0.5203451918851426,-0.5696078667718276
14008,6,8,159.44,8,58,2011-01-25 09:07:00,2011-12-03 11:31:00,United Kingdom,19,19.93,5,4,3,12,54,Loyal Customers,2,0.8534506144804207,-0.4400872214750028
14009,122,2,15.35,2,4,2011-06-30 16:28:00,2011-08-09 14:51:00,United Kingdom,2,7.68,2,2,1,5,22,Lost Customers,3,-1.2443279426956202,-0.20831853890247373
14010,56,1,23.72,1,9,2011-10-14 17:40:00,2011-10-14 17:40:00,United Kingdom,2,23.72,3,2,2,7,32,Occasional Buyers,3,-1.0304571665747653,-0.890109576295747
14011,16,4,262.29,4,73,2011-06-20 08:37:00,2011-11-23 16:46:00,United Kingdom,21,65.57,4,3,4,11,43,Loyal Customers,2,0.5437906976709106,-0.4584431266962224
14012,39,7,531.99,7,154,2011-04-17 09:19:00,2011-10-31 11:07:00,United Kingdom,29,76.0,3,4,4,11,34,High Potential,2,0.9543527275155864,0.06869321701738534
14013,46,9,620.87,9,185,2011-04-11 17:44:00,2011-10-24 18:23:00,United Kingdom,31,68.99,3,4,4,11,34,High Potential,2,1.116080524857425,0.24583334925566913
14014,27,6,278.22,6,73,2011-01-16 12:51:00,2011-11-12 17:22:00,United Kingdom,22,46.37,3,4,4,11,34,High Potential,2,0.7322417483664659,-0.22217245926203663
14015,2,13,1687.7,13,542,2011-01-12 08:25:00,2011-12-07 12:47:00,United Kingdom,48,129.82,5,5,5,15,55,VIP Customers,4,1.8969501251532341,0.15573186246170156
14016,8,7,202.01,7,79,2011-02-23 09:57:00,2011-12-01 16:22:00,United Kingdom,26,28.86,5,4,4,13,54,VIP Customers,2,0.8328664582968553,-0.41639538999657344
14017,272,1,7.03,1,5,2011-03-12 08:52:00,2011-03-12 08:52:00,Switzerland,2,7.03,1,2,1,4,12,Lost Customers,0,-2.5748626165481,0.9088679277808728
14018,227,3,119.37,3,60,2011-01-11 13:54:00,2011-04-26 12:24:00,Germany,13,39.79,1,3,3,7,13,At-Risk Customers,0,-1.0224132213666683,1.2820368100373443
14019,60,1,2.82,1,2,2011-10-10 12:52:00,2011-10-10 12:52:00,United Kingdom,1,2.82,3,2,1,6,32,Occasional Buyers,3,-1.6214598867890582,-1.2286882461385935
14020,142,1,14.45,1,5,2011-07-20 15:11:00,2011-07-20 15:11:00,Spain,1,14.45,2,2,1,5,22,Lost Customers,3,-1.6521557382756442,-0.17834418757991968
14021,9,5,202.97,5,82,2011-05-02 09:54:00,2011-11-30 18:34:00,United Kingdom,11,40.59,5,3,4,12,53,Loyal Customers,2,0.6305773804559445,-0.509772591067501
14022,87,4,28.14,4,13,2011-04-07 19:14:00,2011-09-13 12:06:00,United Kingdom,5,7.04,2,3,2,7,23,Occasional Buyers,1,-0.5216954919345757,-0.23598485486375084
14023,240,1,25.77,1,9,2011-04-13 18:03:00,2011-04-13 18:03:00,United Kingdom,3,25.77,1,2,2,5,12,Lost Customers,0,-2.030064570969294,0.8513083520388022
14024,62,9,524.09,9,190,2011-02-06 07:36:00,2011-10-08 16:44:00,United Kingdom,36,58.23,2,4,4,10,24,At-Risk Customers,2,0.9755264698195624,0.361796638562468
14025,57,2,77.14,2,43,2011-09-19 12:12:00,2011-10-13 09:51:00,United Kingdom,10,38.57,3,2,3,8,32,High Potential,1,-0.4062011413822498,-0.5027803059624607
14026,332,1,21.64,1,11,2011-01-11 08:32:00,2011-01-11 08:32:00,United Kingdom,3,21.64,1,2,2,5,12,Lost Customers,0,-2.59303578317993,1.6802473131952482
14027,167,1,1.08,1,2,2011-06-25 08:25:00,2011-06-25 08:25:00,United Kingdom,1,1.08,1,2,1,4,12,Lost Customers,3,-2.402007387828405,-0.34777415046846066
14029,1,14,909.96,14,288,2010-12-26 07:07:00,2011-12-08 16:03:00,United Kingdom,39,65.0,5,5,5,15,55,VIP Customers,2,1.7620524193237603,0.04691839773508622
14030,3,2,139.11,2,15,2011-07-01 12:42:00,2011-12-06 07:10:00,United Kingdom,3,69.56,5,2,3,10,52,New Customers,1,0.07213005976423842,-0.8915369900904054
14031,203,2,13.22,2,10,2011-01-02 18:24:00,2011-05-20 17:11:00,United Kingdom,3,6.61,1,2,1,4,12,Lost Customers,0,-1.7375659316678909,0.5231093562292399
14032,11,8,336.42,8,153,2011-03-25 16:51:00,2011-11-28 19:17:00,United Kingdom,36,42.05,4,4,4,12,44,VIP Customers,2,1.0520487368771663,-0.24347963754045887
14033,365,1,1.13,1,1,2010-12-09 15:03:00,2010-12-09 15:03:00,United Kingdom,1,1.13,1,2,1,4,12,Lost Customers,0,-3.4965482605103793,1.513660814159165
14034,6,32,2111.06,32,674,2010-12-05 14:55:00,2011-12-03 14:42:00,Spain,48,65.97,5,5,5,15,55,VIP Customers,4,2.533455689828813,0.54738995257347
14035,166,3,58.2,3,18,2011-03-21 15:47:00,2011-06-26 15:03:00,United Kingdom,5,19.4,1,3,3,7,13,At-Risk Customers,1,-0.8991158158306803,0.567115029228503
14036,48,7,322.67,7,85,2011-01-04 16:53:00,2011-10-22 15:55:00,United Kingdom,21,46.1,3,4,4,11,34,High Potential,2,0.7523585776556495,0.052632507864457605
14037,6,20,746.77,20,227,2011-01-17 08:06:00,2011-12-03 10:23:00,United Kingdom,37,37.34,5,5,5,15,55,VIP Customers,4,1.905875489642995,0.1753388158723814
14038,2,14,1513.29,14,393,2011-02-10 10:24:00,2011-12-07 12:32:00,United Kingdom,45,108.09,5,5,5,15,55,VIP Customers,4,1.9112718513189306,0.1586475064731855
14039,64,6,427.5,6,146,2011-01-06 18:47:00,2011-10-06 09:14:00,Germany,25,71.25,2,4,4,10,24,At-Risk Customers,2,0.6567993687584879,0.2110352136135282
14040,12,27,2671.94,27,632,2010-12-18 13:24:00,2011-11-27 17:26:00,United Kingdom,49,98.96,4,5,5,14,45,VIP Customers,4,2.458624308072231,0.5918564844753357
14041,90,1,36.66,1,16,2011-09-10 10:33:00,2011-09-10 10:33:00,Germany,5,36.66,2,2,2,6,22,Lost Customers,3,-1.091430820429107,-0.48650417356146053
14042,38,1,2.68,1,1,2011-11-01 08:02:00,2011-11-01 08:02:00,United Kingdom,1,2.68,3,2,1,6,32,Occasional Buyers,3,-1.5104123432334788,-1.4425025968512548
14043,53,7,160.69,7,69,2010-12-04 18:12:00,2011-10-17 08:15:00,Switzerland,20,22.96,3,4,3,10,34,High Potential,2,0.5131503264815356,-0.04026274816324197
14044,187,1,7.61,1,3,2011-06-05 19:09:00,2011-06-05 19:09:00,Belgium,2,7.61,1,2,1,4,12,Lost Customers,0,-2.08063737971133,0.12586642244694635
14045,60,3,32.53,3,18,2011-02-11 12:30:00,2011-10-10 13:48:00,United Kingdom,2,10.84,3,3,2,8,33,Occasional Buyers,1,-0.4824192066161933,-0.541341665044735
14046,92,2,79.81,2,34,2011-01-08 14:07:00,2011-09-08 15:22:00,Germany,10,39.9,2,2,3,7,22,Occasional Buyers,1,-0.590726295912372,-0.1678176767523349
14047,5,24,2727.03,24,806,2010-12-03 10:26:00,2011-12-04 10:56:00,United Kingdom,50,113.63,5,5,5,15,55,VIP Customers,4,2.4257262847974803,0.4894730084642215
14048,78,5,269.99,5,69,2010-12-24 13:36:00,2011-09-22 14:48:00,United Kingdom,16,54.0,2,3,4,9,23,At-Risk Customers,1,0.3331566479318923,0.19446166822734093
14049,52,11,736.4,11,236,2011-01-18 14:37:00,2011-10-18 17:48:00,United Kingdom,39,66.95,3,4,5,12,34,High Potential,2,1.2601790263866344,0.4021376821553337
14050,27,3,97.73,3,36,2011-07-03 16:54:00,2011-11-12 12:57:00,United Kingdom,8,32.58,3,3,3,9,33,High Potential,1,0.03013114920402764,-0.6332818831318231
14051,5,27,1406.4,27,474,2010-12-08 17:54:00,2011-12-04 18:29:00,United Kingdom,48,52.09,5,5,5,15,55,VIP Customers,4,2.3022134006139434,0.39703230394549666
14052,37,3,92.8,3,28,2011-02-06 17:48:00,2011-11-02 13:22:00,United Kingdom,10,30.93,3,3,3,9,33,High Potential,1,-0.04111543766463201,-0.549828149341534
14053,114,5,211.26,5,83,2010-12-13 07:56:00,2011-08-17 11:09:00,United Kingdom,28,42.25,2,3,4,9,23,At-Risk Customers,1,0.058436211498761714,0.4828385807495434
14054,6,1,1.67,1,1,2011-12-03 19:22:00,2011-12-03 19:22:00,United Kingdom,1,1.67,5,2,1,8,52,New Customers,3,-1.4300644469861112,-1.8071834146978043
14055,2,42,5097.86,42,1276,2011-01-17 11:25:00,2011-12-07 11:45:00,United Kingdom,50,121.38,5,5,5,15,55,VIP Customers,4,3.006474295410006,0.7828034470929658
14056,275,1,14.84,1,7,2011-03-09 16:52:00,2011-03-09 16:52:00,United Kingdom,2,14.84,1,2,1,4,12,Lost Customers,0,-2.3846446125211114,1.0738208761015413
14057,164,1,1.68,1,2,2011-06-28 07:46:00,2011-06-28 07:46:00,United Kingdom,2,1.68,1,2,1,4,12,Lost Customers,3,-2.3081205977975574,-0.3248606133019779
14058,56,1,4.36,1,4,2011-10-14 12:40:00,2011-10-14 12:40:00,United Kingdom,1,4.36,3,2,1,6,32,Occasional Buyers,3,-1.4960394214803179,-1.1979794319395165
14059,261,1,23.28,1,9,2011-03-23 16:54:00,2011-03-23 16:54:00,Spain,4,23.28,1,2,2,5,12,Lost Customers,0,-2.176654509635906,1.0285634110903288
14060,10,5,147.34,5,57,2011-01-10 08:38:00,2011-11-29 10:22:00,United Kingdom,12,29.47,4,3,3,10,43,Loyal Customers,1,0.5280173097784285,-0.5645346196637158
14061,26,7,180.95,7,67,2011-02-07 17:53:00,2011-11-13 10:31:00,United Kingdom,23,25.85,4,4,3,11,44,Loyal Customers,2,0.699347392507331,-0.2696669420782328
14062,5,22,4207.21,22,1045,2010-12-01 16:41:00,2011-12-04 17:28:00,United Kingdom,50,191.24,5,5,5,15,55,VIP Customers,4,2.500309975177691,0.5467137669548525
14063,139,1,21.47,1,9,2011-07-22 19:55:00,2011-07-22 19:55:00,United Kingdom,4,21.47,2,2,2,6,22,Lost Customers,3,-1.5213783233517406,-0.1310364402802835
14064,37,8,425.31,8,144,2010-12-24 19:00:00,2011-11-02 17:05:00,United Kingdom,24,53.16,3,4,4,11,34,High Potential,2,0.9785915292535344,0.0474180480887026
14065,351,1,15.2,1,5,2010-12-23 16:26:00,2010-12-23 16:26:00,United Kingdom,2,15.2,1,2,1,4,12,Lost Customers,0,-2.8007038263074726,1.7910007870344908
14066,4,36,7795.75,36,1784,2011-01-10 19:59:00,2011-12-05 14:37:00,United Kingdom,50,216.55,5,5,5,15,55,VIP Customers,4,3.021176038574744,0.8329159538431948
14067,8,16,2693.31,16,764,2011-01-15 11:50:00,2011-12-01 19:33:00,United Kingdom,50,168.33,5,5,5,15,55,VIP Customers,4,2.139592203094249,0.37607455550015273
14068,1,65,12121.95,65,2845,2010-12-20 15:28:00,2011-12-08 13:04:00,Germany,50,186.49,5,5,5,15,55,VIP Customers,4,3.5709513142219134,1.1023060383016272
14069,55,5,102.22,5,44,2011-02-08 15:33:00,2011-10-15 16:15:00,United Kingdom,7,20.44,3,3,3,9,33,High Potential,1,0.1671627590451499,-0.2156050745125251
14070,79,4,202.21,4,70,2011-01-30 07:07:00,2011-09-21 14:18:00,United Kingdom,15,50.55,2,3,4,9,23,At-Risk Customers,1,0.11433686277601939,0.08014357249907103
14071,57,1,20.63,1,10,2011-10-13 16:36:00,2011-10-13 16:36:00,Australia,2,20.63,3,2,2,7,32,Occasional Buyers,3,-1.0766914978780453,-0.907625775465554
14072,19,10,1062.67,10,332,2011-01-07 10:11:00,2011-11-20 10:14:00,United Kingdom,46,106.27,4,4,5,13,44,VIP Customers,2,1.495452681885948,0.1351126746254575
14073,19,53,9910.8,53,3189,2010-12-20 12:43:00,2011-11-20 09:26:00,United Kingdom,50,187.0,4,5,5,14,45,VIP Customers,4,3.271230894538615,1.158197395558407
14074,244,1,9.84,1,8,2011-04-09 18:01:00,2011-04-09 18:01:00,United Kingdom,1,9.84,1,2,1,4,12,Lost Customers,0,-2.327666806662739,0.7067430146705138
14075,7,22,1088.13,22,318,2010-12-29 17:58:00,2011-12-02 15:42:00,United Kingdom,45,49.46,5,5,5,15,55,VIP Customers,4,2.077504867442461,0.293243847416605
14076,33,8,393.95,8,172,2011-04-23 18:35:00,2011-11-06 12:57:00,United Kingdom,33,49.24,3,4,4,11,34,High Potential,2,0.977578072469586,-0.005478543487507247
14077,270,1,7.82,1,7,2011-03-14 17:25:00,2011-03-14 17:25:00,United Kingdom,3,7.82,1,2,1,4,12,Lost Customers,0,-2.535153423588735,0.9090127200466276
14078,5,10,511.85,10,206,2010-12-17 09:24:00,2011-12-04 10:53:00,United Kingdom,34,51.18,5,4,4,13,54,VIP Customers,2,1.351172264158439,-0.14308638810749943
14079,4,10,228.08,10,70,2010-12-17 17:55:00,2011-12-05 14:59:00,United Kingdom,18,22.81,5,4,4,13,54,VIP Customers,2,1.1112792204592823,-0.3147741216683344
14080,19,6,280.11,6,100,2011-03-03 17:04:00,2011-11-20 08:28:00,United Kingdom,26,46.68,4,4,4,12,44,VIP Customers,2,0.7788125896948134,-0.29583000230602186
14081,9,22,1913.9,22,539,2011-01-31 10:03:00,2011-11-30 08:14:00,United Kingdom,50,87.0,5,5,5,15,55,VIP Customers,4,2.2382411047314035,0.4256451413145466
14082,306,1,14.97,1,9,2011-02-06 13:36:00,2011-02-06 13:36:00,United Kingdom,4,14.97,1,2,1,4,12,Lost Customers,0,-2.5546554102360024,1.3661548001956325
14083,172,1,40.08,1,16,2011-06-20 17:15:00,2011-06-20 17:15:00,United Kingdom,3,40.08,1,2,2,5,12,Lost Customers,0,-1.5212475646828423,0.29991811747718344
14084,1,6,60.07,6,20,2011-05-30 16:13:00,2011-12-08 07:15:00,France,11,10.01,5,4,3,12,54,Loyal Customers,1,0.41397755817226356,-0.7720989393267093
14085,20,17,1802.23,17,636,2011-02-18 08:32:00,2011-11-19 18:34:00,United Kingdom,50,106.01,4,5,5,14,45,VIP Customers,4,1.9898854408235105,0.4283287428077191
14086,234,1,75.31,1,14,2011-04-19 19:42:00,2011-04-19 19:42:00,United Kingdom,5,75.31,1,2,3,6,12,Occasional Buyers,0,-1.6776324250669488,1.0060171725331506
14087,6,16,1754.22,16,591,2011-02-16 16:36:00,2011-12-03 10:47:00,United Kingdom,49,109.64,5,5,5,15,55,VIP Customers,4,2.020197919382165,0.2710109471467785
14088,45,5,160.18,5,53,2011-04-20 08:19:00,2011-10-25 17:04:00,United Kingdom,19,32.04,3,3,3,9,33,High Potential,1,0.35854289904056946,-0.21961957008139268
14089,277,1,83.57,1,20,2011-03-07 12:28:00,2011-03-07 12:28:00,United Kingdom,5,83.57,1,2,3,6,12,Occasional Buyers,0,-1.8856044599908848,1.429928242238393
14090,301,1,27.54,1,14,2011-02-11 14:44:00,2011-02-11 14:44:00,United Kingdom,3,27.54,1,2,2,5,12,Lost Customers,0,-2.3500004211989767,1.4362014452333691
14091,138,2,45.85,2,14,2011-04-08 09:39:00,2011-07-24 11:31:00,United Kingdom,6,22.92,2,2,2,6,22,Lost Customers,3,-1.0127312493338076,0.15373230202454538
14092,52,13,1258.57,13,487,2011-01-19 12:26:00,2011-10-18 12:37:00,United Kingdom,46,96.81,3,5,5,13,35,High Potential,2,1.5294271557671142,0.5655349086961646
14093,22,3,69.63,3,26,2011-08-25 09:49:00,2011-11-17 12:09:00,United Kingdom,7,23.21,4,3,3,10,43,Loyal Customers,1,-0.0440574205838427,-0.7476226912199159
14094,25,9,185.9,9,71,2010-12-06 08:15:00,2011-11-14 09:16:00,Netherlands,20,20.66,4,4,4,12,44,VIP Customers,2,0.8667930932301994,-0.19319867307321226
14095,87,4,288.88,4,68,2011-07-29 08:45:00,2011-09-13 10:22:00,United Kingdom,19,72.22,2,3,4,9,23,At-Risk Customers,1,0.17801259947228643,0.22670251525070415
14096,224,4,53.34,4,20,2011-01-16 08:27:00,2011-04-29 11:34:00,United Kingdom,4,13.34,1,3,2,6,13,Occasional Buyers,0,-1.0942420936478023,1.1741697051309943
14097,155,1,17.65,1,7,2011-07-07 11:23:00,2011-07-07 11:23:00,Switzerland,3,17.65,1,2,2,5,12,Lost Customers,3,-1.667162945650262,-0.018531903901687633
14098,19,2,15.66,2,9,2011-09-14 08:26:00,2011-11-20 19:50:00,United Kingdom,4,7.83,4,2,1,7,42,New Customers,3,-0.6654613270874101,-1.1703692395369871
14099,185,2,23.51,2,10,2010-12-12 12:12:00,2011-06-07 10:01:00,France,2,11.76,1,2,2,5,12,Lost Customers,0,-1.4715863036010168,0.46397147637301944
14100,5,18,2637.01,18,838,2010-12-28 12:14:00,2011-12-04 13:15:00,United Kingdom,50,146.5,5,5,5,15,55,VIP Customers,4,2.226468597405558,0.38378535837161
14101,22,4,508.5,4,98,2011-01-02 15:05:00,2011-11-17 11:13:00,United Kingdom,26,127.12,4,3,4,11,43,Loyal Customers,2,0.7114734283798417,-0.26922197500343575
14102,1,13,998.57,13,327,2010-12-18 10:13:00,2011-12-08 07:20:00,United Kingdom,36,76.81,5,5,5,15,55,VIP Customers,2,1.7428008676564108,0.0407428686022275
14103,31,6,55.84,6,32,2011-03-02 15:18:00,2011-11-08 11:57:00,United Kingdom,13,9.31,3,4,3,10,34,High Potential,1,0.22517959761958042,-0.5052447803720922
14104,364,1,43.43,1,23,2010-12-10 08:05:00,2010-12-10 08:05:00,United Kingdom,4,43.43,1,2,2,5,12,Lost Customers,0,-2.56575969751291,2.1160953188516327
14105,248,2,69.97,2,21,2011-01-06 19:20:00,2011-04-05 09:51:00,United Kingdom,8,34.98,1,2,3,6,12,Occasional Buyers,0,-1.4983385566245815,1.268847701365195
14106,102,3,154.85,3,42,2011-03-24 18:30:00,2011-08-29 11:08:00,United Kingdom,11,51.62,2,3,3,8,23,At-Risk Customers,1,-0.2481698315751583,0.1619351126117508
14107,299,1,40.12,1,26,2011-02-13 16:40:00,2011-02-13 16:40:00,Denmark,2,40.12,1,2,2,5,12,Lost Customers,0,-2.227645647903435,1.4909962646846668
14108,251,1,6.47,1,3,2011-04-02 13:00:00,2011-04-02 13:00:00,United Kingdom,2,6.47,1,2,1,4,12,Lost Customers,0,-2.4800249237734526,0.6973912971292172
14109,2,11,979.19,11,296,2011-05-04 17:22:00,2011-12-07 19:29:00,United Kingdom,37,89.02,5,4,5,14,54,VIP Customers,2,1.6250910095782292,-0.009391898830672724
14110,34,4,64.27,4,26,2011-06-06 07:08:00,2011-11-05 18:18:00,United Kingdom,7,16.07,3,3,3,9,33,High Potential,1,0.01883673181219724,-0.5705540243682355
14111,15,7,561.25,7,179,2011-01-20 17:42:00,2011-11-24 12:13:00,United Kingdom,35,80.18,4,4,4,12,44,VIP Customers,2,1.1041787729059758,-0.14559176811115884
14112,176,3,6.19,3,5,2010-12-24 12:26:00,2011-06-16 10:56:00,United Kingdom,3,2.06,1,3,1,5,13,Occasional Buyers,3,-1.596867166572391,0.23628765762559398
14113,37,2,41.5,2,10,2011-05-13 12:35:00,2011-11-02 12:08:00,United Kingdom,2,20.75,3,2,2,7,32,Occasional Buyers,1,-0.4803938840502999,-0.8129730063904371
14114,15,14,287.79,14,114,2010-12-27 13:52:00,2011-11-24 12:14:00,United Kingdom,22,20.56,4,5,4,13,45,VIP Customers,2,1.334258010895582,-0.053171428960773974
14115,6,2,6.88,2,4,2011-10-13 09:17:00,2011-12-03 15:22:00,Italy,3,3.44,5,2,1,8,52,New Customers,3,-0.8211496685688949,-1.4430552709400393
14116,36,1,22.39,1,13,2011-11-03 15:35:00,2011-11-03 15:35:00,United Kingdom,4,22.39,3,2,2,7,32,Occasional Buyers,3,-0.936010711509965,-1.0887883070333928
14117,113,2,49.7,2,25,2011-06-23 15:14:00,2011-08-18 12:43:00,United Kingdom,6,24.85,2,2,2,6,22,Lost Customers,1,-0.8495646828009513,-0.0647877695106521
14118,124,2,74.85,2,31,2011-03-20 16:47:00,2011-08-07 17:23:00,United Kingdom,6,37.42,2,2,3,7,22,Occasional Buyers,1,-0.7880835062672444,0.1194898300118115
14119,19,6,209.5,6,84,2010-12-18 17:08:00,2011-11-20 09:51:00,United Kingdom,22,34.92,4,4,4,12,44,VIP Customers,2,0.690712222083378,-0.35408704963313226
14120,18,10,755.87,10,241,2010-12-03 08:21:00,2011-11-21 11:22:00,United Kingdom,35,75.59,4,4,5,13,44,VIP Customers,2,1.3973750101516504,0.05720144915715166
14121,61,3,30.01,3,14,2011-01-23 09:33:00,2011-10-09 17:36:00,Norway,5,10.0,2,3,2,7,23,Occasional Buyers,1,-0.5117801249415842,-0.547700189790773
14122,7,9,168.59,9,76,2010-12-17 15:02:00,2011-12-02 19:14:00,France,14,18.73,5,4,3,12,54,Loyal Customers,2,0.9373532640019643,-0.38155917572813397
14123,62,1,9.69,1,3,2011-10-08 08:33:00,2011-10-08 08:33:00,United Kingdom,1,9.69,2,2,1,5,22,Lost Customers,3,-1.3191674800920248,-1.0026818438372078
14124,23,17,2044.58,17,735,2010-12-14 09:36:00,2011-11-16 09:22:00,United Kingdom,49,120.27,4,5,5,14,45,VIP Customers,4,2.011598858386803,0.48185673417762265
14125,18,12,1819.9,12,412,2011-01-30 18:46:00,2011-11-21 17:41:00,United Kingdom,49,151.66,4,5,5,14,45,VIP Customers,4,1.779826726159442,0.29422952467017566
14126,6,14,2073.99,14,571,2011-03-31 19:00:00,2011-12-03 19:43:00,Netherlands,49,148.14,5,5,5,15,55,VIP Customers,4,1.9849566036755675,0.25959855253445246
14127,16,2,17.71,2,8,2011-03-30 09:28:00,2011-11-23 13:23:00,United Kingdom,2,8.86,4,2,2,8,42,New Customers,3,-0.6134230364160317,-1.1751283452192351
14128,9,10,648.24,10,224,2010-12-31 17:36:00,2011-11-30 11:16:00,United Kingdom,33,64.82,5,4,5,14,54,VIP Customers,2,1.4007378429817898,-0.058084331501266545
14129,37,1,44.96,1,18,2011-11-02 09:27:00,2011-11-02 09:27:00,Switzerland,5,44.96,3,2,2,7,32,Occasional Buyers,3,-0.7358487422252041,-0.9433730527512475
14130,14,9,777.95,9,160,2011-02-21 18:56:00,2011-11-25 13:52:00,United Kingdom,33,86.44,4,4,5,13,44,VIP Customers,2,1.3627395103934998,-0.008872978558696202
14131,48,14,1045.48,14,388,2010-12-13 07:56:00,2011-10-22 09:40:00,Switzerland,49,74.68,3,5,5,13,35,High Potential,2,1.5427603040342057,0.5155704124861853
14132,76,6,130.73,6,36,2011-04-02 17:59:00,2011-09-24 17:01:00,United Kingdom,13,21.79,2,4,3,9,24,At-Risk Customers,1,0.23077235695893172,0.0860008738326838
14133,30,1,12.9,1,6,2011-11-09 19:17:00,2011-11-09 19:17:00,United Kingdom,2,12.9,3,2,1,6,32,Occasional Buyers,3,-1.061128400083571,-1.2498629964424486
14134,111,2,56.73,2,18,2011-05-04 11:00:00,2011-08-20 17:22:00,Spain,4,28.36,2,2,3,7,22,Occasional Buyers,1,-0.7988867513979948,-0.05738981438131728
14135,16,10,764.99,10,260,2011-04-21 18:57:00,2011-11-23 16:15:00,United Kingdom,37,76.5,4,4,5,13,44,VIP Customers,2,1.4121520906789542,0.04085968985338846
14136,77,3,152.65,3,52,2011-05-08 07:19:00,2011-09-23 19:28:00,United Kingdom,8,50.88,2,3,3,8,23,At-Risk Customers,1,-0.11338674227568396,-0.07535375207747746
14137,342,1,2.98,1,2,2011-01-01 18:55:00,2011-01-01 18:55:00,Germany,1,2.98,1,2,1,4,12,Lost Customers,0,-3.178158575499853,1.423896444202422
14138,14,19,5909.92,19,1386,2011-02-21 19:31:00,2011-11-25 13:36:00,Spain,50,311.05,4,5,5,14,45,VIP Customers,4,2.457440654793137,0.6491537426522193
14139,29,7,201.43,7,82,2011-04-27 12:49:00,2011-11-10 18:37:00,United Kingdom,21,28.78,3,4,4,11,34,High Potential,2,0.7151400559921864,-0.22005409499105247
14140,8,1,94.38,1,25,2011-12-01 13:28:00,2011-12-01 13:28:00,United Kingdom,6,94.38,5,2,3,10,52,New Customers,1,-0.3521109453434673,-1.0682651331027455
14141,13,8,429.62,8,172,2011-03-02 09:19:00,2011-11-26 11:43:00,United Kingdom,27,53.7,4,4,4,12,44,VIP Customers,2,1.1152038537498576,-0.17560461185736317
14142,65,7,424.24,7,114,2011-01-08 17:14:00,2011-10-05 15:12:00,United Kingdom,20,60.61,2,4,4,10,24,At-Risk Customers,2,0.74088804293774,0.26700987906847584
14143,52,3,17.65,3,8,2011-02-09 12:52:00,2011-10-18 18:26:00,United Kingdom,4,5.88,3,3,2,8,33,Occasional Buyers,1,-0.616562743372984,-0.7344979838853012
14144,29,3,12.93,3,5,2011-05-04 18:44:00,2011-11-10 14:46:00,United Kingdom,2,4.31,3,3,1,7,33,Occasional Buyers,3,-0.577452970113383,-1.0089383487044437
14145,85,2,42.37,2,27,2010-12-20 15:34:00,2011-09-15 16:28:00,United Kingdom,7,21.18,2,2,2,6,22,Lost Customers,1,-0.7413192254895372,-0.3587946745523187
14146,96,8,798.46,8,191,2011-01-31 17:50:00,2011-09-04 14:25:00,United Kingdom,31,99.81,2,4,5,11,24,At-Risk Customers,2,0.8417897403702675,0.7272967335597675
14147,4,23,2494.16,23,794,2011-01-30 13:12:00,2011-12-05 15:26:00,United Kingdom,50,108.44,5,5,5,15,55,VIP Customers,4,2.3759958328137274,0.4474100721110976
14148,8,16,1638.59,16,618,2010-12-01 19:25:00,2011-12-01 14:59:00,United Kingdom,50,102.41,5,5,5,15,55,VIP Customers,4,1.988312960105293,0.2760399897275448
14149,12,6,28.2,6,17,2011-05-18 09:53:00,2011-11-27 18:37:00,Spain,7,4.7,4,4,2,10,44,Occasional Buyers,1,0.1280393662539009,-0.8175550757579192
14150,287,2,22.61,2,8,2010-12-08 11:44:00,2011-02-25 07:23:00,United Kingdom,6,11.3,1,2,2,5,12,Lost Customers,0,-2.050561979250031,1.4128934513486648
14151,32,3,17.99,3,6,2011-05-25 12:25:00,2011-11-07 15:46:00,Italy,3,6.0,3,3,2,8,33,Occasional Buyers,1,-0.4997697730289028,-0.9183999091053714
14152,18,1,3.85,1,1,2011-11-21 09:52:00,2011-11-21 09:52:00,United Kingdom,1,3.85,4,2,1,7,42,New Customers,3,-1.3150401500878528,-1.5744434051567244
14153,23,11,336.0,11,111,2011-06-09 19:42:00,2011-11-16 16:09:00,United Kingdom,27,30.55,4,4,4,12,44,VIP Customers,2,1.183056530237519,-0.0275018201444866
14154,282,1,46.68,1,23,2011-03-02 16:35:00,2011-03-02 16:35:00,Canada,3,46.68,1,2,2,5,12,Lost Customers,0,-2.0879669181077167,1.3613975509467926
14155,8,6,167.04,6,57,2011-06-06 12:14:00,2011-12-01 16:54:00,United Kingdom,11,27.84,5,4,3,12,54,Loyal Customers,2,0.6833070985999431,-0.502606442155741
14156,3,7,564.28,7,217,2011-01-13 10:32:00,2011-12-06 18:23:00,United Kingdom,35,80.61,5,4,4,13,54,VIP Customers,2,1.1725900024532718,-0.2570336215225818
14157,190,2,41.39,2,11,2011-01-12 14:42:00,2011-06-02 11:33:00,United Kingdom,5,20.7,1,2,2,5,12,Lost Customers,0,-1.3325553253208968,0.6211898270043796
14158,102,1,26.54,1,9,2011-08-29 19:47:00,2011-08-29 19:47:00,United Kingdom,2,26.54,2,2,2,6,22,Lost Customers,3,-1.2535233907620749,-0.4370098290172951
14159,29,1,1.02,1,2,2011-11-10 17:59:00,2011-11-10 17:59:00,United Kingdom,1,1.02,3,2,1,6,32,Occasional Buyers,3,-1.6430180384269426,-1.6476986149675297
14160,11,14,622.83,14,176,2010-12-19 09:39:00,2011-11-28 16:55:00,United Kingdom,38,44.49,4,5,4,13,45,VIP Customers,2,1.5910901272326676,0.0644343526500296
14161,40,2,96.83,2,38,2011-02-16 15:21:00,2011-10-30 15:02:00,United Kingdom,3,48.42,3,2,3,8,32,High Potential,1,-0.2431582155680248,-0.61692926494774
14162,296,1,5.4,1,3,2011-02-16 08:59:00,2011-02-16 08:59:00,United Kingdom,1,5.4,1,2,1,4,12,Lost Customers,0,-2.777514274028269,1.0882215696354485
14163,50,5,266.47,5,122,2011-05-14 19:27:00,2011-10-20 16:52:00,United Kingdom,26,53.29,3,3,4,10,33,High Potential,2,0.4849811918480481,-0.07072822980702288
14164,40,1,58.65,1,5,2011-10-30 10:23:00,2011-10-30 10:23:00,United Kingdom,1,58.65,3,2,3,8,32,High Potential,1,-0.6731337061450542,-0.8627324250191474
14165,178,5,229.02,5,66,2010-12-11 15:15:00,2011-06-14 14:47:00,Portugal,10,45.8,1,3,4,8,13,At-Risk Customers,1,-0.273219694374739,1.099151523387448
14166,175,2,35.6,2,13,2011-03-01 12:42:00,2011-06-17 09:20:00,United Kingdom,4,17.8,1,2,2,5,12,Lost Customers,0,-1.2938180802664436,0.4509559959658015
14167,58,1,1.89,1,1,2011-10-12 09:37:00,2011-10-12 09:37:00,United Kingdom,1,1.89,3,2,1,6,32,Occasional Buyers,3,-1.6953043342079672,-1.303631674058927
14168,92,1,4.44,1,2,2011-09-08 19:47:00,2011-09-08 19:47:00,Germany,1,4.44,2,2,1,5,22,Lost Customers,3,-1.6918500252028135,-0.8574227841513611
14169,40,11,372.12,11,131,2010-12-08 13:25:00,2011-10-30 16:24:00,United Kingdom,29,33.83,3,4,4,11,34,High Potential,2,1.1194701941319118,0.15241357558487656
14170,7,5,156.17,5,42,2011-04-17 11:10:00,2011-12-02 07:35:00,United Kingdom,10,31.23,5,3,3,11,53,Loyal Customers,2,0.5623215143691839,-0.5810205264946099
14171,1,3,14.53,3,6,2011-03-26 16:37:00,2011-12-08 16:29:00,United Kingdom,3,4.84,5,3,1,9,53,Occasional Buyers,1,-0.3885306391334892,-1.249597049023093
14172,113,2,11.47,2,6,2011-07-16 16:45:00,2011-08-18 07:43:00,United Kingdom,3,5.74,2,2,1,5,22,Lost Customers,3,-1.27675620112825,-0.34727145460373615
14173,15,28,1947.58,28,659,2010-12-11 18:59:00,2011-11-24 13:16:00,United Kingdom,50,69.56,4,5,5,14,45,VIP Customers,4,2.369834110077574,0.5689792368632559
14174,42,5,135.81,5,60,2011-05-28 07:46:00,2011-10-28 13:19:00,Germany,15,27.16,3,3,3,9,33,High Potential,1,0.32530853487579986,-0.28076587621674154
14175,12,3,53.81,3,20,2011-06-24 16:17:00,2011-11-27 07:34:00,United Kingdom,6,17.94,4,3,2,9,43,Occasional Buyers,1,-0.06564604020037376,-0.8924644210476679
14176,82,1,8.79,1,3,2011-09-18 07:16:00,2011-09-18 07:16:00,United Kingdom,1,8.79,2,2,1,5,22,Lost Customers,3,-1.4572441522661976,-0.832853930547263
14177,49,4,353.84,4,115,2011-03-17 17:33:00,2011-10-21 13:38:00,United Kingdom,24,88.46,3,3,4,10,33,High Potential,2,0.45104876277447337,-0.08890135359698567
14178,14,1,7.22,1,2,2011-11-25 15:52:00,2011-11-25 15:52:00,United Kingdom,1,7.22,4,2,1,7,42,New Customers,3,-1.1320929128806851,-1.5056945695147903
14179,72,3,101.04,3,43,2010-12-02 17:07:00,2011-09-28 14:36:00,United Kingdom,16,33.68,2,3,3,8,23,At-Risk Customers,1,-0.21022886439808333,-0.20467439630315004
14180,20,5,40.75,5,20,2010-12-28 11:52:00,2011-11-19 19:03:00,United Kingdom,8,8.15,4,3,2,9,43,Occasional Buyers,1,0.08623451009568923,-0.7261008133897818
14181,10,11,476.95,11,104,2010-12-01 13:17:00,2011-11-29 09:29:00,United Kingdom,21,43.36,4,4,4,12,44,VIP Customers,2,1.3618195560597068,-0.07902930633509121
14182,28,5,357.48,5,120,2011-01-23 07:36:00,2011-11-11 09:28:00,United Kingdom,23,71.5,3,3,4,10,33,High Potential,2,0.6965990772373785,-0.21803966659595175
14183,42,4,182.39,4,53,2011-04-17 10:01:00,2011-10-28 08:13:00,United Kingdom,12,45.6,3,3,3,9,33,High Potential,1,0.2889676571733338,-0.2874749963653839
14184,305,1,14.0,1,7,2011-02-07 17:24:00,2011-02-07 17:24:00,United Kingdom,3,14.0,1,2,1,4,12,Lost Customers,0,-2.5681758502276404,1.3441576961440258
14185,116,3,13.19,3,9,2010-12-22 18:31:00,2011-08-15 17:18:00,United Kingdom,4,4.4,2,3,1,6,23,Occasional Buyers,3,-1.0559341835394793,-0.1894127687734448
14186,54,7,177.13,7,64,2011-03-30 12:24:00,2011-10-16 07:08:00,United Kingdom,17,25.3,3,4,3,10,34,High Potential,2,0.5370782477832896,-0.011383616854795432
14187,213,1,2.31,1,1,2011-05-10 16:07:00,2011-05-10 16:07:00,United Kingdom,1,2.31,1,2,1,4,12,Lost Customers,0,-2.5164777280432986,0.17713546234895589
14188,15,11,969.07,11,342,2011-02-21 10:34:00,2011-11-24 15:54:00,Spain,41,88.1,4,4,5,13,44,VIP Customers,2,1.5495913031005963,0.11041925342524159
14190,69,2,15.07,2,8,2010-12-14 19:17:00,2011-10-01 07:17:00,United Kingdom,2,7.54,2,2,1,5,22,Lost Customers,3,-0.954669265296043,-0.708779775136219
14191,336,1,9.18,1,7,2011-01-07 19:23:00,2011-01-07 19:23:00,Germany,2,9.18,1,2,1,4,12,Lost Customers,0,-2.858735526832785,1.5567777446534705
14192,39,6,269.59,6,96,2011-02-07 16:57:00,2011-10-31 09:09:00,United Kingdom,22,44.93,3,4,4,11,34,High Potential,2,0.6559053803557304,-0.11597116476150013
14193,26,5,121.24,5,47,2011-01-08 19:01:00,2011-11-13 16:03:00,Spain,19,24.25,4,3,3,10,43,Loyal Customers,1,0.3800441395819776,-0.4534772774560871
14194,80,1,1.5,1,1,2011-09-20 18:08:00,2011-09-20 18:08:00,United Kingdom,1,1.5,2,2,1,5,22,Lost Customers,3,-1.8618762434022247,-1.1265332382115334
14195,345,1,22.08,1,3,2010-12-29 13:02:00,2010-12-29 13:02:00,France,1,22.08,1,2,2,5,12,Lost Customers,0,-2.6595121480201804,1.8060252196778432
14196,352,1,24.1,1,10,2010-12-22 10:27:00,2010-12-22 10:27:00,United Kingdom,1,24.1,1,2,2,5,12,Lost Customers,0,-2.6729098676298064,1.8885621363533711
14197,311,1,16.26,1,3,2011-02-01 10:05:00,2011-02-01 10:05:00,United Kingdom,1,16.26,1,2,1,4,12,Lost Customers,0,-2.558819027014735,1.4286846208299036
14198,118,1,8.55,1,4,2011-08-13 19:32:00,2011-08-13 19:32:00,France,2,8.55,2,2,1,5,22,Lost Customers,3,-1.6651265510029485,-0.5002798502844826
14199,93,2,10.11,2,7,2011-06-11 13:24:00,2011-09-07 10:10:00,United Kingdom,3,5.06,2,2,1,5,22,Lost Customers,3,-1.2006376503049194,-0.5580696533271595
14200,35,6,423.19,6,163,2011-01-30 16:26:00,2011-11-04 10:54:00,United Kingdom,24,70.53,3,4,4,11,34,High Potential,2,0.8150915626284473,-0.06293450989006627
14201,319,1,2.14,1,2,2011-01-24 18:18:00,2011-01-24 18:18:00,United Kingdom,1,2.14,1,2,1,4,12,Lost Customers,0,-3.1223758660041097,1.1604811870159153
14202,1,33,7430.05,33,1749,2010-12-05 14:18:00,2011-12-08 14:36:00,United Kingdom,50,225.15,5,5,5,15,55,VIP Customers,4,2.9649931729645167,0.7646281979667652
14203,311,1,10.44,1,4,2011-02-01 09:29:00,2011-02-01 09:29:00,United Kingdom,1,10.44,1,2,1,4,12,Lost Customers,0,-2.6840817332066083,1.3458536905989755
14204,180,1,11.76,1,6,2011-06-12 10:11:00,2011-06-12 10:11:00,United Kingdom,1,11.76,1,2,1,4,12,Lost Customers,0,-1.9218701836184364,0.13945619287849628
14205,88,2,23.28,2,10,2011-05-17 18:32:00,2011-09-12 12:21:00,United Kingdom,5,11.64,2,2,2,6,22,Lost Customers,3,-0.9346990772063352,-0.4474987658390909
14206,4,3,39.86,3,21,2011-02-21 16:55:00,2011-12-05 19:05:00,United Kingdom,6,13.29,5,3,2,10,53,Occasional Buyers,1,-0.11058881027559381,-1.0266360451920418
14207,61,9,396.95,9,105,2010-12-09 13:15:00,2011-10-09 18:03:00,United Kingdom,27,44.11,2,4,4,10,24,At-Risk Customers,2,0.8966506850264312,0.29658280887842386
14208,10,1,24.89,1,14,2011-11-29 07:59:00,2011-11-29 07:59:00,United Kingdom,3,24.89,4,2,2,8,42,New Customers,3,-0.7604044423286793,-1.3121391381496366
14209,29,18,884.35,18,331,2010-12-08 09:26:00,2011-11-10 14:11:00,United Kingdom,41,49.13,3,5,5,13,35,High Potential,4,1.7603901562517983,0.3889460085307802
14210,45,4,287.7,4,120,2011-06-04 12:28:00,2011-10-25 09:21:00,United Kingdom,24,71.92,3,3,4,10,33,High Potential,1,0.4104802598043818,-0.16795402442879523
14211,14,7,193.11,7,74,2010-12-17 07:59:00,2011-11-25 13:07:00,United Kingdom,14,27.59,4,4,4,12,44,VIP Customers,2,0.785825322377876,-0.3691620506086546
14212,31,14,1220.22,14,343,2011-01-06 18:19:00,2011-11-08 12:30:00,United Kingdom,46,87.16,3,5,5,13,35,High Potential,4,1.684388534592414,0.3872608211579432
14213,97,4,60.29,4,26,2011-03-24 10:58:00,2011-09-03 14:41:00,United Kingdom,8,15.07,2,3,3,8,23,At-Risk Customers,1,-0.3508905989435289,0.007527286173793814
14214,65,1,3.63,1,1,2011-10-05 13:44:00,2011-10-05 13:44:00,United Kingdom,1,3.63,2,2,1,5,22,Lost Customers,3,-1.5907115128608345,-1.1430726024817768
14215,269,2,52.63,2,20,2011-01-15 07:22:00,2011-03-15 19:29:00,United Kingdom,9,26.32,1,2,2,5,12,Lost Customers,0,-1.7005187419544507,1.4093432812160158
14216,22,11,232.94,11,100,2010-12-22 13:40:00,2011-11-17 16:31:00,United Kingdom,22,21.18,4,4,4,12,44,VIP Customers,2,1.0774470291201086,-0.11039352586194397
14217,25,8,175.89,8,78,2011-02-04 15:40:00,2011-11-14 18:49:00,United Kingdom,18,21.99,4,4,3,11,44,Loyal Customers,2,0.7774532534727281,-0.2422654939176752
14218,20,5,44.56,5,17,2011-06-13 11:06:00,2011-11-19 08:46:00,Portugal,6,8.91,4,3,2,9,43,Occasional Buyers,1,0.11283291654284192,-0.7085124120558429
14219,87,2,8.53,2,5,2011-01-10 08:06:00,2011-09-13 12:15:00,Japan,2,4.27,2,2,1,5,22,Lost Customers,3,-1.2139719902197403,-0.6452267415983917
14220,16,1,8.85,1,5,2011-11-23 14:31:00,2011-11-23 14:31:00,United Kingdom,1,8.85,4,2,1,7,42,New Customers,3,-1.0881246625214862,-1.450507007242351
14221,284,1,63.5,1,21,2011-02-28 14:16:00,2011-02-28 14:16:00,United Kingdom,3,63.5,1,2,3,6,12,Occasional Buyers,0,-2.007068822351934,1.4410052582127304
14222,119,1,6.78,1,6,2011-08-12 14:47:00,2011-08-12 14:47:00,United Kingdom,1,6.78,2,2,1,5,22,Lost Customers,3,-1.7331235325746681,-0.5321867697319116
14223,5,2,44.5,2,16,2011-03-05 14:34:00,2011-12-04 14:17:00,United Kingdom,4,22.25,5,2,2,9,52,New Customers,1,-0.2815548633795867,-1.0993006546586408
14224,13,9,465.64,9,177,2011-03-20 18:24:00,2011-11-26 16:05:00,United Kingdom,41,51.74,4,4,4,12,44,VIP Customers,2,1.212245203393105,-0.1214451082231449
14225,123,1,45.14,1,18,2011-08-08 08:46:00,2011-08-08 08:46:00,United Kingdom,5,45.14,2,2,2,6,22,Lost Customers,3,-1.213207268067225,-0.13616169586552837
14226,93,2,39.68,2,13,2011-02-28 13:53:00,2011-09-07 12:46:00,United Kingdom,5,19.84,2,2,2,6,22,Lost Customers,1,-0.8053375266851543,-0.29667439886354313
14227,145,2,63.19,2,21,2011-03-07 10:50:00,2011-07-17 09:05:00,United Kingdom,4,31.59,2,2,3,7,22,Occasional Buyers,1,-0.9557745531315179,0.282791618580434
14228,35,1,3.03,1,1,2011-11-04 10:09:00,2011-11-04 10:09:00,United Kingdom,1,3.03,3,2,1,6,32,Occasional Buyers,3,-1.4660473810900938,-1.4523357501831493
14229,5,18,1728.31,18,557,2010-12-03 10:45:00,2011-12-04 13:37:00,Spain,49,96.02,5,5,5,15,55,VIP Customers,4,2.097847488778678,0.29873365863762436
14230,79,1,18.8,1,8,2011-09-21 18:54:00,2011-09-21 18:54:00,Belgium,1,18.8,2,2,2,6,22,Lost Customers,3,-1.2260348937788803,-0.7191348523729604
14231,24,4,130.04,4,47,2011-04-11 10:55:00,2011-11-15 14:38:00,United Kingdom,13,32.51,4,3,3,10,43,Loyal Customers,1,0.286758944158016,-0.5239544844645256
14232,177,2,8.88,2,4,2011-06-10 14:38:00,2011-06-15 18:02:00,United Kingdom,2,4.44,1,2,1,4,12,Lost Customers,0,-1.703793909272586,0.20596953589947709
14233,6,49,7132.74,49,1678,2011-01-17 15:22:00,2011-12-03 10:47:00,United Kingdom,50,145.57,5,5,5,15,55,VIP Customers,4,3.190386828705538,0.9423144468897547
14234,21,3,104.41,3,39,2011-05-20 18:29:00,2011-11-18 19:03:00,Spain,5,34.8,4,3,3,10,43,Loyal Customers,1,0.08345815405736039,-0.6763586432235492
14235,5,46,6621.06,46,1829,2010-12-28 11:30:00,2011-12-04 09:11:00,France,50,143.94,5,5,5,15,55,VIP Customers,4,3.1306613129247403,0.8956423889110504
14236,259,1,1.98,1,2,2011-03-25 15:48:00,2011-03-25 15:48:00,United Kingdom,1,1.98,1,2,1,4,12,Lost Customers,0,-2.8044333651739723,0.5873265850284423
14237,21,4,132.0,4,51,2011-04-26 10:07:00,2011-11-18 12:46:00,United Kingdom,16,33.0,4,3,3,10,43,Loyal Customers,1,0.30797433290242227,-0.5490954716871347
14238,21,5,241.48,5,75,2011-02-21 12:37:00,2011-11-18 12:43:00,Belgium,20,48.3,4,3,4,11,43,Loyal Customers,2,0.6164775500147036,-0.36241690626234424
14239,63,10,1089.56,10,333,2010-12-17 19:49:00,2011-10-07 07:54:00,United Kingdom,45,108.96,2,4,5,11,24,At-Risk Customers,2,1.2582176050725287,0.5527299411325224
14240,57,8,394.35,8,133,2011-02-15 08:26:00,2011-10-13 13:35:00,United Kingdom,29,49.29,3,4,4,11,34,High Potential,2,0.8443378144154404,0.21977392139170623
14241,40,5,146.38,5,56,2011-02-01 16:22:00,2011-10-30 09:18:00,United Kingdom,14,29.28,3,3,3,9,33,High Potential,1,0.35910412637876177,-0.28453149850724335
14242,269,1,17.1,1,4,2011-03-15 17:48:00,2011-03-15 17:48:00,United Kingdom,2,17.1,1,2,2,5,12,Lost Customers,0,-2.3106357367286785,1.0444201626232232
14243,76,2,21.29,2,9,2011-08-31 09:08:00,2011-09-24 18:39:00,United Kingdom,4,10.64,2,2,2,6,22,Lost Customers,3,-0.8939701387961386,-0.577245747692311
14244,250,1,12.48,1,4,2011-04-03 14:26:00,2011-04-03 14:26:00,United Kingdom,1,12.48,1,2,1,4,12,Lost Customers,0,-2.294668372564115,0.8069031368287676
14245,193,5,37.14,5,20,2010-12-08 12:00:00,2011-05-30 08:44:00,United Kingdom,9,7.43,1,3,2,6,13,Occasional Buyers,0,-0.9039722301052858,0.8779106790943235
14246,40,7,99.56,7,38,2010-12-30 09:39:00,2011-10-30 10:50:00,United Kingdom,10,14.22,3,4,3,10,34,High Potential,2,0.44084027465949427,-0.2578142426916346
14247,133,1,12.7,1,7,2011-07-29 13:20:00,2011-07-29 13:20:00,United Kingdom,2,12.7,2,2,1,5,22,Lost Customers,3,-1.6386884871242586,-0.28694834371947053
14248,13,7,390.72,7,140,2011-02-03 18:55:00,2011-11-26 08:45:00,United Kingdom,34,55.82,4,4,4,12,44,VIP Customers,2,1.0052360280545678,-0.23713163871381795
14249,373,1,4.44,1,2,2010-12-01 13:40:00,2010-12-01 13:40:00,United Kingdom,1,4.44,1,2,1,4,12,Lost Customers,0,-3.255481169279649,1.777521157764353
14250,6,13,693.79,13,210,2011-02-08 08:42:00,2011-12-03 10:15:00,United Kingdom,39,53.37,5,5,5,15,55,VIP Customers,2,1.6042009935262538,0.014375677574256646
14252,50,6,182.3,6,52,2010-12-21 13:06:00,2011-10-20 16:14:00,United Kingdom,15,30.38,3,4,3,10,34,High Potential,2,0.47607107069283305,-0.09126529100213648
14253,3,9,185.35,9,64,2011-04-23 11:45:00,2011-12-05 19:53:00,United Kingdom,17,20.59,5,4,4,13,54,VIP Customers,2,0.9883150153099329,-0.4000867602304821
14254,75,5,170.9,5,60,2010-12-18 15:32:00,2011-09-25 08:11:00,United Kingdom,18,34.18,2,3,3,8,23,At-Risk Customers,1,0.21121887816633322,0.07465955124506542
14255,17,7,162.09,7,64,2011-05-22 14:32:00,2011-11-22 09:13:00,United Kingdom,17,23.16,4,4,3,11,44,Loyal Customers,2,0.7160989688523269,-0.3760993128617267
14256,76,5,143.45,5,59,2011-03-06 11:06:00,2011-09-24 13:19:00,Denmark,12,28.69,2,3,3,8,23,At-Risk Customers,1,0.1526652253602327,0.04899710575091808
14257,48,4,62.24,4,43,2011-07-12 19:07:00,2011-10-22 19:06:00,United Kingdom,10,15.56,3,3,3,9,33,High Potential,1,-0.06868967656276571,-0.44563901260042055
14258,128,5,161.03,5,50,2011-01-29 08:42:00,2011-08-03 07:31:00,United Kingdom,13,32.21,2,3,3,8,23,At-Risk Customers,1,-0.10171059530870244,0.5597327941586608
14259,31,15,758.04,15,296,2011-02-10 18:19:00,2011-11-08 19:46:00,United Kingdom,41,50.54,3,5,5,13,35,High Potential,2,1.5840048606491484,0.3147498231240159
14260,8,8,221.34,8,85,2010-12-08 14:04:00,2011-12-01 19:07:00,Germany,20,27.67,5,4,4,13,54,VIP Customers,2,0.9416993822236377,-0.35561882568451103
14261,6,21,2884.8,21,892,2010-12-26 17:51:00,2011-12-03 07:39:00,United Kingdom,50,137.37,5,5,5,15,55,VIP Customers,4,2.3492311892218263,0.46409152933259035
14262,24,11,660.57,11,222,2011-03-18 10:51:00,2011-11-15 18:16:00,United Kingdom,40,60.05,4,4,5,13,44,VIP Customers,2,1.3829352469440477,0.11772613118645656
14263,4,4,64.18,4,24,2011-02-03 10:33:00,2011-12-05 14:10:00,United Kingdom,10,16.04,5,3,3,11,53,Loyal Customers,1,0.18535218194305605,-0.8521426651349641
14264,49,4,64.09,4,31,2011-02-16 13:10:00,2011-10-21 08:44:00,United Kingdom,5,16.02,3,3,3,9,33,High Potential,1,-0.06547222194769056,-0.4304548370639383
14265,60,11,379.3,11,122,2010-12-13 16:09:00,2011-10-10 08:51:00,United Kingdom,29,34.48,3,4,4,11,34,High Potential,2,1.0139849479330987,0.34379282057730237
14266,50,4,64.37,4,22,2010-12-07 12:34:00,2011-10-20 12:33:00,France,10,16.09,3,3,3,9,33,High Potential,1,-0.06972937094195696,-0.42021330079249664
14267,55,4,86.46,4,31,2010-12-02 15:08:00,2011-10-15 10:52:00,United Kingdom,10,21.62,3,3,3,9,33,High Potential,1,-0.008885816810655256,-0.3146969871958983
14268,8,11,780.51,11,336,2011-02-10 17:03:00,2011-12-01 08:02:00,United Kingdom,46,70.96,5,4,5,14,54,VIP Customers,2,1.522712875972418,0.001249424194722619
14269,79,6,30.77,6,13,2011-06-01 17:47:00,2011-09-21 14:28:00,Switzerland,10,5.13,2,4,2,8,24,Occasional Buyers,1,-0.21909200398541714,-0.1723055766478844
14270,14,23,1620.09,23,444,2011-02-22 17:21:00,2011-11-25 19:04:00,United Kingdom,46,70.44,4,5,5,14,45,VIP Customers,4,2.1890030483065557,0.45432574032259326
14271,3,12,209.13,12,76,2011-01-20 12:42:00,2011-12-06 18:29:00,United Kingdom,17,17.43,5,5,4,14,55,VIP Customers,2,1.205615925253976,-0.281320927520753
14272,48,3,94.42,3,33,2011-05-03 18:40:00,2011-10-22 07:29:00,United Kingdom,12,31.47,3,3,3,9,33,High Potential,1,-0.09710992143224363,-0.44323223591760996
14273,99,2,25.03,2,11,2011-04-24 11:00:00,2011-09-01 14:12:00,United Kingdom,5,12.52,2,2,2,6,22,Lost Customers,3,-0.97471167537617,-0.3303347073450743
14274,11,19,2721.34,19,786,2010-12-27 11:26:00,2011-11-28 17:48:00,United Kingdom,49,143.23,4,5,5,14,45,VIP Customers,4,2.2379972764512632,0.46487529024144364
14275,111,1,9.39,1,4,2011-08-20 12:30:00,2011-08-20 12:30:00,United Kingdom,3,9.39,2,2,1,5,22,Lost Customers,3,-1.6004987316050237,-0.5489404684966185
14276,309,1,2.58,1,2,2011-02-03 07:14:00,2011-02-03 07:14:00,United Kingdom,1,2.58,1,2,1,4,12,Lost Customers,0,-3.0267891709144092,1.09312253744632
14277,27,1,46.13,1,16,2011-11-12 08:06:00,2011-11-12 08:06:00,France,3,46.13,3,2,2,7,32,Occasional Buyers,3,-0.6725471089151606,-1.0320804483368806
14278,37,7,357.74,7,69,2011-03-29 07:04:00,2011-11-02 13:42:00,France,20,51.11,3,4,4,11,34,High Potential,2,0.844900610057463,-0.02979605724755979
14279,13,29,5199.67,29,1078,2011-02-06 19:19:00,2011-11-26 15:52:00,United Kingdom,50,179.3,4,5,5,14,45,VIP Customers,4,2.7033086438775893,0.7601577890472259
14280,1,33,4230.24,33,1417,2010-12-26 11:00:00,2011-12-08 10:46:00,United Kingdom,50,128.19,5,5,5,15,55,VIP Customers,4,2.793467216000843,0.651205336478459
14281,151,1,8.98,1,4,2011-07-11 12:04:00,2011-07-11 12:04:00,United Kingdom,4,8.98,1,2,1,4,12,Lost Customers,3,-1.835341928934407,-0.18196798870379483
14282,308,1,15.68,1,13,2011-02-04 07:51:00,2011-02-04 07:51:00,United Kingdom,5,15.68,1,2,1,4,12,Lost Customers,0,-2.5525360899455403,1.3936694348095169
14283,9,7,99.73,7,38,2011-03-10 08:47:00,2011-11-30 19:35:00,United Kingdom,9,14.25,5,4,3,12,54,Loyal Customers,2,0.6138549604658717,-0.5481618226255877
14284,111,6,334.51,6,124,2011-01-21 13:08:00,2011-08-20 12:30:00,Germany,23,55.75,2,4,4,10,24,At-Risk Customers,2,0.32075678722009127,0.6024850824244535
14285,148,1,41.67,1,9,2011-07-14 10:25:00,2011-07-14 10:25:00,United Kingdom,2,41.67,1,2,2,5,12,Lost Customers,3,-1.3761329960824784,0.08251763199627203
14286,81,9,305.3,9,110,2010-12-24 11:43:00,2011-09-19 11:09:00,United Kingdom,27,33.92,2,4,4,10,24,At-Risk Customers,2,0.7056352593168993,0.43140456324120297
14287,18,17,1023.09,17,297,2011-02-26 12:09:00,2011-11-21 18:04:00,Spain,36,60.18,4,5,5,14,45,VIP Customers,4,1.8286957280830496,0.2956275847712153
14288,268,1,11.95,1,5,2011-03-16 08:48:00,2011-03-16 08:48:00,United Kingdom,2,11.95,1,2,1,4,12,Lost Customers,0,-2.4070465475661806,0.9676111617742348
14289,26,1,21.39,1,14,2011-11-13 17:01:00,2011-11-13 17:01:00,United Kingdom,4,21.39,4,2,2,8,42,New Customers,3,-0.893673451870492,-1.1913585563416835
14290,49,1,1.69,1,1,2011-10-21 11:03:00,2011-10-21 11:03:00,United Kingdom,1,1.69,3,2,1,6,32,Occasional Buyers,3,-1.6670660342372547,-1.4024683602835522
14291,129,4,160.11,4,71,2010-12-23 11:48:00,2011-08-02 13:33:00,United Kingdom,16,40.03,2,3,3,8,23,At-Risk Customers,1,-0.23459628957629472,0.5022392785725625
14292,7,8,137.38,8,50,2011-04-08 10:46:00,2011-12-02 17:02:00,United Kingdom,19,17.17,5,4,3,12,54,Loyal Customers,2,0.8028349895866573,-0.4605005848108038
14293,261,1,242.02,1,33,2011-03-23 10:37:00,2011-03-23 10:37:00,Germany,3,242.02,1,2,4,7,12,Occasional Buyers,0,-1.475077711433496,1.4924864779808613
14294,29,6,349.1,6,91,2011-02-04 19:32:00,2011-11-10 10:11:00,United Kingdom,24,58.18,3,4,4,11,34,High Potential,2,0.7900124255370666,-0.15785793584538008
14295,1,24,741.08,24,280,2011-02-11 15:00:00,2011-12-08 14:46:00,Germany,41,30.88,5,5,5,15,55,VIP Customers,4,2.051469932357993,0.18976667447451784
14296,234,1,3.32,1,2,2011-04-19 07:14:00,2011-04-19 07:14:00,United Kingdom,1,3.32,1,2,1,4,12,Lost Customers,0,-2.5522232347950795,0.4276872566024232
14297,192,1,7.35,1,5,2011-05-31 13:27:00,2011-05-31 13:27:00,United Kingdom,1,7.35,1,2,1,4,12,Lost Customers,0,-2.1177989954766696,0.1665760618404162
14298,18,3,34.14,3,16,2011-02-09 07:43:00,2011-11-21 19:12:00,United Kingdom,7,11.38,4,3,2,9,43,Occasional Buyers,1,-0.23442497287230368,-0.9257311383475292
14299,61,1,23.96,1,20,2011-10-09 10:17:00,2011-10-09 10:17:00,United Kingdom,2,23.96,2,2,2,6,22,Lost Customers,3,-1.055337045635035,-0.8412785438152238
14300,185,3,52.11,3,34,2011-02-15 18:40:00,2011-06-07 18:14:00,United Kingdom,5,17.37,1,3,2,6,13,Occasional Buyers,0,-1.037904882724808,0.7234152571513476
14301,98,1,1.94,1,1,2011-09-02 14:23:00,2011-09-02 14:23:00,United Kingdom,1,1.94,2,2,1,5,22,Lost Customers,3,-1.9126609471947305,-0.9250960555499219
14302,9,9,378.31,9,158,2011-04-22 10:23:00,2011-11-30 07:23:00,United Kingdom,34,42.03,5,4,4,13,54,VIP Customers,2,1.1713948585925,-0.2006841491383508
14303,101,2,23.9,2,16,2011-06-21 12:01:00,2011-08-30 15:37:00,United Kingdom,8,11.95,2,2,2,6,22,Lost Customers,3,-0.9993581730030338,-0.32051917619050485
14304,7,24,7566.44,24,1703,2010-12-12 12:40:00,2011-12-02 18:02:00,Australia,50,315.27,5,5,5,15,55,VIP Customers,4,2.725343580433344,0.7137104729515993
14305,100,3,126.37,3,47,2011-05-12 14:32:00,2011-08-31 18:52:00,United Kingdom,7,42.12,2,3,3,8,23,At-Risk Customers,1,-0.2985025597894023,0.1025389902882457
14306,73,5,145.97,5,52,2011-04-26 14:11:00,2011-09-27 08:32:00,United Kingdom,17,29.19,2,3,3,8,23,At-Risk Customers,1,0.17462637153803412,0.024349256380848613
14307,153,2,88.85,2,20,2011-05-01 12:31:00,2011-07-09 14:54:00,United Kingdom,3,44.42,1,2,3,6,12,Occasional Buyers,1,-0.8978652432080877,0.4255374671700187
14308,86,2,92.36,2,32,2011-02-12 16:08:00,2011-09-14 13:34:00,United Kingdom,9,46.18,2,2,3,7,22,Occasional Buyers,1,-0.5133705744745085,-0.19500526274380425
14309,74,3,26.78,3,12,2011-03-13 09:35:00,2011-09-26 11:22:00,United Kingdom,3,8.93,2,3,2,7,23,Occasional Buyers,1,-0.6176197455915968,-0.44795153969871326
14310,18,9,310.99,9,123,2011-01-21 17:43:00,2011-11-21 10:01:00,United Kingdom,29,34.55,4,4,4,12,44,VIP Customers,2,1.0618062224151996,-0.1556409999323882
14311,36,1,6.6,1,6,2011-11-03 08:06:00,2011-11-03 08:06:00,Sweden,3,6.6,3,2,1,6,32,Occasional Buyers,3,-1.278397498875878,-1.3151942099432041
14312,69,2,90.12,2,34,2011-08-12 17:19:00,2011-10-01 13:24:00,United Kingdom,8,45.06,2,2,3,7,22,Occasional Buyers,1,-0.42617038621487924,-0.35930581667614275
14313,7,12,392.87,12,132,2010-12-23 13:50:00,2011-12-02 08:46:00,Finland,31,32.74,5,5,4,14,55,VIP Customers,2,1.3747182046741377,-0.11727430603019438
14314,3,29,2260.29,29,658,2011-01-18 16:26:00,2011-12-06 14:09:00,United Kingdom,48,77.94,5,5,5,15,55,VIP Customers,4,2.5052911972984084,0.4986511371437623
14315,1,10,585.53,10,197,2011-01-09 17:04:00,2011-12-08 07:49:00,United Kingdom,35,58.55,5,4,4,13,54,VIP Customers,2,1.414316113512413,-0.15355846635430337
14316,9,4,62.17,4,23,2010-12-03 07:27:00,2011-11-30 15:07:00,United Kingdom,12,15.54,5,3,3,11,53,Loyal Customers,1,0.1479894307749687,-0.8115660280772928
14317,46,11,561.23,11,136,2011-01-18 19:48:00,2011-10-24 12:59:00,United Kingdom,31,51.02,3,4,4,11,34,High Potential,2,1.2109605476739482,0.2912519304412888
14318,81,1,6.03,1,3,2011-09-19 10:53:00,2011-09-19 10:53:00,United Kingdom,3,6.03,2,2,1,5,22,Lost Customers,3,-1.5525458979576239,-0.9089295535176386
14319,41,5,249.15,5,88,2010-12-13 16:41:00,2011-10-29 17:43:00,United Kingdom,20,49.83,3,3,4,10,33,High Potential,2,0.5146718806711819,-0.16860451270522794
14320,3,1,10.63,1,1,2011-12-06 17:47:00,2011-12-06 17:47:00,United Kingdom,1,10.63,5,2,1,8,52,New Customers,3,-0.9651915609289261,-1.5389524612723116
14321,12,17,672.25,17,236,2011-02-03 19:28:00,2011-11-27 12:10:00,United Kingdom,42,39.54,4,5,5,14,45,VIP Customers,2,1.7343326518242659,0.15488961986998057
14322,69,9,251.02,9,99,2010-12-08 15:59:00,2011-10-01 10:12:00,United Kingdom,23,27.89,2,4,4,10,24,At-Risk Customers,2,0.7130009440624994,0.27959587267528857
14323,11,19,2321.42,19,707,2011-01-20 12:53:00,2011-11-28 17:48:00,United Kingdom,50,122.18,4,5,5,14,45,VIP Customers,4,2.1896063875557683,0.43287644187091917
14324,15,5,189.15,5,82,2011-01-03 18:37:00,2011-11-24 14:53:00,Netherlands,18,37.83,4,3,4,11,43,Loyal Customers,2,0.5758216223053778,-0.46764060510909977
14325,13,17,1106.83,17,312,2011-01-02 18:23:00,2011-11-26 14:29:00,Germany,44,65.11,4,5,5,14,45,VIP Customers,4,1.8804572517093687,0.264572247014486
14326,55,5,301.87,5,103,2011-07-08 15:41:00,2011-10-15 18:42:00,United Kingdom,18,60.37,3,3,4,10,33,High Potential,2,0.49501562647786157,0.0011901617865484229
14327,1,24,706.78,24,252,2010-12-11 16:03:00,2011-12-08 19:42:00,Italy,40,29.45,5,5,5,15,55,VIP Customers,4,2.037056486255541,0.18023567211320285
14328,27,8,201.99,8,90,2011-01-03 18:22:00,2011-11-12 11:11:00,United Kingdom,26,25.25,3,4,4,11,34,High Potential,2,0.8082419190372253,-0.19579303370386728
14329,62,4,74.59,4,36,2011-02-11 08:00:00,2011-10-08 16:38:00,Japan,11,18.65,2,3,3,8,23,At-Risk Customers,1,-0.09226148069748652,-0.2784335256958504
14330,85,3,80.97,3,26,2011-07-23 15:58:00,2011-09-15 12:18:00,United Kingdom,6,26.99,2,3,3,8,23,At-Risk Customers,1,-0.3492722729479317,-0.12688200695737353
14331,6,58,11768.79,58,4029,2010-12-05 13:45:00,2011-12-03 09:44:00,United Kingdom,50,202.91,5,5,5,15,55,VIP Customers,4,3.4568955338455094,1.1028205875389598
14332,6,11,1029.18,11,400,2010-12-31 11:33:00,2011-12-03 09:01:00,United Kingdom,48,93.56,5,4,5,14,54,VIP Customers,2,1.617983011981125,0.03813431842055484
14333,65,8,292.44,8,116,2010-12-04 16:50:00,2011-10-05 16:55:00,United Kingdom,23,36.56,2,4,4,10,24,At-Risk Customers,2,0.7090295003752501,0.234753126448927
14334,211,1,19.9,1,7,2011-05-12 09:12:00,2011-05-12 09:12:00,United Kingdom,2,19.9,1,2,2,5,12,Lost Customers,0,-1.9440846999524022,0.5295215475286389
14335,6,5,162.47,5,67,2011-05-24 16:55:00,2011-12-03 17:35:00,United Kingdom,21,32.49,5,4,3,12,54,Loyal Customers,2,0.579856129824647,-0.5824822357007935
14336,6,13,1578.88,13,503,2011-04-13 09:09:00,2011-12-03 16:50:00,United Kingdom,48,121.45,5,5,5,15,55,VIP Customers,4,1.854404514647218,0.17982468495685153
14337,7,6,166.24,6,60,2011-02-03 08:44:00,2011-12-02 09:50:00,Belgium,11,27.71,5,4,3,12,54,Loyal Customers,2,0.6874181662105694,-0.512944575868386
14338,28,6,587.14,6,196,2010-12-14 09:37:00,2011-11-11 10:09:00,United Kingdom,31,97.86,3,4,4,11,34,High Potential,2,0.9535720634967784,-0.06275947308392486
14339,51,2,4.33,2,2,2011-06-29 13:29:00,2011-10-19 09:33:00,United Kingdom,2,2.16,3,2,1,6,32,Occasional Buyers,3,-1.1906334389534636,-1.099831863813589
14340,56,4,18.68,4,11,2010-12-12 15:27:00,2011-10-14 15:16:00,United Kingdom,5,4.67,3,3,2,8,33,Occasional Buyers,1,-0.46874214246983714,-0.6057239191131804
14341,369,1,37.67,1,27,2010-12-05 15:36:00,2010-12-05 15:36:00,United Kingdom,2,37.67,1,2,2,5,12,Lost Customers,0,-2.6358722647800286,2.1350158875163756
14342,216,1,6.0,1,5,2011-05-07 16:45:00,2011-05-07 16:45:00,United Kingdom,1,6.0,1,2,1,4,12,Lost Customers,0,-2.305059105695496,0.35610748298867406
14343,211,1,26.65,1,8,2011-05-12 08:38:00,2011-05-12 08:38:00,United Kingdom,3,26.65,1,2,2,5,12,Lost Customers,0,-1.8588423759891899,0.5858886914581628
14344,35,9,133.84,9,50,2011-02-10 19:43:00,2011-11-04 08:57:00,United Kingdom,18,14.87,3,4,3,10,34,High Potential,2,0.7117100037200521,-0.16518247302473055
14345,44,7,196.85,7,71,2011-01-26 11:07:00,2011-10-26 11:13:00,United Kingdom,19,28.12,3,4,4,11,34,High Potential,2,0.6247020970366217,-0.0840077596263458
