InvoiceNo,StockCode,Description,Quantity,InvoiceDate,UnitPrice,CustomerID,Country,Revenue,InvoiceMonth,InvoiceDay
530000,SKU-002,Organic Green Tea,1,2024-08-18 15:51:00,8.94,10064,Portugal,8.94,2024-08,2024-08-18
530000,SKU-011,Cotton Tote Bag,2,2024-05-18 08:23:00,10.51,10078,Portugal,21.02,2024-05,2024-05-18
530000,SKU-009,Running Socks,2,2024-07-24 19:56:00,7.43,10032,Portugal,14.86,2024-07,2024-07-24
530001,SKU-007,Desk Lamp,1,2024-11-03 21:23:00,30.14,10010,Netherlands,30.14,2024-11,2024-11-03
530001,SKU-012,Phone Stand,2,2024-09-29 08:52:00,11.37,10112,United Kingdom,22.74,2024-09,2024-09-29
530001,SKU-010,Bluetooth Speaker,2,2024-08-31 12:33:00,48.36,10068,Netherlands,96.72,2024-08,2024-08-31
530002,SKU-001,Premium Coffee Beans,1,2024-06-12 19:04:00,11.63,10063,Netherlands,11.63,2024-06,2024-06-12
530002,SKU-005,Notebook A5,2,2024-12-05 09:13:00,5.13,10048,France,10.26,2024-12,2024-12-05
530002,SKU-009,Running Socks,1,2025-02-02 09:06:00,7.43,10144,United Kingdom,7.43,2025-02,2025-02-02
530003,SKU-012,Phone Stand,1,2024-06-14 11:34:00,10.38,10101,Germany,10.38,2024-06,2024-06-14
530003,SKU-007,Desk Lamp,1,2024-12-02 11:12:00,31.02,10100,Italy,31.02,2024-12,2024-12-02
530003,SKU-009,Running Socks,1,2024-05-27 18:15:00,6.8,10118,Spain,6.8,2024-05,2024-05-27
530004,SKU-010,Bluetooth Speaker,1,2024-11-24 18:11:00,41.59,10061,Portugal,41.59,2024-11,2024-11-24
530004,SKU-009,Running Socks,3,2024-04-01 19:35:00,7.84,10053,Netherlands,23.52,2024-04,2024-04-01
530004,SKU-007,Desk Lamp,1,2024-07-09 19:06:00,31.28,10146,Spain,31.28,2024-07,2024-07-09
530005,SKU-011,Cotton Tote Bag,2,2024-10-16 17:22:00,10.78,10109,Italy,21.56,2024-10,2024-10-16
530005,SKU-011,Cotton Tote Bag,3,2024-11-04 15:44:00,10.34,10020,Netherlands,31.02,2024-11,2024-11-04
530005,SKU-011,Cotton Tote Bag,2,2024-06-07 14:56:00,9.97,10130,Portugal,19.94,2024-06,2024-06-07
530006,SKU-002,Organic Green Tea,1,2025-02-28 10:50:00,7.92,10069,Spain,7.92,2025-02,2025-02-28
530006,SKU-003,Ceramic Mug,1,2024-02-26 16:25:00,8.14,10099,Netherlands,8.14,2024-02,2024-02-26
530006,SKU-009,Running Socks,2,2024-06-18 13:42:00,6.42,10124,Germany,12.84,2024-06,2024-06-18
530007,SKU-003,Ceramic Mug,1,2024-09-08 16:38:00,8.22,10055,Netherlands,8.22,2024-09,2024-09-08
530007,SKU-008,Yoga Mat,4,2024-10-18 22:22:00,24.45,10078,Portugal,97.8,2024-10,2024-10-18
530007,SKU-006,Wireless Charger,1,2025-01-06 16:20:00,22.28,10125,Spain,22.28,2025-01,2025-01-06
530008,SKU-006,Wireless Charger,3,2024-09-29 14:48:00,25.7,10021,Portugal,77.1,2024-09,2024-09-29
530008,SKU-011,Cotton Tote Bag,1,2024-09-07 14:52:00,9.84,10140,France,9.84,2024-09,2024-09-07
530008,SKU-012,Phone Stand,3,2024-07-06 13:38:00,11.95,10085,Netherlands,35.85,2024-07,2024-07-06
530009,SKU-004,Reusable Bottle,1,2024-12-13 17:34:00,15.77,10100,Italy,15.77,2024-12,2024-12-13
530009,SKU-004,Reusable Bottle,1,2024-04-26 14:49:00,15.4,10143,Italy,15.4,2024-04,2024-04-26
530009,SKU-009,Running Socks,6,2024-03-10 22:47:00,7.51,10016,France,45.06,2024-03,2024-03-10
530010,SKU-005,Notebook A5,1,2024-03-31 13:28:00,5.7,10073,France,5.7,2024-03,2024-03-31
530010,SKU-008,Yoga Mat,1,2025-01-29 14:00:00,23.42,10078,Portugal,23.42,2025-01,2025-01-29
530010,SKU-012,Phone Stand,2,2024-04-21 08:18:00,13.03,10064,Portugal,26.06,2024-04,2024-04-21
530011,SKU-010,Bluetooth Speaker,1,2024-08-08 08:33:00,47.25,10057,France,47.25,2024-08,2024-08-08
530011,SKU-003,Ceramic Mug,2,2024-03-24 22:19:00,6.99,10071,France,13.98,2024-03,2024-03-24
530011,SKU-001,Premium Coffee Beans,1,2024-12-31 12:14:00,11.91,10118,Spain,11.91,2024-12,2024-12-31
530012,SKU-004,Reusable Bottle,1,2024-10-06 21:20:00,14.07,10120,Portugal,14.07,2024-10,2024-10-06
530012,SKU-001,Premium Coffee Beans,1,2024-05-06 20:52:00,12.62,10013,Italy,12.62,2024-05,2024-05-06
530012,SKU-012,Phone Stand,2,2024-12-03 21:17:00,12.24,10071,France,24.48,2024-12,2024-12-03
530013,SKU-009,Running Socks,1,2024-08-31 16:35:00,6.93,10084,United Kingdom,6.93,2024-08,2024-08-31
530013,SKU-010,Bluetooth Speaker,1,2024-01-27 22:36:00,47.83,10121,United Kingdom,47.83,2024-01,2024-01-27
530013,SKU-003,Ceramic Mug,4,2025-01-02 09:02:00,6.62,10034,Italy,26.48,2025-01,2025-01-02
530014,SKU-008,Yoga Mat,1,2024-10-05 13:09:00,23.25,10019,Italy,23.25,2024-10,2024-10-05
530014,SKU-003,Ceramic Mug,2,2024-07-20 12:23:00,6.53,10100,Italy,13.06,2024-07,2024-07-20
530014,SKU-010,Bluetooth Speaker,1,2024-12-22 11:14:00,45.23,10106,France,45.23,2024-12,2024-12-22
530015,SKU-005,Notebook A5,4,2025-01-04 20:19:00,5.36,10078,Portugal,21.44,2025-01,2025-01-04
530015,SKU-002,Organic Green Tea,2,2024-08-20 17:25:00,8.06,10036,United Kingdom,16.12,2024-08,2024-08-20
530015,SKU-010,Bluetooth Speaker,1,2024-02-26 22:13:00,40.73,10134,Netherlands,40.73,2024-02,2024-02-26
530016,SKU-012,Phone Stand,2,2024-07-16 09:46:00,11.27,10084,United Kingdom,22.54,2024-07,2024-07-16
530016,SKU-006,Wireless Charger,2,2024-03-26 20:30:00,25.93,10052,Spain,51.86,2024-03,2024-03-26
530016,SKU-003,Ceramic Mug,10,2024-05-26 15:52:00,7.87,10040,Italy,78.7,2024-05,2024-05-26
530017,SKU-012,Phone Stand,1,2025-01-09 19:36:00,12.82,10040,Italy,12.82,2025-01,2025-01-09
530017,SKU-002,Organic Green Tea,2,2024-09-21 17:41:00,9.46,10061,Portugal,18.92,2024-09,2024-09-21
530017,SKU-005,Notebook A5,2,2024-09-03 08:46:00,5.34,10051,Germany,10.68,2024-09,2024-09-03
530018,SKU-010,Bluetooth Speaker,1,2024-05-16 14:05:00,46.99,10131,Germany,46.99,2024-05,2024-05-16
530018,SKU-001,Premium Coffee Beans,1,2024-08-08 22:49:00,14.66,10092,Italy,14.66,2024-08,2024-08-08
530018,SKU-006,Wireless Charger,2,2024-11-15 13:56:00,23.18,10043,United Kingdom,46.36,2024-11,2024-11-15
530019,SKU-007,Desk Lamp,2,2024-08-27 14:59:00,32.83,10140,France,65.66,2024-08,2024-08-27
530019,SKU-002,Organic Green Tea,2,2025-01-11 21:49:00,8.41,10099,Netherlands,16.82,2025-01,2025-01-11
530019,SKU-004,Reusable Bottle,1,2024-03-09 19:41:00,13.66,10048,France,13.66,2024-03,2024-03-09
530020,SKU-010,Bluetooth Speaker,2,2024-10-21 22:00:00,47.41,10128,Netherlands,94.82,2024-10,2024-10-21
530020,SKU-011,Cotton Tote Bag,1,2025-01-07 20:40:00,9.8,10122,Spain,9.8,2025-01,2025-01-07
530020,SKU-007,Desk Lamp,2,2024-06-28 08:19:00,32.79,10140,France,65.58,2024-06,2024-06-28
530021,SKU-009,Running Socks,1,2024-09-30 08:20:00,6.75,10074,Netherlands,6.75,2024-09,2024-09-30
530021,SKU-009,Running Socks,5,2024-10-15 17:09:00,7.72,10010,Netherlands,38.6,2024-10,2024-10-15
530021,SKU-006,Wireless Charger,1,2024-09-10 16:44:00,24.48,10096,Portugal,24.48,2024-09,2024-09-10
530022,SKU-004,Reusable Bottle,1,2025-01-09 10:03:00,16.97,10144,United Kingdom,16.97,2025-01,2025-01-09
530022,SKU-011,Cotton Tote Bag,5,2024-08-11 19:25:00,11.27,10096,Portugal,56.35,2024-08,2024-08-11
530022,SKU-008,Yoga Mat,1,2025-01-27 20:38:00,24.51,10100,Italy,24.51,2025-01,2025-01-27
530023,SKU-010,Bluetooth Speaker,2,2024-05-16 16:05:00,45.78,10065,Netherlands,91.56,2024-05,2024-05-16
530023,SKU-004,Reusable Bottle,1,2024-07-03 14:18:00,13.51,10120,Portugal,13.51,2024-07,2024-07-03
530023,SKU-007,Desk Lamp,2,2024-12-07 10:08:00,35.79,10061,Portugal,71.58,2024-12,2024-12-07
530024,SKU-006,Wireless Charger,1,2025-02-06 09:30:00,25.05,10084,United Kingdom,25.05,2025-02,2025-02-06
530024,SKU-010,Bluetooth Speaker,2,2025-02-06 19:03:00,48.51,10078,Portugal,97.02,2025-02,2025-02-06
530024,SKU-009,Running Socks,2,2024-03-11 14:16:00,6.88,10055,Netherlands,13.76,2024-03,2024-03-11
530025,SKU-002,Organic Green Tea,1,2024-02-23 14:32:00,7.93,10061,Portugal,7.93,2024-02,2024-02-23
530025,SKU-007,Desk Lamp,3,2025-04-06 20:44:00,31.08,10091,France,93.24,2025-04,2025-04-06
530025,SKU-003,Ceramic Mug,5,2024-05-24 20:08:00,7.77,10083,Spain,38.85,2024-05,2024-05-24
530026,SKU-008,Yoga Mat,1,2025-01-03 16:12:00,26.48,10106,France,26.48,2025-01,2025-01-03
530026,SKU-008,Yoga Mat,1,2024-03-19 14:41:00,23.61,10008,United Kingdom,23.61,2024-03,2024-03-19
530026,SKU-010,Bluetooth Speaker,2,2024-07-01 11:35:00,50.76,10070,Germany,101.52,2024-07,2024-07-01
530027,SKU-010,Bluetooth Speaker,1,2024-07-12 19:33:00,46.47,10055,Netherlands,46.47,2024-07,2024-07-12
530027,SKU-004,Reusable Bottle,1,2024-05-08 11:04:00,16.57,10061,Portugal,16.57,2024-05,2024-05-08
530027,SKU-005,Notebook A5,1,2024-08-06 20:27:00,5.69,10147,Italy,5.69,2024-08,2024-08-06
530028,SKU-006,Wireless Charger,1,2025-01-25 18:59:00,23.82,10100,Italy,23.82,2025-01,2025-01-25
530028,SKU-010,Bluetooth Speaker,2,2025-02-27 09:07:00,49.44,10064,Portugal,98.88,2025-02,2025-02-27
530028,SKU-011,Cotton Tote Bag,1,2024-08-30 14:27:00,9.69,10010,Netherlands,9.69,2024-08,2024-08-30
530029,SKU-006,Wireless Charger,3,2024-11-12 13:12:00,26.27,10099,Netherlands,78.81,2024-11,2024-11-12
530029,SKU-006,Wireless Charger,4,2024-11-25 13:38:00,22.68,10044,Germany,90.72,2024-11,2024-11-25
530029,SKU-011,Cotton Tote Bag,1,2024-12-03 08:49:00,10.23,10103,Netherlands,10.23,2024-12,2024-12-03
530030,SKU-005,Notebook A5,2,2024-10-15 10:22:00,5.14,10047,Netherlands,10.28,2024-10,2024-10-15
530030,SKU-010,Bluetooth Speaker,1,2024-09-25 21:51:00,50.36,10008,United Kingdom,50.36,2024-09,2024-09-25
530030,SKU-008,Yoga Mat,2,2024-11-20 17:09:00,24.24,10140,France,48.48,2024-11,2024-11-20
530031,SKU-008,Yoga Mat,1,2024-08-03 08:59:00,25.41,10105,Netherlands,25.41,2024-08,2024-08-03
530031,SKU-004,Reusable Bottle,2,2024-12-22 11:43:00,15.0,10005,Spain,30.0,2024-12,2024-12-22
530031,SKU-006,Wireless Charger,3,2024-11-28 10:48:00,22.26,10063,Netherlands,66.78,2024-11,2024-11-28
530032,SKU-012,Phone Stand,2,2024-09-23 21:05:00,10.82,10051,Germany,21.64,2024-09,2024-09-23
530032,SKU-002,Organic Green Tea,4,2024-10-29 19:03:00,9.75,10051,Germany,39.0,2024-10,2024-10-29
530032,SKU-004,Reusable Bottle,5,2024-06-13 17:59:00,16.39,10109,Italy,81.95,2024-06,2024-06-13
530033,SKU-003,Ceramic Mug,2,2024-08-30 21:53:00,7.1,10006,Spain,14.2,2024-08,2024-08-30
530033,SKU-005,Notebook A5,3,2024-02-22 08:21:00,5.68,10126,United Kingdom,17.04,2024-02,2024-02-22
530033,SKU-012,Phone Stand,1,2024-12-21 20:07:00,11.24,10055,Netherlands,11.24,2024-12,2024-12-21
530034,SKU-005,Notebook A5,1,2024-10-21 15:30:00,5.77,10141,Spain,5.77,2024-10,2024-10-21
530034,SKU-001,Premium Coffee Beans,1,2024-12-22 13:13:00,14.07,10043,United Kingdom,14.07,2024-12,2024-12-22
530034,SKU-012,Phone Stand,2,2024-03-28 16:13:00,10.95,10051,Germany,21.9,2024-03,2024-03-28
530035,SKU-004,Reusable Bottle,1,2024-12-26 16:33:00,16.19,10068,Netherlands,16.19,2024-12,2024-12-26
530035,SKU-005,Notebook A5,2,2025-02-17 16:30:00,5.61,10141,Spain,11.22,2025-02,2025-02-17
530035,SKU-010,Bluetooth Speaker,8,2024-10-15 19:09:00,40.85,10084,United Kingdom,326.8,2024-10,2024-10-15
530036,SKU-012,Phone Stand,4,2024-12-06 19:42:00,12.03,10101,Germany,48.12,2024-12,2024-12-06
530036,SKU-001,Premium Coffee Beans,10,2024-04-16 14:37:00,13.76,10096,Portugal,137.6,2024-04,2024-04-16
530036,SKU-011,Cotton Tote Bag,2,2024-10-05 16:02:00,9.29,10046,Germany,18.58,2024-10,2024-10-05
530037,SKU-005,Notebook A5,2,2024-05-06 10:03:00,5.22,10036,United Kingdom,10.44,2024-05,2024-05-06
530037,SKU-005,Notebook A5,1,2024-09-03 11:50:00,6.13,10120,Portugal,6.13,2024-09,2024-09-03
530037,SKU-012,Phone Stand,1,2024-10-05 17:17:00,12.52,10040,Italy,12.52,2024-10,2024-10-05
530038,SKU-001,Premium Coffee Beans,5,2024-11-28 15:41:00,12.35,10134,Netherlands,61.75,2024-11,2024-11-28
530038,SKU-001,Premium Coffee Beans,1,2024-05-13 09:24:00,13.9,10006,Spain,13.9,2024-05,2024-05-13
530038,SKU-011,Cotton Tote Bag,1,2024-12-23 12:42:00,9.53,10093,United Kingdom,9.53,2024-12,2024-12-23
530039,SKU-011,Cotton Tote Bag,2,2024-08-19 13:55:00,10.0,10063,Netherlands,20.0,2024-08,2024-08-19
530039,SKU-002,Organic Green Tea,1,2024-11-24 08:18:00,9.59,10013,Italy,9.59,2024-11,2024-11-24
530039,SKU-011,Cotton Tote Bag,1,2024-11-03 14:14:00,11.24,10061,Portugal,11.24,2024-11,2024-11-03
530040,SKU-007,Desk Lamp,1,2024-12-06 16:45:00,33.15,10044,Germany,33.15,2024-12,2024-12-06
530040,SKU-002,Organic Green Tea,2,2024-06-01 22:20:00,8.73,10019,Italy,17.46,2024-06,2024-06-01
530040,SKU-008,Yoga Mat,4,2024-08-28 21:38:00,23.28,10073,France,93.12,2024-08,2024-08-28
530041,SKU-009,Running Socks,4,2024-05-26 09:11:00,6.94,10040,Italy,27.76,2024-05,2024-05-26
530041,SKU-004,Reusable Bottle,2,2024-08-31 16:29:00,14.82,10032,Portugal,29.64,2024-08,2024-08-31
530041,SKU-009,Running Socks,3,2024-09-20 22:45:00,7.45,10055,Netherlands,22.35,2024-09,2024-09-20
530042,SKU-001,Premium Coffee Beans,4,2024-07-21 08:15:00,14.68,10132,Italy,58.72,2024-07,2024-07-21
530042,SKU-009,Running Socks,1,2025-01-20 12:21:00,6.68,10006,Spain,6.68,2025-01,2025-01-20
530042,SKU-008,Yoga Mat,1,2024-10-06 14:47:00,24.23,10044,Germany,24.23,2024-10,2024-10-06
530043,SKU-003,Ceramic Mug,4,2024-10-25 08:22:00,6.85,10102,Portugal,27.4,2024-10,2024-10-25
530043,SKU-011,Cotton Tote Bag,1,2024-05-16 13:22:00,9.13,10140,France,9.13,2024-05,2024-05-16
530043,SKU-011,Cotton Tote Bag,1,2024-05-11 12:15:00,9.65,10078,Portugal,9.65,2024-05,2024-05-11
530044,SKU-009,Running Socks,2,2024-12-14 12:51:00,7.52,10046,Germany,15.04,2024-12,2024-12-14
530044,SKU-001,Premium Coffee Beans,1,2025-03-10 18:16:00,11.64,10043,United Kingdom,11.64,2025-03,2025-03-10
530044,SKU-007,Desk Lamp,1,2025-02-22 22:52:00,31.05,10130,Portugal,31.05,2025-02,2025-02-22
530045,SKU-001,Premium Coffee Beans,2,2024-09-29 16:17:00,12.64,10063,Netherlands,25.28,2024-09,2024-09-29
530045,SKU-004,Reusable Bottle,2,2024-03-13 10:21:00,13.54,10077,United Kingdom,27.08,2024-03,2024-03-13
530045,SKU-007,Desk Lamp,1,2024-10-22 18:08:00,30.04,10065,Netherlands,30.04,2024-10,2024-10-22
530046,SKU-002,Organic Green Tea,1,2024-09-19 19:24:00,7.9,10063,Netherlands,7.9,2024-09,2024-09-19
530046,SKU-009,Running Socks,1,2025-02-28 18:39:00,6.46,10006,Spain,6.46,2025-02,2025-02-28
530046,SKU-011,Cotton Tote Bag,1,2024-04-26 18:14:00,10.17,10100,Italy,10.17,2024-04,2024-04-26
530047,SKU-007,Desk Lamp,6,2025-02-20 11:36:00,34.49,10065,Netherlands,206.94,2025-02,2025-02-20
530047,SKU-003,Ceramic Mug,1,2024-07-30 14:19:00,8.18,10084,United Kingdom,8.18,2024-07,2024-07-30
530047,SKU-010,Bluetooth Speaker,2,2024-06-19 13:28:00,41.03,10084,United Kingdom,82.06,2024-06,2024-06-19
530048,SKU-009,Running Socks,1,2024-08-23 10:13:00,6.41,10141,Spain,6.41,2024-08,2024-08-23
530048,SKU-011,Cotton Tote Bag,1,2024-12-21 10:37:00,9.26,10120,Portugal,9.26,2024-12,2024-12-21
530048,SKU-009,Running Socks,2,2024-05-23 18:51:00,7.19,10130,Portugal,14.38,2024-05,2024-05-23
530049,SKU-004,Reusable Bottle,1,2025-01-02 21:08:00,15.01,10051,Germany,15.01,2025-01,2025-01-02
530049,SKU-005,Notebook A5,1,2024-08-06 19:45:00,6.04,10061,Portugal,6.04,2024-08,2024-08-06
530049,SKU-009,Running Socks,6,2025-02-22 22:08:00,6.46,10055,Netherlands,38.76,2025-02,2025-02-22
530050,SKU-007,Desk Lamp,4,2024-08-09 22:49:00,28.38,10031,France,113.52,2024-08,2024-08-09
530050,SKU-003,Ceramic Mug,2,2024-12-07 18:59:00,6.72,10044,Germany,13.44,2024-12,2024-12-07
530050,SKU-010,Bluetooth Speaker,5,2024-11-19 22:10:00,47.14,10019,Italy,235.7,2024-11,2024-11-19
530051,SKU-006,Wireless Charger,1,2024-11-22 09:35:00,22.74,10109,Italy,22.74,2024-11,2024-11-22
530051,SKU-009,Running Socks,2,2024-08-17 19:07:00,7.9,10043,United Kingdom,15.8,2024-08,2024-08-17
530051,SKU-003,Ceramic Mug,5,2025-02-12 13:53:00,6.92,10053,Netherlands,34.6,2025-02,2025-02-12
530052,SKU-003,Ceramic Mug,1,2025-02-02 19:01:00,7.29,10112,United Kingdom,7.29,2025-02,2025-02-02
530052,SKU-006,Wireless Charger,1,2024-06-17 22:26:00,21.75,10105,Netherlands,21.75,2024-06,2024-06-17
530052,SKU-007,Desk Lamp,2,2024-10-04 12:28:00,33.77,10063,Netherlands,67.54,2024-10,2024-10-04
530053,SKU-012,Phone Stand,1,2024-03-15 22:52:00,12.7,10046,Germany,12.7,2024-03,2024-03-15
530053,SKU-011,Cotton Tote Bag,1,2024-02-07 22:47:00,9.33,10147,Italy,9.33,2024-02,2024-02-07
530053,SKU-005,Notebook A5,2,2024-12-03 10:49:00,5.2,10091,France,10.4,2024-12,2024-12-03
530054,SKU-004,Reusable Bottle,2,2024-07-19 09:08:00,15.55,10108,Germany,31.1,2024-07,2024-07-19
530054,SKU-003,Ceramic Mug,1,2025-01-13 08:48:00,7.24,10025,Spain,7.24,2025-01,2025-01-13
530054,SKU-010,Bluetooth Speaker,2,2024-06-03 17:17:00,47.04,10121,United Kingdom,94.08,2024-06,2024-06-03
530055,SKU-010,Bluetooth Speaker,1,2024-05-02 17:39:00,45.19,10069,Spain,45.19,2024-05,2024-05-02
530055,SKU-004,Reusable Bottle,1,2024-08-16 17:14:00,14.65,10014,United Kingdom,14.65,2024-08,2024-08-16
530055,SKU-004,Reusable Bottle,1,2024-11-22 18:01:00,15.49,10140,France,15.49,2024-11,2024-11-22
530056,SKU-006,Wireless Charger,1,2025-02-18 09:44:00,23.64,10100,Italy,23.64,2025-02,2025-02-18
530056,SKU-008,Yoga Mat,1,2024-04-21 10:32:00,25.64,10120,Portugal,25.64,2024-04,2024-04-21
530056,SKU-010,Bluetooth Speaker,1,2024-06-04 15:45:00,47.56,10003,Portugal,47.56,2024-06,2024-06-04
530057,SKU-011,Cotton Tote Bag,1,2024-12-14 13:11:00,10.17,10146,Spain,10.17,2024-12,2024-12-14
530057,SKU-007,Desk Lamp,5,2025-01-17 15:30:00,34.54,10069,Spain,172.7,2025-01,2025-01-17
530057,SKU-003,Ceramic Mug,2,2024-06-16 10:12:00,7.28,10047,Netherlands,14.56,2024-06,2024-06-16
530058,SKU-004,Reusable Bottle,3,2025-01-20 08:26:00,15.05,10068,Netherlands,45.15,2025-01,2025-01-20
530058,SKU-001,Premium Coffee Beans,4,2024-05-27 22:17:00,13.62,10005,Spain,54.48,2024-05,2024-05-27
530058,SKU-007,Desk Lamp,1,2025-04-03 11:47:00,29.14,10006,Spain,29.14,2025-04,2025-04-03
530059,SKU-011,Cotton Tote Bag,1,2025-01-26 11:48:00,11.06,10063,Netherlands,11.06,2025-01,2025-01-26
530059,SKU-004,Reusable Bottle,1,2024-10-11 09:11:00,14.76,10042,France,14.76,2024-10,2024-10-11
530059,SKU-008,Yoga Mat,1,2024-05-09 21:39:00,25.72,10096,Portugal,25.72,2024-05,2024-05-09
530060,SKU-008,Yoga Mat,3,2024-03-26 19:20:00,22.89,10037,Italy,68.67,2024-03,2024-03-26
530060,SKU-008,Yoga Mat,1,2024-11-03 22:15:00,22.7,10148,Germany,22.7,2024-11,2024-11-03
530060,SKU-007,Desk Lamp,2,2024-07-17 14:49:00,34.88,10084,United Kingdom,69.76,2024-07,2024-07-17
530061,SKU-001,Premium Coffee Beans,1,2024-09-21 17:47:00,13.47,10084,United Kingdom,13.47,2024-09,2024-09-21
530061,SKU-007,Desk Lamp,1,2024-07-26 19:20:00,31.51,10027,Netherlands,31.51,2024-07,2024-07-26
530061,SKU-007,Desk Lamp,1,2025-02-17 17:47:00,30.66,10108,Germany,30.66,2025-02,2025-02-17
530062,SKU-010,Bluetooth Speaker,3,2024-09-18 17:34:00,46.65,10061,Portugal,139.95,2024-09,2024-09-18
530062,SKU-009,Running Socks,1,2024-07-02 18:56:00,7.93,10010,Netherlands,7.93,2024-07,2024-07-02
530062,SKU-012,Phone Stand,4,2024-10-25 20:02:00,11.33,10050,Italy,45.32,2024-10,2024-10-25
530063,SKU-009,Running Socks,3,2025-01-14 09:28:00,6.49,10075,France,19.47,2025-01,2025-01-14
530063,SKU-008,Yoga Mat,1,2024-03-13 21:56:00,25.19,10052,Spain,25.19,2024-03,2024-03-13
530063,SKU-001,Premium Coffee Beans,1,2024-11-15 22:15:00,13.63,10125,Spain,13.63,2024-11,2024-11-15
530064,SKU-009,Running Socks,1,2024-11-05 16:25:00,7.68,10057,France,7.68,2024-11,2024-11-05
530064,SKU-012,Phone Stand,1,2024-06-13 08:35:00,10.55,10098,Spain,10.55,2024-06,2024-06-13
530064,SKU-007,Desk Lamp,2,2024-04-27 16:48:00,34.95,10078,Portugal,69.9,2024-04,2024-04-27
530065,SKU-011,Cotton Tote Bag,2,2025-03-16 08:12:00,9.12,10077,United Kingdom,18.24,2025-03,2025-03-16
530065,SKU-005,Notebook A5,1,2024-08-09 15:25:00,6.01,10134,Netherlands,6.01,2024-08,2024-08-09
530065,SKU-005,Notebook A5,1,2024-10-01 20:52:00,5.82,10134,Netherlands,5.82,2024-10,2024-10-01
530066,SKU-005,Notebook A5,1,2024-12-11 15:10:00,5.51,10120,Portugal,5.51,2024-12,2024-12-11
530066,SKU-007,Desk Lamp,1,2024-09-09 12:39:00,35.79,10064,Portugal,35.79,2024-09,2024-09-09
530066,SKU-001,Premium Coffee Beans,6,2024-05-30 19:33:00,13.95,10076,Germany,83.7,2024-05,2024-05-30
530067,SKU-003,Ceramic Mug,2,2024-10-05 15:53:00,7.5,10116,United Kingdom,15.0,2024-10,2024-10-05
530067,SKU-011,Cotton Tote Bag,3,2024-05-03 15:05:00,11.01,10126,United Kingdom,33.03,2024-05,2024-05-03
530067,SKU-012,Phone Stand,1,2025-01-07 16:07:00,11.59,10061,Portugal,11.59,2025-01,2025-01-07
530068,SKU-003,Ceramic Mug,1,2024-01-23 20:37:00,7.37,10115,United Kingdom,7.37,2024-01,2024-01-23
530068,SKU-012,Phone Stand,2,2024-07-04 16:08:00,11.63,10018,Spain,23.26,2024-07,2024-07-04
530068,SKU-007,Desk Lamp,1,2024-11-30 14:20:00,29.54,10016,France,29.54,2024-11,2024-11-30
530069,SKU-008,Yoga Mat,5,2024-10-26 08:11:00,26.47,10090,Spain,132.35,2024-10,2024-10-26
530069,SKU-008,Yoga Mat,1,2025-01-20 17:57:00,25.89,10019,Italy,25.89,2025-01,2025-01-20
530069,SKU-012,Phone Stand,2,2024-08-15 22:12:00,10.48,10089,Netherlands,20.96,2024-08,2024-08-15
530070,SKU-008,Yoga Mat,2,2024-08-31 09:16:00,27.0,10110,France,54.0,2024-08,2024-08-31
530070,SKU-006,Wireless Charger,1,2025-01-08 19:41:00,25.17,10052,Spain,25.17,2025-01,2025-01-08
530070,SKU-012,Phone Stand,1,2024-06-12 20:10:00,12.24,10072,Portugal,12.24,2024-06,2024-06-12
530071,SKU-012,Phone Stand,3,2025-02-24 19:07:00,12.67,10058,Italy,38.01,2025-02,2025-02-24
530071,SKU-002,Organic Green Tea,3,2024-07-28 09:45:00,8.01,10058,Italy,24.03,2024-07,2024-07-28
530071,SKU-008,Yoga Mat,1,2025-01-25 18:23:00,23.03,10008,United Kingdom,23.03,2025-01,2025-01-25
530072,SKU-002,Organic Green Tea,6,2024-02-25 16:45:00,9.32,10035,Spain,55.92,2024-02,2024-02-25
530072,SKU-007,Desk Lamp,1,2025-02-02 19:50:00,29.45,10051,Germany,29.45,2025-02,2025-02-02
530072,SKU-009,Running Socks,1,2024-03-31 17:10:00,6.3,10076,Germany,6.3,2024-03,2024-03-31
530073,SKU-007,Desk Lamp,1,2024-11-22 16:24:00,32.17,10020,Netherlands,32.17,2024-11,2024-11-22
530073,SKU-001,Premium Coffee Beans,1,2025-02-09 20:10:00,14.55,10052,Spain,14.55,2025-02,2025-02-09
530073,SKU-006,Wireless Charger,4,2024-07-18 17:55:00,22.79,10100,Italy,91.16,2024-07,2024-07-18
530074,SKU-011,Cotton Tote Bag,2,2024-09-02 21:09:00,9.9,10084,United Kingdom,19.8,2024-09,2024-09-02
530074,SKU-003,Ceramic Mug,3,2024-08-21 21:09:00,7.79,10146,Spain,23.37,2024-08,2024-08-21
530074,SKU-003,Ceramic Mug,1,2024-07-28 20:45:00,7.21,10044,Germany,7.21,2024-07,2024-07-28
530075,SKU-001,Premium Coffee Beans,3,2024-07-30 14:19:00,13.48,10005,Spain,40.44,2024-07,2024-07-30
530075,SKU-005,Notebook A5,1,2025-01-17 19:49:00,5.68,10014,United Kingdom,5.68,2025-01,2025-01-17
530075,SKU-008,Yoga Mat,10,2024-08-03 12:40:00,23.39,10143,Italy,233.9,2024-08,2024-08-03
530076,SKU-003,Ceramic Mug,10,2024-10-11 09:57:00,7.91,10126,United Kingdom,79.1,2024-10,2024-10-11
530076,SKU-003,Ceramic Mug,1,2024-09-26 11:00:00,7.98,10110,France,7.98,2024-09,2024-09-26
530076,SKU-010,Bluetooth Speaker,1,2024-07-24 20:16:00,42.13,10098,Spain,42.13,2024-07,2024-07-24
530077,SKU-001,Premium Coffee Beans,4,2024-03-08 15:31:00,12.32,10040,Italy,49.28,2024-03,2024-03-08
530077,SKU-008,Yoga Mat,2,2024-09-15 16:51:00,22.91,10050,Italy,45.82,2024-09,2024-09-15
530077,SKU-001,Premium Coffee Beans,1,2024-09-07 17:56:00,12.48,10027,Netherlands,12.48,2024-09,2024-09-07
530078,SKU-008,Yoga Mat,1,2024-03-26 11:13:00,25.98,10143,Italy,25.98,2024-03,2024-03-26
530078,SKU-010,Bluetooth Speaker,2,2024-07-05 18:30:00,46.92,10051,Germany,93.84,2024-07,2024-07-05
530078,SKU-008,Yoga Mat,5,2024-06-29 14:28:00,23.61,10109,Italy,118.05,2024-06,2024-06-29
530079,SKU-002,Organic Green Tea,5,2025-01-23 17:38:00,7.84,10065,Netherlands,39.2,2025-01,2025-01-23
530079,SKU-001,Premium Coffee Beans,1,2024-04-25 11:56:00,12.72,10021,Portugal,12.72,2024-04,2024-04-25
530079,SKU-009,Running Socks,2,2025-02-24 12:39:00,7.93,10026,France,15.86,2025-02,2025-02-24
530080,SKU-011,Cotton Tote Bag,2,2024-12-31 16:52:00,9.2,10057,France,18.4,2024-12,2024-12-31
530080,SKU-004,Reusable Bottle,1,2024-06-09 08:11:00,15.01,10099,Netherlands,15.01,2024-06,2024-06-09
530080,SKU-003,Ceramic Mug,2,2024-06-26 08:41:00,7.04,10014,United Kingdom,14.08,2024-06,2024-06-26
530081,SKU-006,Wireless Charger,4,2024-09-05 08:09:00,23.89,10020,Netherlands,95.56,2024-09,2024-09-05
530081,SKU-001,Premium Coffee Beans,1,2024-06-04 18:36:00,14.01,10078,Portugal,14.01,2024-06,2024-06-04
530081,SKU-010,Bluetooth Speaker,1,2024-11-05 12:21:00,42.85,10021,Portugal,42.85,2024-11,2024-11-05
530082,SKU-002,Organic Green Tea,1,2024-08-24 08:06:00,9.16,10050,Italy,9.16,2024-08,2024-08-24
530082,SKU-007,Desk Lamp,2,2024-11-06 10:10:00,30.65,10085,Netherlands,61.3,2024-11,2024-11-06
530082,SKU-011,Cotton Tote Bag,1,2024-07-15 12:39:00,11.35,10051,Germany,11.35,2024-07,2024-07-15
530083,SKU-011,Cotton Tote Bag,1,2024-01-27 19:44:00,9.02,10116,United Kingdom,9.02,2024-01,2024-01-27
530083,SKU-010,Bluetooth Speaker,1,2024-09-15 17:50:00,50.15,10043,United Kingdom,50.15,2024-09,2024-09-15
530083,SKU-009,Running Socks,1,2024-08-11 10:29:00,7.09,10104,Spain,7.09,2024-08,2024-08-11
530084,SKU-012,Phone Stand,3,2025-01-28 17:23:00,11.81,10116,United Kingdom,35.43,2025-01,2025-01-28
530084,SKU-001,Premium Coffee Beans,1,2024-09-23 09:49:00,12.41,10099,Netherlands,12.41,2024-09,2024-09-23
530084,SKU-005,Notebook A5,2,2024-06-28 13:23:00,4.93,10063,Netherlands,9.86,2024-06,2024-06-28
530085,SKU-007,Desk Lamp,1,2024-02-02 21:04:00,29.22,10004,United Kingdom,29.22,2024-02,2024-02-02
530085,SKU-007,Desk Lamp,1,2025-04-04 21:35:00,30.76,10042,France,30.76,2025-04,2025-04-04
530085,SKU-002,Organic Green Tea,2,2025-01-01 12:30:00,9.09,10021,Portugal,18.18,2025-01,2025-01-01
530086,SKU-003,Ceramic Mug,2,2024-11-07 09:44:00,7.79,10047,Netherlands,15.58,2024-11,2024-11-07
530086,SKU-005,Notebook A5,4,2025-01-07 13:33:00,5.64,10095,Netherlands,22.56,2025-01,2025-01-07
530086,SKU-007,Desk Lamp,2,2024-12-15 16:13:00,28.39,10063,Netherlands,56.78,2024-12,2024-12-15
530087,SKU-012,Phone Stand,1,2024-08-30 11:39:00,12.86,10147,Italy,12.86,2024-08,2024-08-30
530087,SKU-001,Premium Coffee Beans,1,2024-05-08 09:36:00,12.88,10040,Italy,12.88,2024-05,2024-05-08
530087,SKU-012,Phone Stand,1,2024-08-04 18:33:00,13.21,10031,France,13.21,2024-08,2024-08-04
530088,SKU-002,Organic Green Tea,1,2024-11-10 15:46:00,7.76,10147,Italy,7.76,2024-11,2024-11-10
530088,SKU-012,Phone Stand,1,2025-03-10 17:59:00,13.05,10008,United Kingdom,13.05,2025-03,2025-03-10
530088,SKU-012,Phone Stand,1,2024-06-22 12:27:00,11.83,10033,Germany,11.83,2024-06,2024-06-22
530089,SKU-010,Bluetooth Speaker,1,2024-11-21 21:20:00,43.98,10078,Portugal,43.98,2024-11,2024-11-21
530089,SKU-005,Notebook A5,2,2024-08-21 16:36:00,5.93,10139,United Kingdom,11.86,2024-08,2024-08-21
530089,SKU-010,Bluetooth Speaker,1,2024-07-25 13:59:00,51.03,10117,Portugal,51.03,2024-07,2024-07-25
530090,SKU-003,Ceramic Mug,1,2024-08-26 17:36:00,7.92,10027,Netherlands,7.92,2024-08,2024-08-26
530090,SKU-008,Yoga Mat,5,2024-09-15 16:46:00,22.2,10109,Italy,111.0,2024-09,2024-09-15
530090,SKU-011,Cotton Tote Bag,2,2024-04-18 15:31:00,9.34,10080,Netherlands,18.68,2024-04,2024-04-18
530091,SKU-003,Ceramic Mug,2,2025-01-16 22:39:00,7.69,10004,United Kingdom,15.38,2025-01,2025-01-16
530091,SKU-004,Reusable Bottle,1,2025-01-24 19:18:00,16.55,10146,Spain,16.55,2025-01,2025-01-24
530091,SKU-004,Reusable Bottle,6,2024-07-08 08:07:00,16.83,10051,Germany,100.98,2024-07,2024-07-08
530092,SKU-001,Premium Coffee Beans,2,2024-09-23 15:40:00,12.0,10130,Portugal,24.0,2024-09,2024-09-23
530092,SKU-002,Organic Green Tea,1,2024-12-04 19:54:00,9.26,10074,Netherlands,9.26,2024-12,2024-12-04
530092,SKU-004,Reusable Bottle,1,2024-12-11 20:39:00,17.02,10136,Italy,17.02,2024-12,2024-12-11
530093,SKU-007,Desk Lamp,1,2024-04-10 14:02:00,28.51,10110,France,28.51,2024-04,2024-04-10
530093,SKU-006,Wireless Charger,2,2025-04-04 13:35:00,22.89,10085,Netherlands,45.78,2025-04,2025-04-04
530093,SKU-011,Cotton Tote Bag,2,2024-12-18 11:00:00,11.23,10051,Germany,22.46,2024-12,2024-12-18
530094,SKU-011,Cotton Tote Bag,1,2024-10-13 11:44:00,11.03,10114,Italy,11.03,2024-10,2024-10-13
530094,SKU-005,Notebook A5,1,2024-05-25 12:50:00,4.86,10069,Spain,4.86,2024-05,2024-05-25
530094,SKU-002,Organic Green Tea,1,2024-06-23 12:19:00,8.28,10100,Italy,8.28,2024-06,2024-06-23
530095,SKU-009,Running Socks,1,2024-10-25 16:20:00,6.31,10078,Portugal,6.31,2024-10,2024-10-25
530095,SKU-001,Premium Coffee Beans,1,2024-07-24 09:43:00,12.56,10021,Portugal,12.56,2024-07,2024-07-24
530095,SKU-006,Wireless Charger,4,2024-10-30 13:25:00,21.31,10013,Italy,85.24,2024-10,2024-10-30
530096,SKU-012,Phone Stand,6,2024-10-27 17:39:00,11.55,10013,Italy,69.3,2024-10,2024-10-27
530096,SKU-001,Premium Coffee Beans,2,2024-11-30 21:11:00,13.15,10099,Netherlands,26.3,2024-11,2024-11-30
530096,SKU-004,Reusable Bottle,1,2025-02-08 13:53:00,15.76,10063,Netherlands,15.76,2025-02,2025-02-08
530097,SKU-006,Wireless Charger,5,2025-01-31 22:43:00,26.27,10035,Spain,131.35,2025-01,2025-01-31
530097,SKU-008,Yoga Mat,10,2024-06-23 22:30:00,26.65,10128,Netherlands,266.5,2024-06,2024-06-23
530097,SKU-001,Premium Coffee Beans,1,2024-04-20 18:08:00,14.77,10119,Spain,14.77,2024-04,2024-04-20
530098,SKU-008,Yoga Mat,4,2024-01-23 10:40:00,21.73,10047,Netherlands,86.92,2024-01,2024-01-23
530098,SKU-008,Yoga Mat,1,2024-10-30 22:55:00,24.99,10065,Netherlands,24.99,2024-10,2024-10-30
530098,SKU-009,Running Socks,1,2024-08-08 22:21:00,6.53,10015,United Kingdom,6.53,2024-08,2024-08-08
530099,SKU-008,Yoga Mat,1,2024-04-18 20:52:00,24.51,10110,France,24.51,2024-04,2024-04-18
530099,SKU-007,Desk Lamp,1,2024-06-22 22:47:00,35.12,10016,France,35.12,2024-06,2024-06-22
530099,SKU-001,Premium Coffee Beans,3,2024-07-23 21:33:00,12.49,10140,France,37.47,2024-07,2024-07-23
530100,SKU-005,Notebook A5,2,2025-04-16 17:46:00,5.04,10076,Germany,10.08,2025-04,2025-04-16
530100,SKU-011,Cotton Tote Bag,2,2024-12-21 13:35:00,11.0,10010,Netherlands,22.0,2024-12,2024-12-21
530100,SKU-009,Running Socks,6,2024-09-09 08:13:00,7.79,10097,Germany,46.74,2024-09,2024-09-09
530101,SKU-010,Bluetooth Speaker,3,2024-07-15 18:21:00,42.71,10144,United Kingdom,128.13,2024-07,2024-07-15
530101,SKU-006,Wireless Charger,1,2025-01-11 09:09:00,21.18,10076,Germany,21.18,2025-01,2025-01-11
530101,SKU-005,Notebook A5,2,2024-04-18 21:01:00,5.29,10043,United Kingdom,10.58,2024-04,2024-04-18
530102,SKU-006,Wireless Charger,2,2024-05-20 14:40:00,25.54,10059,Germany,51.08,2024-05,2024-05-20
530102,SKU-009,Running Socks,5,2024-08-29 21:10:00,6.68,10063,Netherlands,33.4,2024-08,2024-08-29
530102,SKU-010,Bluetooth Speaker,1,2024-09-15 17:24:00,41.71,10024,Germany,41.71,2024-09,2024-09-15
530103,SKU-003,Ceramic Mug,2,2024-07-04 17:07:00,6.8,10059,Germany,13.6,2024-07,2024-07-04
530103,SKU-005,Notebook A5,5,2024-04-22 19:54:00,5.07,10109,Italy,25.35,2024-04,2024-04-22
530103,SKU-006,Wireless Charger,1,2025-03-23 19:02:00,20.64,10144,United Kingdom,20.64,2025-03,2025-03-23
530104,SKU-005,Notebook A5,1,2025-02-16 14:05:00,5.29,10128,Netherlands,5.29,2025-02,2025-02-16
530104,SKU-008,Yoga Mat,1,2024-06-23 22:15:00,26.24,10091,France,26.24,2024-06,2024-06-23
530104,SKU-006,Wireless Charger,5,2024-08-19 15:53:00,25.59,10073,France,127.95,2024-08,2024-08-19
530105,SKU-005,Notebook A5,8,2025-03-05 11:33:00,5.3,10064,Portugal,42.4,2025-03,2025-03-05
530105,SKU-005,Notebook A5,3,2024-06-11 10:07:00,5.7,10130,Portugal,17.1,2024-06,2024-06-11
530105,SKU-006,Wireless Charger,3,2024-05-27 20:02:00,21.02,10014,United Kingdom,63.06,2024-05,2024-05-27
530106,SKU-004,Reusable Bottle,2,2024-12-31 22:05:00,17.15,10061,Portugal,34.3,2024-12,2024-12-31
530106,SKU-008,Yoga Mat,1,2024-11-18 16:01:00,24.99,10063,Netherlands,24.99,2024-11,2024-11-18
530106,SKU-008,Yoga Mat,1,2024-09-07 22:32:00,23.63,10063,Netherlands,23.63,2024-09,2024-09-07
530107,SKU-003,Ceramic Mug,2,2025-01-10 11:21:00,7.46,10107,France,14.92,2025-01,2025-01-10
530107,SKU-008,Yoga Mat,3,2024-09-21 19:55:00,22.84,10042,France,68.52,2024-09,2024-09-21
530107,SKU-009,Running Socks,1,2024-12-26 12:49:00,6.99,10085,Netherlands,6.99,2024-12,2024-12-26
530108,SKU-006,Wireless Charger,1,2024-08-10 10:49:00,26.24,10102,Portugal,26.24,2024-08,2024-08-10
530108,SKU-002,Organic Green Tea,1,2024-07-05 21:33:00,8.35,10115,United Kingdom,8.35,2024-07,2024-07-05
530108,SKU-011,Cotton Tote Bag,2,2024-11-19 10:13:00,10.17,10091,France,20.34,2024-11,2024-11-19
530109,SKU-012,Phone Stand,1,2024-05-04 08:29:00,11.97,10116,United Kingdom,11.97,2024-05,2024-05-04
530109,SKU-007,Desk Lamp,3,2024-09-27 19:55:00,33.44,10143,Italy,100.32,2024-09,2024-09-27
530109,SKU-009,Running Socks,1,2024-07-22 09:00:00,7.9,10140,France,7.9,2024-07,2024-07-22
530110,SKU-005,Notebook A5,1,2024-08-28 22:02:00,5.42,10126,United Kingdom,5.42,2024-08,2024-08-28
530110,SKU-011,Cotton Tote Bag,6,2024-08-12 21:38:00,11.08,10026,France,66.48,2024-08,2024-08-12
530110,SKU-002,Organic Green Tea,2,2024-02-24 13:29:00,9.27,10032,Portugal,18.54,2024-02,2024-02-24
530111,SKU-001,Premium Coffee Beans,2,2024-03-21 09:33:00,12.29,10078,Portugal,24.58,2024-03,2024-03-21
530111,SKU-011,Cotton Tote Bag,1,2024-10-11 19:19:00,10.31,10014,United Kingdom,10.31,2024-10,2024-10-11
530111,SKU-001,Premium Coffee Beans,2,2024-07-03 17:48:00,12.4,10084,United Kingdom,24.8,2024-07,2024-07-03
530112,SKU-005,Notebook A5,3,2024-10-08 18:57:00,5.11,10023,Spain,15.33,2024-10,2024-10-08
530112,SKU-004,Reusable Bottle,4,2024-11-16 13:12:00,15.97,10031,France,63.88,2024-11,2024-11-16
530112,SKU-004,Reusable Bottle,1,2025-03-25 12:17:00,16.49,10061,Portugal,16.49,2025-03,2025-03-25
530113,SKU-009,Running Socks,3,2024-11-22 13:49:00,6.72,10048,France,20.16,2024-11,2024-11-22
530113,SKU-008,Yoga Mat,1,2024-04-27 18:07:00,25.94,10063,Netherlands,25.94,2024-04,2024-04-27
530113,SKU-005,Notebook A5,3,2025-04-21 10:10:00,4.96,10044,Germany,14.88,2025-04,2025-04-21
530114,SKU-005,Notebook A5,3,2024-12-03 09:00:00,5.89,10068,Netherlands,17.67,2024-12,2024-12-03
530114,SKU-010,Bluetooth Speaker,1,2024-10-01 16:32:00,51.46,10053,Netherlands,51.46,2024-10,2024-10-01
530114,SKU-002,Organic Green Tea,5,2024-07-02 11:34:00,9.75,10051,Germany,48.75,2024-07,2024-07-02
530115,SKU-006,Wireless Charger,1,2024-10-07 16:20:00,22.17,10096,Portugal,22.17,2024-10,2024-10-07
530115,SKU-005,Notebook A5,1,2024-04-29 10:45:00,5.33,10044,Germany,5.33,2024-04,2024-04-29
530115,SKU-005,Notebook A5,2,2024-04-23 17:15:00,6.01,10108,Germany,12.02,2024-04,2024-04-23
530116,SKU-003,Ceramic Mug,6,2024-10-23 09:19:00,6.8,10084,United Kingdom,40.8,2024-10,2024-10-23
530116,SKU-010,Bluetooth Speaker,2,2024-02-29 22:21:00,40.67,10068,Netherlands,81.34,2024-02,2024-02-29
530116,SKU-009,Running Socks,1,2024-08-19 15:03:00,7.05,10021,Portugal,7.05,2024-08,2024-08-19
530117,SKU-003,Ceramic Mug,2,2024-10-02 08:30:00,7.01,10023,Spain,14.02,2024-10,2024-10-02
530117,SKU-011,Cotton Tote Bag,1,2024-08-09 08:06:00,9.29,10004,United Kingdom,9.29,2024-08,2024-08-09
530117,SKU-007,Desk Lamp,2,2024-09-19 08:05:00,30.17,10058,Italy,60.34,2024-09,2024-09-19
530118,SKU-007,Desk Lamp,2,2025-01-03 14:11:00,34.28,10053,Netherlands,68.56,2025-01,2025-01-03
530118,SKU-012,Phone Stand,1,2024-08-01 17:57:00,12.88,10077,United Kingdom,12.88,2024-08,2024-08-01
530118,SKU-010,Bluetooth Speaker,8,2024-10-22 18:53:00,48.16,10010,Netherlands,385.28,2024-10,2024-10-22
530119,SKU-012,Phone Stand,2,2024-09-03 19:28:00,10.65,10010,Netherlands,21.3,2024-09,2024-09-03
530119,SKU-010,Bluetooth Speaker,4,2024-09-19 13:19:00,45.15,10046,Germany,180.6,2024-09,2024-09-19
530119,SKU-006,Wireless Charger,2,2024-11-03 21:12:00,24.13,10014,United Kingdom,48.26,2024-11,2024-11-03
530120,SKU-012,Phone Stand,1,2024-10-01 20:42:00,11.02,10070,Germany,11.02,2024-10,2024-10-01
530120,SKU-009,Running Socks,2,2024-07-16 09:59:00,6.99,10141,Spain,13.98,2024-07,2024-07-16
530120,SKU-008,Yoga Mat,1,2024-07-10 17:08:00,25.68,10114,Italy,25.68,2024-07,2024-07-10
530121,SKU-002,Organic Green Tea,3,2024-05-07 21:51:00,9.27,10051,Germany,27.81,2024-05,2024-05-07
530121,SKU-012,Phone Stand,1,2025-01-22 15:06:00,12.02,10013,Italy,12.02,2025-01,2025-01-22
530121,SKU-008,Yoga Mat,1,2024-10-08 12:43:00,24.65,10053,Netherlands,24.65,2024-10,2024-10-08
530122,SKU-011,Cotton Tote Bag,8,2024-10-13 19:49:00,10.01,10147,Italy,80.08,2024-10,2024-10-13
530122,SKU-008,Yoga Mat,2,2024-04-22 15:14:00,23.57,10069,Spain,47.14,2024-04,2024-04-22
530122,SKU-004,Reusable Bottle,1,2024-06-05 10:55:00,15.32,10014,United Kingdom,15.32,2024-06,2024-06-05
530123,SKU-010,Bluetooth Speaker,1,2024-07-23 12:58:00,41.43,10110,France,41.43,2024-07,2024-07-23
530123,SKU-006,Wireless Charger,1,2024-10-07 14:11:00,26.2,10076,Germany,26.2,2024-10,2024-10-07
530123,SKU-012,Phone Stand,1,2024-08-31 22:42:00,13.13,10019,Italy,13.13,2024-08,2024-08-31
530124,SKU-006,Wireless Charger,4,2024-07-23 20:55:00,26.29,10109,Italy,105.16,2024-07,2024-07-23
530124,SKU-006,Wireless Charger,1,2024-12-31 15:31:00,25.92,10019,Italy,25.92,2024-12,2024-12-31
530124,SKU-001,Premium Coffee Beans,1,2024-03-05 09:30:00,11.95,10016,France,11.95,2024-03,2024-03-05
530125,SKU-002,Organic Green Tea,6,2024-10-23 13:30:00,9.3,10036,United Kingdom,55.8,2024-10,2024-10-23
530125,SKU-008,Yoga Mat,2,2024-12-06 21:10:00,25.17,10109,Italy,50.34,2024-12,2024-12-06
530125,SKU-005,Notebook A5,2,2024-09-15 20:22:00,5.97,10051,Germany,11.94,2024-09,2024-09-15
530126,SKU-010,Bluetooth Speaker,1,2024-11-24 17:08:00,41.62,10146,Spain,41.62,2024-11,2024-11-24
530126,SKU-009,Running Socks,1,2024-03-11 09:25:00,6.84,10109,Italy,6.84,2024-03,2024-03-11
530126,SKU-012,Phone Stand,1,2025-02-06 20:06:00,10.57,10084,United Kingdom,10.57,2025-02,2025-02-06
530127,SKU-006,Wireless Charger,2,2024-07-22 16:41:00,22.85,10140,France,45.7,2024-07,2024-07-22
530127,SKU-002,Organic Green Tea,2,2024-10-24 20:19:00,8.48,10105,Netherlands,16.96,2024-10,2024-10-24
530127,SKU-009,Running Socks,8,2024-06-12 15:25:00,6.93,10068,Netherlands,55.44,2024-06,2024-06-12
530128,SKU-010,Bluetooth Speaker,2,2024-11-24 14:15:00,43.79,10047,Netherlands,87.58,2024-11,2024-11-24
530128,SKU-010,Bluetooth Speaker,1,2024-08-19 11:35:00,45.12,10015,United Kingdom,45.12,2024-08,2024-08-19
530128,SKU-003,Ceramic Mug,1,2024-06-28 15:24:00,8.08,10146,Spain,8.08,2024-06,2024-06-28
530129,SKU-002,Organic Green Tea,2,2024-04-19 13:13:00,8.46,10069,Spain,16.92,2024-04,2024-04-19
530129,SKU-012,Phone Stand,2,2024-07-26 17:27:00,12.15,10141,Spain,24.3,2024-07,2024-07-26
530129,SKU-007,Desk Lamp,1,2024-09-08 17:50:00,35.9,10136,Italy,35.9,2024-09,2024-09-08
530130,SKU-006,Wireless Charger,2,2024-10-07 16:44:00,24.5,10030,Portugal,49.0,2024-10,2024-10-07
530130,SKU-004,Reusable Bottle,1,2024-10-28 10:42:00,14.31,10053,Netherlands,14.31,2024-10,2024-10-28
530130,SKU-011,Cotton Tote Bag,1,2024-02-02 09:47:00,11.31,10063,Netherlands,11.31,2024-02,2024-02-02
530131,SKU-012,Phone Stand,6,2024-05-12 17:53:00,12.04,10063,Netherlands,72.24,2024-05,2024-05-12
530131,SKU-008,Yoga Mat,3,2024-12-01 09:37:00,22.28,10034,Italy,66.84,2024-12,2024-12-01
530131,SKU-010,Bluetooth Speaker,1,2024-10-07 15:20:00,51.59,10137,Netherlands,51.59,2024-10,2024-10-07
530132,SKU-009,Running Socks,6,2024-07-25 09:52:00,6.39,10130,Portugal,38.34,2024-07,2024-07-25
530132,SKU-008,Yoga Mat,1,2024-12-05 10:19:00,22.5,10032,Portugal,22.5,2024-12,2024-12-05
530132,SKU-007,Desk Lamp,1,2024-07-25 09:38:00,33.56,10093,United Kingdom,33.56,2024-07,2024-07-25
530133,SKU-002,Organic Green Tea,3,2024-05-19 18:52:00,9.33,10066,Spain,27.99,2024-05,2024-05-19
530133,SKU-010,Bluetooth Speaker,1,2024-10-19 20:52:00,50.12,10013,Italy,50.12,2024-10,2024-10-19
530133,SKU-007,Desk Lamp,1,2024-09-16 13:31:00,30.02,10043,United Kingdom,30.02,2024-09,2024-09-16
530134,SKU-011,Cotton Tote Bag,2,2024-05-14 18:03:00,10.06,10116,United Kingdom,20.12,2024-05,2024-05-14
530134,SKU-002,Organic Green Tea,1,2024-10-12 11:52:00,7.76,10109,Italy,7.76,2024-10,2024-10-12
530134,SKU-003,Ceramic Mug,1,2024-12-20 22:37:00,7.12,10084,United Kingdom,7.12,2024-12,2024-12-20
530135,SKU-011,Cotton Tote Bag,3,2024-03-20 20:00:00,9.89,10046,Germany,29.67,2024-03,2024-03-20
530135,SKU-003,Ceramic Mug,1,2025-01-29 18:09:00,7.83,10056,France,7.83,2025-01,2025-01-29
530135,SKU-008,Yoga Mat,2,2024-09-13 16:18:00,27.01,10013,Italy,54.02,2024-09,2024-09-13
530136,SKU-007,Desk Lamp,2,2024-09-07 17:36:00,32.21,10051,Germany,64.42,2024-09,2024-09-07
530136,SKU-008,Yoga Mat,1,2024-11-21 11:13:00,24.31,10064,Portugal,24.31,2024-11,2024-11-21
530136,SKU-011,Cotton Tote Bag,1,2024-10-27 22:20:00,11.24,10144,United Kingdom,11.24,2024-10,2024-10-27
530137,SKU-005,Notebook A5,4,2024-12-19 17:50:00,5.35,10094,Italy,21.4,2024-12,2024-12-19
530137,SKU-011,Cotton Tote Bag,1,2024-09-16 12:58:00,9.48,10084,United Kingdom,9.48,2024-09,2024-09-16
530137,SKU-007,Desk Lamp,2,2024-08-14 19:58:00,30.47,10105,Netherlands,60.94,2024-08,2024-08-14
530138,SKU-006,Wireless Charger,1,2024-03-14 09:37:00,21.85,10148,Germany,21.85,2024-03,2024-03-14
530138,SKU-001,Premium Coffee Beans,8,2024-10-19 17:32:00,14.45,10145,United Kingdom,115.6,2024-10,2024-10-19
530138,SKU-007,Desk Lamp,6,2024-05-13 21:08:00,29.15,10037,Italy,174.9,2024-05,2024-05-13
530139,SKU-005,Notebook A5,2,2024-11-30 08:23:00,5.36,10019,Italy,10.72,2024-11,2024-11-30
530139,SKU-009,Running Socks,1,2024-05-17 08:00:00,7.01,10146,Spain,7.01,2024-05,2024-05-17
530139,SKU-012,Phone Stand,3,2024-08-27 16:52:00,12.06,10097,Germany,36.18,2024-08,2024-08-27
530140,SKU-006,Wireless Charger,2,2025-04-03 09:55:00,20.89,10044,Germany,41.78,2025-04,2025-04-03
530140,SKU-005,Notebook A5,2,2024-06-26 21:01:00,6.15,10130,Portugal,12.3,2024-06,2024-06-26
530140,SKU-004,Reusable Bottle,1,2024-05-30 14:44:00,14.42,10068,Netherlands,14.42,2024-05,2024-05-30
530141,SKU-010,Bluetooth Speaker,2,2025-01-30 14:40:00,43.11,10120,Portugal,86.22,2025-01,2025-01-30
530141,SKU-006,Wireless Charger,1,2024-09-08 19:24:00,26.33,10020,Netherlands,26.33,2024-09,2024-09-08
530141,SKU-007,Desk Lamp,1,2025-01-10 14:27:00,34.51,10099,Netherlands,34.51,2025-01,2025-01-10
530142,SKU-009,Running Socks,3,2024-07-12 11:42:00,6.47,10004,United Kingdom,19.41,2024-07,2024-07-12
530142,SKU-003,Ceramic Mug,1,2024-08-18 15:08:00,7.0,10040,Italy,7.0,2024-08,2024-08-18
530142,SKU-004,Reusable Bottle,2,2025-04-09 16:24:00,16.42,10029,Italy,32.84,2025-04,2025-04-09
530143,SKU-006,Wireless Charger,1,2024-06-13 21:26:00,21.39,10047,Netherlands,21.39,2024-06,2024-06-13
530143,SKU-003,Ceramic Mug,2,2024-11-04 12:55:00,7.7,10076,Germany,15.4,2024-11,2024-11-04
530143,SKU-011,Cotton Tote Bag,1,2024-10-27 10:08:00,9.77,10047,Netherlands,9.77,2024-10,2024-10-27
530144,SKU-001,Premium Coffee Beans,1,2024-07-03 09:41:00,11.89,10037,Italy,11.89,2024-07,2024-07-03
530144,SKU-001,Premium Coffee Beans,3,2024-06-14 10:46:00,11.82,10120,Portugal,35.46,2024-06,2024-06-14
530144,SKU-008,Yoga Mat,1,2024-08-09 18:27:00,21.98,10105,Netherlands,21.98,2024-08,2024-08-09
530145,SKU-003,Ceramic Mug,3,2024-12-09 09:08:00,6.85,10040,Italy,20.55,2024-12,2024-12-09
530145,SKU-011,Cotton Tote Bag,1,2024-04-06 20:26:00,11.37,10052,Spain,11.37,2024-04,2024-04-06
530145,SKU-008,Yoga Mat,2,2024-11-24 22:50:00,26.64,10091,France,53.28,2024-11,2024-11-24
530146,SKU-012,Phone Stand,1,2024-06-01 17:59:00,12.23,10114,Italy,12.23,2024-06,2024-06-01
530146,SKU-007,Desk Lamp,8,2024-10-22 17:11:00,35.88,10057,France,287.04,2024-10,2024-10-22
530146,SKU-008,Yoga Mat,4,2024-07-19 16:27:00,27.54,10034,Italy,110.16,2024-07,2024-07-19
530147,SKU-009,Running Socks,1,2024-12-05 21:28:00,6.96,10026,France,6.96,2024-12,2024-12-05
530147,SKU-007,Desk Lamp,8,2024-08-18 13:14:00,33.11,10066,Spain,264.88,2024-08,2024-08-18
530147,SKU-003,Ceramic Mug,3,2024-10-17 14:38:00,7.21,10010,Netherlands,21.63,2024-10,2024-10-17
530148,SKU-001,Premium Coffee Beans,2,2024-02-09 17:31:00,11.61,10004,United Kingdom,23.22,2024-02,2024-02-09
530148,SKU-012,Phone Stand,1,2024-06-03 11:45:00,12.23,10084,United Kingdom,12.23,2024-06,2024-06-03
530148,SKU-009,Running Socks,1,2024-05-16 12:26:00,7.21,10010,Netherlands,7.21,2024-05,2024-05-16
530149,SKU-009,Running Socks,2,2024-06-27 17:23:00,6.36,10094,Italy,12.72,2024-06,2024-06-27
530149,SKU-001,Premium Coffee Beans,1,2025-02-21 08:36:00,12.31,10015,United Kingdom,12.31,2025-02,2025-02-21
530149,SKU-008,Yoga Mat,1,2024-10-04 19:23:00,25.68,10043,United Kingdom,25.68,2024-10,2024-10-04
530150,SKU-002,Organic Green Tea,4,2024-09-03 17:30:00,7.94,10090,Spain,31.76,2024-09,2024-09-03
530150,SKU-012,Phone Stand,2,2024-10-07 09:09:00,11.88,10047,Netherlands,23.76,2024-10,2024-10-07
530150,SKU-012,Phone Stand,2,2025-01-13 19:33:00,12.03,10097,Germany,24.06,2025-01,2025-01-13
530151,SKU-005,Notebook A5,1,2024-10-26 15:33:00,6.08,10109,Italy,6.08,2024-10,2024-10-26
530151,SKU-002,Organic Green Tea,2,2024-11-10 16:56:00,7.78,10058,Italy,15.56,2024-11,2024-11-10
530151,SKU-010,Bluetooth Speaker,1,2025-03-12 09:15:00,49.63,10078,Portugal,49.63,2025-03,2025-03-12
530152,SKU-008,Yoga Mat,1,2024-10-01 18:47:00,23.67,10019,Italy,23.67,2024-10,2024-10-01
530152,SKU-011,Cotton Tote Bag,2,2024-08-08 18:04:00,9.16,10009,Italy,18.32,2024-08,2024-08-08
530152,SKU-011,Cotton Tote Bag,5,2024-11-21 18:34:00,10.95,10114,Italy,54.75,2024-11,2024-11-21
530153,SKU-010,Bluetooth Speaker,1,2024-06-10 12:39:00,49.11,10037,Italy,49.11,2024-06,2024-06-10
530153,SKU-001,Premium Coffee Beans,2,2025-01-13 22:21:00,13.67,10143,Italy,27.34,2025-01,2025-01-13
530153,SKU-009,Running Socks,1,2024-04-07 20:00:00,6.26,10059,Germany,6.26,2024-04,2024-04-07
530154,SKU-008,Yoga Mat,1,2024-09-20 15:32:00,24.95,10099,Netherlands,24.95,2024-09,2024-09-20
530154,SKU-008,Yoga Mat,1,2024-08-30 17:46:00,23.93,10045,Italy,23.93,2024-08,2024-08-30
530154,SKU-006,Wireless Charger,1,2024-10-04 14:22:00,25.74,10118,Spain,25.74,2024-10,2024-10-04
530155,SKU-005,Notebook A5,4,2024-07-02 12:10:00,4.91,10127,United Kingdom,19.64,2024-07,2024-07-02
530155,SKU-001,Premium Coffee Beans,1,2025-01-28 19:59:00,13.7,10043,United Kingdom,13.7,2025-01,2025-01-28
530155,SKU-010,Bluetooth Speaker,1,2024-05-19 19:19:00,47.59,10015,United Kingdom,47.59,2024-05,2024-05-19
530156,SKU-012,Phone Stand,3,2025-02-17 20:36:00,10.93,10103,Netherlands,32.79,2025-02,2025-02-17
530156,SKU-005,Notebook A5,1,2024-07-30 08:40:00,6.09,10051,Germany,6.09,2024-07,2024-07-30
530156,SKU-008,Yoga Mat,2,2024-09-04 17:10:00,21.77,10078,Portugal,43.54,2024-09,2024-09-04
530157,SKU-010,Bluetooth Speaker,2,2024-11-08 08:42:00,42.92,10013,Italy,85.84,2024-11,2024-11-08
530157,SKU-005,Notebook A5,3,2024-08-14 20:47:00,5.87,10101,Germany,17.61,2024-08,2024-08-14
530157,SKU-010,Bluetooth Speaker,2,2024-11-24 08:18:00,51.66,10061,Portugal,103.32,2024-11,2024-11-24
530158,SKU-008,Yoga Mat,1,2024-05-23 09:08:00,22.82,10053,Netherlands,22.82,2024-05,2024-05-23
530158,SKU-009,Running Socks,5,2024-08-10 09:54:00,6.52,10099,Netherlands,32.6,2024-08,2024-08-10
530158,SKU-005,Notebook A5,1,2024-07-09 12:08:00,5.18,10046,Germany,5.18,2024-07,2024-07-09
530159,SKU-010,Bluetooth Speaker,1,2024-09-17 12:17:00,49.43,10103,Netherlands,49.43,2024-09,2024-09-17
530159,SKU-005,Notebook A5,2,2024-10-23 08:47:00,5.74,10043,United Kingdom,11.48,2024-10,2024-10-23
530159,SKU-002,Organic Green Tea,1,2024-12-22 17:11:00,9.26,10063,Netherlands,9.26,2024-12,2024-12-22
530160,SKU-010,Bluetooth Speaker,1,2024-04-04 19:09:00,41.56,10051,Germany,41.56,2024-04,2024-04-04
530160,SKU-011,Cotton Tote Bag,1,2024-07-24 15:23:00,10.77,10078,Portugal,10.77,2024-07,2024-07-24
530160,SKU-003,Ceramic Mug,2,2024-11-17 12:50:00,6.92,10047,Netherlands,13.84,2024-11,2024-11-17
530161,SKU-012,Phone Stand,2,2024-08-10 11:31:00,10.95,10102,Portugal,21.9,2024-08,2024-08-10
530161,SKU-003,Ceramic Mug,5,2024-10-14 20:33:00,6.79,10073,France,33.95,2024-10,2024-10-14
530161,SKU-001,Premium Coffee Beans,1,2024-10-01 13:05:00,13.98,10097,Germany,13.98,2024-10,2024-10-01
530162,SKU-003,Ceramic Mug,3,2024-11-09 17:59:00,7.59,10072,Portugal,22.77,2024-11,2024-11-09
530162,SKU-003,Ceramic Mug,3,2025-02-14 21:31:00,6.73,10026,France,20.19,2025-02,2025-02-14
530162,SKU-007,Desk Lamp,1,2024-11-20 20:24:00,34.03,10068,Netherlands,34.03,2024-11,2024-11-20
530163,SKU-004,Reusable Bottle,4,2024-05-30 18:28:00,16.49,10024,Germany,65.96,2024-05,2024-05-30
530163,SKU-012,Phone Stand,1,2024-05-20 18:10:00,10.83,10064,Portugal,10.83,2024-05,2024-05-20
530163,SKU-004,Reusable Bottle,2,2024-05-03 17:46:00,13.92,10094,Italy,27.84,2024-05,2024-05-03
530164,SKU-006,Wireless Charger,2,2024-11-06 08:41:00,20.94,10013,Italy,41.88,2024-11,2024-11-06
530164,SKU-005,Notebook A5,1,2025-01-25 20:52:00,6.08,10078,Portugal,6.08,2025-01,2025-01-25
530164,SKU-002,Organic Green Tea,5,2024-12-12 08:10:00,9.41,10099,Netherlands,47.05,2024-12,2024-12-12
530165,SKU-008,Yoga Mat,1,2024-06-13 14:30:00,23.56,10078,Portugal,23.56,2024-06,2024-06-13
530165,SKU-005,Notebook A5,1,2024-06-28 15:47:00,5.49,10085,Netherlands,5.49,2024-06,2024-06-28
530165,SKU-009,Running Socks,2,2025-02-06 11:24:00,7.5,10040,Italy,15.0,2025-02,2025-02-06
530166,SKU-011,Cotton Tote Bag,2,2024-09-03 19:24:00,9.37,10095,Netherlands,18.74,2024-09,2024-09-03
530166,SKU-008,Yoga Mat,1,2024-04-16 12:09:00,26.1,10131,Germany,26.1,2024-04,2024-04-16
530166,SKU-009,Running Socks,1,2024-02-29 21:27:00,6.45,10031,France,6.45,2024-02,2024-02-29
530167,SKU-001,Premium Coffee Beans,1,2024-10-19 12:59:00,14.31,10030,Portugal,14.31,2024-10,2024-10-19
530167,SKU-008,Yoga Mat,4,2024-06-12 14:43:00,23.55,10057,France,94.2,2024-06,2024-06-12
530167,SKU-006,Wireless Charger,2,2024-08-17 16:43:00,24.12,10026,France,48.24,2024-08,2024-08-17
530168,SKU-001,Premium Coffee Beans,2,2024-10-11 09:58:00,14.63,10108,Germany,29.26,2024-10,2024-10-11
530168,SKU-009,Running Socks,1,2024-11-08 18:22:00,7.26,10048,France,7.26,2024-11,2024-11-08
530168,SKU-007,Desk Lamp,1,2024-08-29 17:58:00,31.65,10031,France,31.65,2024-08,2024-08-29
530169,SKU-011,Cotton Tote Bag,5,2024-11-23 21:17:00,10.1,10031,France,50.5,2024-11,2024-11-23
530169,SKU-006,Wireless Charger,4,2024-05-10 12:17:00,22.04,10097,Germany,88.16,2024-05,2024-05-10
530169,SKU-002,Organic Green Tea,3,2024-03-08 12:41:00,9.74,10075,France,29.22,2024-03,2024-03-08
530170,SKU-010,Bluetooth Speaker,1,2024-07-10 14:29:00,42.46,10064,Portugal,42.46,2024-07,2024-07-10
530170,SKU-011,Cotton Tote Bag,6,2024-08-15 19:15:00,11.27,10110,France,67.62,2024-08,2024-08-15
530170,SKU-012,Phone Stand,1,2024-10-25 18:37:00,11.6,10119,Spain,11.6,2024-10,2024-10-25
530171,SKU-004,Reusable Bottle,1,2024-11-01 16:21:00,13.7,10078,Portugal,13.7,2024-11,2024-11-01
530171,SKU-011,Cotton Tote Bag,3,2024-06-21 19:11:00,9.71,10117,Portugal,29.13,2024-06,2024-06-21
530171,SKU-006,Wireless Charger,2,2024-07-08 16:00:00,24.0,10068,Netherlands,48.0,2024-07,2024-07-08
530172,SKU-011,Cotton Tote Bag,1,2024-01-18 08:53:00,9.16,10047,Netherlands,9.16,2024-01,2024-01-18
530172,SKU-002,Organic Green Tea,6,2024-08-19 08:26:00,8.74,10110,France,52.44,2024-08,2024-08-19
530172,SKU-002,Organic Green Tea,2,2024-05-14 16:06:00,8.95,10025,Spain,17.9,2024-05,2024-05-14
530173,SKU-011,Cotton Tote Bag,1,2024-11-24 15:22:00,8.97,10140,France,8.97,2024-11,2024-11-24
530173,SKU-004,Reusable Bottle,1,2024-07-28 19:18:00,14.15,10057,France,14.15,2024-07,2024-07-28
530173,SKU-005,Notebook A5,1,2024-07-12 11:02:00,5.75,10057,France,5.75,2024-07,2024-07-12
530174,SKU-001,Premium Coffee Beans,1,2024-06-04 17:05:00,12.48,10138,France,12.48,2024-06,2024-06-04
530174,SKU-001,Premium Coffee Beans,2,2024-08-26 17:42:00,12.09,10125,Spain,24.18,2024-08,2024-08-26
530174,SKU-004,Reusable Bottle,1,2025-02-19 17:40:00,16.82,10064,Portugal,16.82,2025-02,2025-02-19
530175,SKU-002,Organic Green Tea,1,2024-06-16 19:07:00,8.52,10016,France,8.52,2024-06,2024-06-16
530175,SKU-002,Organic Green Tea,2,2024-07-23 21:38:00,8.09,10129,Italy,16.18,2024-07,2024-07-23
530175,SKU-003,Ceramic Mug,2,2024-08-29 14:42:00,6.87,10113,Netherlands,13.74,2024-08,2024-08-29
530176,SKU-011,Cotton Tote Bag,6,2024-09-12 17:51:00,9.9,10052,Spain,59.4,2024-09,2024-09-12
530176,SKU-003,Ceramic Mug,2,2024-07-25 22:07:00,6.8,10073,France,13.6,2024-07,2024-07-25
530176,SKU-012,Phone Stand,2,2024-11-06 10:16:00,12.89,10078,Portugal,25.78,2024-11,2024-11-06
530177,SKU-005,Notebook A5,1,2025-03-03 15:42:00,5.45,10056,France,5.45,2025-03,2025-03-03
530177,SKU-002,Organic Green Tea,2,2024-09-18 18:29:00,8.09,10085,Netherlands,16.18,2024-09,2024-09-18
530177,SKU-005,Notebook A5,3,2024-09-20 20:27:00,5.52,10106,France,16.56,2024-09,2024-09-20
530178,SKU-012,Phone Stand,1,2024-07-25 22:42:00,11.24,10020,Netherlands,11.24,2024-07,2024-07-25
530178,SKU-006,Wireless Charger,3,2024-10-20 12:10:00,23.57,10143,Italy,70.71,2024-10,2024-10-20
530178,SKU-002,Organic Green Tea,8,2024-08-04 12:49:00,7.88,10028,Portugal,63.04,2024-08,2024-08-04
530179,SKU-001,Premium Coffee Beans,4,2025-01-16 14:24:00,11.65,10069,Spain,46.6,2025-01,2025-01-16
530179,SKU-006,Wireless Charger,1,2024-03-10 08:16:00,25.46,10130,Portugal,25.46,2024-03,2024-03-10
530179,SKU-005,Notebook A5,2,2024-09-26 10:28:00,5.96,10126,United Kingdom,11.92,2024-09,2024-09-26
530180,SKU-002,Organic Green Tea,4,2024-09-20 15:59:00,9.71,10110,France,38.84,2024-09,2024-09-20
530180,SKU-004,Reusable Bottle,1,2024-12-28 17:25:00,15.37,10147,Italy,15.37,2024-12,2024-12-28
530180,SKU-003,Ceramic Mug,2,2024-03-24 18:31:00,7.39,10059,Germany,14.78,2024-03,2024-03-24
530181,SKU-002,Organic Green Tea,1,2024-08-18 10:34:00,9.65,10128,Netherlands,9.65,2024-08,2024-08-18
530181,SKU-007,Desk Lamp,1,2024-08-22 11:39:00,32.44,10063,Netherlands,32.44,2024-08,2024-08-22
530181,SKU-011,Cotton Tote Bag,3,2024-08-25 09:58:00,10.93,10085,Netherlands,32.79,2024-08,2024-08-25
530182,SKU-008,Yoga Mat,1,2024-10-20 19:16:00,25.91,10074,Netherlands,25.91,2024-10,2024-10-20
530182,SKU-002,Organic Green Tea,1,2024-05-25 08:04:00,8.26,10078,Portugal,8.26,2024-05,2024-05-25
530182,SKU-002,Organic Green Tea,2,2024-02-17 17:46:00,9.26,10046,Germany,18.52,2024-02,2024-02-17
530183,SKU-005,Notebook A5,1,2024-09-14 20:28:00,5.15,10043,United Kingdom,5.15,2024-09,2024-09-14
530183,SKU-001,Premium Coffee Beans,1,2024-08-23 22:31:00,14.35,10130,Portugal,14.35,2024-08,2024-08-23
530183,SKU-003,Ceramic Mug,1,2024-08-17 18:40:00,7.75,10084,United Kingdom,7.75,2024-08,2024-08-17
530184,SKU-001,Premium Coffee Beans,4,2024-07-25 22:02:00,14.83,10145,United Kingdom,59.32,2024-07,2024-07-25
530184,SKU-011,Cotton Tote Bag,1,2024-12-17 14:17:00,9.4,10001,Spain,9.4,2024-12,2024-12-17
530184,SKU-003,Ceramic Mug,1,2024-08-18 19:21:00,7.8,10012,Portugal,7.8,2024-08,2024-08-18
530185,SKU-007,Desk Lamp,1,2024-09-07 17:00:00,35.64,10085,Netherlands,35.64,2024-09,2024-09-07
530185,SKU-009,Running Socks,1,2025-03-28 19:49:00,7.43,10116,United Kingdom,7.43,2025-03,2025-03-28
530185,SKU-008,Yoga Mat,1,2024-05-25 15:27:00,25.97,10012,Portugal,25.97,2024-05,2024-05-25
530186,SKU-007,Desk Lamp,1,2024-04-17 21:46:00,35.6,10032,Portugal,35.6,2024-04,2024-04-17
530186,SKU-002,Organic Green Tea,4,2025-02-20 16:14:00,7.66,10053,Netherlands,30.64,2025-02,2025-02-20
530186,SKU-001,Premium Coffee Beans,1,2025-01-28 14:44:00,13.28,10065,Netherlands,13.28,2025-01,2025-01-28
530187,SKU-008,Yoga Mat,1,2024-08-06 09:36:00,27.24,10014,United Kingdom,27.24,2024-08,2024-08-06
530187,SKU-009,Running Socks,4,2024-08-02 22:22:00,6.28,10099,Netherlands,25.12,2024-08,2024-08-02
530187,SKU-006,Wireless Charger,1,2025-02-23 18:19:00,22.72,10146,Spain,22.72,2025-02,2025-02-23
530188,SKU-007,Desk Lamp,2,2025-03-26 08:40:00,35.95,10004,United Kingdom,71.9,2025-03,2025-03-26
530188,SKU-011,Cotton Tote Bag,1,2024-09-23 09:23:00,10.49,10026,France,10.49,2024-09,2024-09-23
530188,SKU-009,Running Socks,1,2025-03-04 21:21:00,7.31,10105,Netherlands,7.31,2025-03,2025-03-04
530189,SKU-002,Organic Green Tea,2,2024-08-15 21:29:00,9.73,10122,Spain,19.46,2024-08,2024-08-15
530189,SKU-005,Notebook A5,4,2025-02-27 18:12:00,5.77,10078,Portugal,23.08,2025-02,2025-02-27
530189,SKU-003,Ceramic Mug,1,2024-03-11 16:02:00,6.84,10076,Germany,6.84,2024-03,2024-03-11
530190,SKU-007,Desk Lamp,1,2024-07-14 18:12:00,31.19,10032,Portugal,31.19,2024-07,2024-07-14
530190,SKU-005,Notebook A5,1,2024-03-13 19:24:00,5.77,10063,Netherlands,5.77,2024-03,2024-03-13
530190,SKU-002,Organic Green Tea,1,2024-10-13 18:44:00,9.41,10074,Netherlands,9.41,2024-10,2024-10-13
530191,SKU-006,Wireless Charger,2,2025-02-27 15:05:00,25.42,10063,Netherlands,50.84,2025-02,2025-02-27
530191,SKU-011,Cotton Tote Bag,2,2024-05-28 15:47:00,10.3,10063,Netherlands,20.6,2024-05,2024-05-28
530191,SKU-004,Reusable Bottle,1,2025-02-08 10:02:00,15.03,10146,Spain,15.03,2025-02,2025-02-08
530192,SKU-004,Reusable Bottle,2,2024-03-13 08:46:00,15.7,10148,Germany,31.4,2024-03,2024-03-13
530192,SKU-010,Bluetooth Speaker,1,2024-12-16 11:31:00,43.6,10044,Germany,43.6,2024-12,2024-12-16
530192,SKU-007,Desk Lamp,1,2024-06-04 09:50:00,36.02,10112,United Kingdom,36.02,2024-06,2024-06-04
530193,SKU-009,Running Socks,2,2024-10-06 18:19:00,7.18,10055,Netherlands,14.36,2024-10,2024-10-06
530193,SKU-008,Yoga Mat,2,2024-08-12 16:53:00,26.77,10138,France,53.54,2024-08,2024-08-12
530193,SKU-008,Yoga Mat,2,2025-02-25 08:02:00,25.35,10032,Portugal,50.7,2025-02,2025-02-25
530194,SKU-006,Wireless Charger,2,2024-12-24 08:21:00,26.02,10117,Portugal,52.04,2024-12,2024-12-24
530194,SKU-012,Phone Stand,1,2024-09-02 08:25:00,12.37,10044,Germany,12.37,2024-09,2024-09-02
530194,SKU-002,Organic Green Tea,1,2024-07-26 11:51:00,9.71,10040,Italy,9.71,2024-07,2024-07-26
530195,SKU-011,Cotton Tote Bag,1,2024-06-04 18:33:00,9.79,10099,Netherlands,9.79,2024-06,2024-06-04
530195,SKU-008,Yoga Mat,1,2025-01-27 18:55:00,27.59,10029,Italy,27.59,2025-01,2025-01-27
530195,SKU-009,Running Socks,1,2024-07-22 10:47:00,7.01,10027,Netherlands,7.01,2024-07,2024-07-22
530196,SKU-010,Bluetooth Speaker,1,2024-06-07 11:59:00,49.21,10035,Spain,49.21,2024-06,2024-06-07
530196,SKU-002,Organic Green Tea,2,2024-08-08 08:47:00,9.58,10100,Italy,19.16,2024-08,2024-08-08
530196,SKU-003,Ceramic Mug,1,2024-06-15 15:41:00,7.43,10145,United Kingdom,7.43,2024-06,2024-06-15
530197,SKU-001,Premium Coffee Beans,1,2024-09-28 15:58:00,13.29,10016,France,13.29,2024-09,2024-09-28
530197,SKU-010,Bluetooth Speaker,2,2025-03-04 08:15:00,42.82,10051,Germany,85.64,2025-03,2025-03-04
530197,SKU-012,Phone Stand,1,2024-04-01 18:08:00,11.94,10091,France,11.94,2024-04,2024-04-01
530198,SKU-001,Premium Coffee Beans,1,2024-05-26 10:40:00,13.43,10019,Italy,13.43,2024-05,2024-05-26
530198,SKU-001,Premium Coffee Beans,1,2024-10-23 22:19:00,12.2,10100,Italy,12.2,2024-10,2024-10-23
530198,SKU-002,Organic Green Tea,1,2024-10-18 15:39:00,9.76,10084,United Kingdom,9.76,2024-10,2024-10-18
530199,SKU-003,Ceramic Mug,1,2025-01-15 21:37:00,6.6,10140,France,6.6,2025-01,2025-01-15
530199,SKU-002,Organic Green Tea,1,2024-08-06 21:52:00,7.84,10143,Italy,7.84,2024-08,2024-08-06
530199,SKU-002,Organic Green Tea,2,2025-02-20 09:31:00,8.95,10019,Italy,17.9,2025-02,2025-02-20
530200,SKU-010,Bluetooth Speaker,2,2024-06-30 20:39:00,41.01,10100,Italy,82.02,2024-06,2024-06-30
530200,SKU-004,Reusable Bottle,1,2024-06-22 09:51:00,13.73,10000,Netherlands,13.73,2024-06,2024-06-22
530200,SKU-004,Reusable Bottle,1,2025-01-31 14:21:00,14.03,10032,Portugal,14.03,2025-01,2025-01-31
530201,SKU-012,Phone Stand,2,2024-09-18 18:25:00,10.63,10074,Netherlands,21.26,2024-09,2024-09-18
530201,SKU-006,Wireless Charger,1,2024-08-10 09:43:00,21.69,10051,Germany,21.69,2024-08,2024-08-10
530201,SKU-010,Bluetooth Speaker,2,2024-09-15 16:08:00,45.39,10078,Portugal,90.78,2024-09,2024-09-15
530202,SKU-006,Wireless Charger,3,2024-06-14 21:50:00,24.81,10059,Germany,74.43,2024-06,2024-06-14
530202,SKU-004,Reusable Bottle,1,2024-07-11 20:02:00,15.26,10107,France,15.26,2024-07,2024-07-11
530202,SKU-010,Bluetooth Speaker,1,2024-04-28 10:21:00,42.61,10017,Italy,42.61,2024-04,2024-04-28
530203,SKU-002,Organic Green Tea,3,2024-06-20 09:17:00,9.64,10069,Spain,28.92,2024-06,2024-06-20
530203,SKU-003,Ceramic Mug,6,2024-12-23 20:26:00,7.13,10143,Italy,42.78,2024-12,2024-12-23
530203,SKU-003,Ceramic Mug,2,2024-09-22 19:23:00,8.01,10014,United Kingdom,16.02,2024-09,2024-09-22
530204,SKU-009,Running Socks,1,2024-07-26 10:28:00,6.53,10147,Italy,6.53,2024-07,2024-07-26
530204,SKU-004,Reusable Bottle,1,2024-09-21 22:37:00,16.59,10002,France,16.59,2024-09,2024-09-21
530204,SKU-001,Premium Coffee Beans,5,2024-10-11 10:06:00,14.32,10069,Spain,71.6,2024-10,2024-10-11
530205,SKU-011,Cotton Tote Bag,3,2024-10-25 17:24:00,9.33,10026,France,27.99,2024-10,2024-10-25
530205,SKU-003,Ceramic Mug,5,2024-03-04 08:56:00,7.31,10032,Portugal,36.55,2024-03,2024-03-04
530205,SKU-008,Yoga Mat,2,2024-12-24 09:00:00,23.76,10051,Germany,47.52,2024-12,2024-12-24
530206,SKU-001,Premium Coffee Beans,8,2024-12-01 10:59:00,14.5,10063,Netherlands,116.0,2024-12,2024-12-01
530206,SKU-002,Organic Green Tea,1,2024-08-14 19:41:00,9.17,10063,Netherlands,9.17,2024-08,2024-08-14
530206,SKU-010,Bluetooth Speaker,1,2024-03-17 22:18:00,45.36,10019,Italy,45.36,2024-03,2024-03-17
530207,SKU-007,Desk Lamp,1,2024-10-25 19:51:00,35.69,10120,Portugal,35.69,2024-10,2024-10-25
530207,SKU-008,Yoga Mat,2,2025-03-20 19:08:00,27.37,10042,France,54.74,2025-03,2025-03-20
530207,SKU-004,Reusable Bottle,1,2024-05-16 10:40:00,16.13,10041,Spain,16.13,2024-05,2024-05-16
530208,SKU-005,Notebook A5,2,2024-07-23 16:28:00,5.09,10102,Portugal,10.18,2024-07,2024-07-23
530208,SKU-007,Desk Lamp,1,2024-11-11 11:11:00,31.83,10078,Portugal,31.83,2024-11,2024-11-11
530208,SKU-010,Bluetooth Speaker,1,2024-06-11 19:02:00,43.49,10052,Spain,43.49,2024-06,2024-06-11
530209,SKU-010,Bluetooth Speaker,1,2024-03-08 10:45:00,42.6,10017,Italy,42.6,2024-03,2024-03-08
530209,SKU-008,Yoga Mat,1,2024-10-23 17:05:00,25.9,10105,Netherlands,25.9,2024-10,2024-10-23
530209,SKU-011,Cotton Tote Bag,6,2024-02-21 21:50:00,10.74,10078,Portugal,64.44,2024-02,2024-02-21
530210,SKU-005,Notebook A5,4,2024-05-24 13:26:00,5.3,10144,United Kingdom,21.2,2024-05,2024-05-24
530210,SKU-001,Premium Coffee Beans,2,2024-11-06 16:15:00,12.63,10030,Portugal,25.26,2024-11,2024-11-06
530210,SKU-004,Reusable Bottle,2,2024-08-17 09:33:00,16.7,10074,Netherlands,33.4,2024-08,2024-08-17
530211,SKU-002,Organic Green Tea,1,2024-10-09 17:23:00,8.15,10109,Italy,8.15,2024-10,2024-10-09
530211,SKU-009,Running Socks,6,2025-01-12 16:14:00,6.91,10078,Portugal,41.46,2025-01,2025-01-12
530211,SKU-008,Yoga Mat,1,2024-09-15 20:40:00,22.29,10047,Netherlands,22.29,2024-09,2024-09-15
530212,SKU-011,Cotton Tote Bag,1,2024-07-20 11:17:00,9.45,10076,Germany,9.45,2024-07,2024-07-20
530212,SKU-001,Premium Coffee Beans,2,2024-07-28 11:07:00,11.91,10145,United Kingdom,23.82,2024-07,2024-07-28
530212,SKU-003,Ceramic Mug,1,2024-09-16 18:54:00,7.98,10072,Portugal,7.98,2024-09,2024-09-16
530213,SKU-008,Yoga Mat,2,2024-09-17 15:11:00,27.16,10084,United Kingdom,54.32,2024-09,2024-09-17
530213,SKU-003,Ceramic Mug,1,2024-07-14 18:59:00,7.31,10140,France,7.31,2024-07,2024-07-14
530213,SKU-001,Premium Coffee Beans,2,2024-09-07 08:41:00,11.94,10032,Portugal,23.88,2024-09,2024-09-07
530214,SKU-006,Wireless Charger,1,2025-01-16 12:13:00,23.85,10034,Italy,23.85,2025-01,2025-01-16
530214,SKU-007,Desk Lamp,1,2024-09-25 12:21:00,31.87,10097,Germany,31.87,2024-09,2024-09-25
530214,SKU-010,Bluetooth Speaker,1,2024-09-05 20:56:00,43.83,10092,Italy,43.83,2024-09,2024-09-05
530215,SKU-008,Yoga Mat,6,2024-05-31 08:06:00,23.47,10051,Germany,140.82,2024-05,2024-05-31
530215,SKU-012,Phone Stand,4,2024-08-16 08:59:00,12.49,10070,Germany,49.96,2024-08,2024-08-16
530215,SKU-009,Running Socks,1,2024-08-09 10:10:00,6.83,10126,United Kingdom,6.83,2024-08,2024-08-09
530216,SKU-001,Premium Coffee Beans,1,2024-07-15 15:32:00,13.8,10120,Portugal,13.8,2024-07,2024-07-15
530216,SKU-002,Organic Green Tea,1,2024-09-17 09:57:00,8.07,10078,Portugal,8.07,2024-09,2024-09-17
530216,SKU-004,Reusable Bottle,1,2025-01-23 19:28:00,14.48,10063,Netherlands,14.48,2025-01,2025-01-23
530217,SKU-010,Bluetooth Speaker,2,2024-02-20 17:20:00,48.65,10127,United Kingdom,97.3,2024-02,2024-02-20
530217,SKU-007,Desk Lamp,10,2025-01-08 11:47:00,30.69,10010,Netherlands,306.9,2025-01,2025-01-08
530217,SKU-011,Cotton Tote Bag,1,2024-07-29 22:20:00,9.83,10043,United Kingdom,9.83,2024-07,2024-07-29
530218,SKU-004,Reusable Bottle,2,2024-05-23 20:07:00,16.67,10051,Germany,33.34,2024-05,2024-05-23
530218,SKU-006,Wireless Charger,1,2024-12-30 11:06:00,22.02,10116,United Kingdom,22.02,2024-12,2024-12-30
530218,SKU-004,Reusable Bottle,2,2024-08-27 19:26:00,15.63,10005,Spain,31.26,2024-08,2024-08-27
530219,SKU-004,Reusable Bottle,6,2024-10-13 14:57:00,16.37,10133,Germany,98.22,2024-10,2024-10-13
530219,SKU-004,Reusable Bottle,1,2024-11-13 09:30:00,15.12,10016,France,15.12,2024-11,2024-11-13
530219,SKU-010,Bluetooth Speaker,1,2024-10-05 15:03:00,42.58,10063,Netherlands,42.58,2024-10,2024-10-05
530220,SKU-007,Desk Lamp,1,2024-03-30 10:13:00,30.95,10085,Netherlands,30.95,2024-03,2024-03-30
530220,SKU-010,Bluetooth Speaker,4,2024-03-23 15:11:00,42.49,10040,Italy,169.96,2024-03,2024-03-23
530220,SKU-007,Desk Lamp,1,2024-03-16 13:08:00,28.41,10076,Germany,28.41,2024-03,2024-03-16
530221,SKU-008,Yoga Mat,2,2024-08-01 19:12:00,24.42,10146,Spain,48.84,2024-08,2024-08-01
530221,SKU-011,Cotton Tote Bag,1,2024-10-17 13:17:00,11.09,10044,Germany,11.09,2024-10,2024-10-17
530221,SKU-004,Reusable Bottle,3,2024-05-03 13:08:00,14.31,10032,Portugal,42.93,2024-05,2024-05-03
530222,SKU-001,Premium Coffee Beans,1,2025-02-02 19:36:00,13.09,10010,Netherlands,13.09,2025-02,2025-02-02
530222,SKU-001,Premium Coffee Beans,6,2025-01-12 12:08:00,14.04,10015,United Kingdom,84.24,2025-01,2025-01-12
530222,SKU-002,Organic Green Tea,1,2024-12-22 21:29:00,9.12,10140,France,9.12,2024-12,2024-12-22
530223,SKU-008,Yoga Mat,3,2024-07-27 14:10:00,26.25,10128,Netherlands,78.75,2024-07,2024-07-27
530223,SKU-006,Wireless Charger,1,2024-04-26 11:56:00,25.96,10043,United Kingdom,25.96,2024-04,2024-04-26
530223,SKU-005,Notebook A5,2,2024-08-09 17:10:00,6.16,10047,Netherlands,12.32,2024-08,2024-08-09
530224,SKU-011,Cotton Tote Bag,2,2024-12-31 17:57:00,9.99,10052,Spain,19.98,2024-12,2024-12-31
530224,SKU-003,Ceramic Mug,2,2025-01-30 17:35:00,7.84,10058,Italy,15.68,2025-01,2025-01-30
530224,SKU-004,Reusable Bottle,4,2024-08-08 09:26:00,15.66,10040,Italy,62.64,2024-08,2024-08-08
530225,SKU-009,Running Socks,1,2024-12-01 15:55:00,7.24,10120,Portugal,7.24,2024-12,2024-12-01
530225,SKU-004,Reusable Bottle,1,2024-08-17 17:30:00,16.62,10131,Germany,16.62,2024-08,2024-08-17
530225,SKU-008,Yoga Mat,1,2025-04-10 12:00:00,23.28,10005,Spain,23.28,2025-04,2025-04-10
530226,SKU-012,Phone Stand,1,2024-07-31 14:47:00,12.51,10146,Spain,12.51,2024-07,2024-07-31
530226,SKU-004,Reusable Bottle,2,2024-09-14 11:20:00,16.66,10092,Italy,33.32,2024-09,2024-09-14
530226,SKU-007,Desk Lamp,1,2024-05-19 17:14:00,33.04,10041,Spain,33.04,2024-05,2024-05-19
530227,SKU-010,Bluetooth Speaker,1,2024-08-30 10:58:00,40.8,10043,United Kingdom,40.8,2024-08,2024-08-30
530227,SKU-010,Bluetooth Speaker,2,2024-08-19 22:00:00,50.23,10016,France,100.46,2024-08,2024-08-19
530227,SKU-007,Desk Lamp,1,2024-10-08 08:02:00,29.09,10099,Netherlands,29.09,2024-10,2024-10-08
530228,SKU-008,Yoga Mat,10,2024-09-14 19:49:00,25.7,10110,France,257.0,2024-09,2024-09-14
530228,SKU-009,Running Socks,1,2024-12-31 08:27:00,6.5,10042,France,6.5,2024-12,2024-12-31
530228,SKU-009,Running Socks,1,2024-11-06 14:30:00,6.86,10043,United Kingdom,6.86,2024-11,2024-11-06
530229,SKU-012,Phone Stand,1,2024-08-03 21:06:00,12.39,10140,France,12.39,2024-08,2024-08-03
530229,SKU-008,Yoga Mat,2,2024-05-23 15:15:00,21.94,10040,Italy,43.88,2024-05,2024-05-23
530229,SKU-002,Organic Green Tea,5,2024-09-20 16:48:00,9.34,10020,Netherlands,46.7,2024-09,2024-09-20
530230,SKU-001,Premium Coffee Beans,2,2024-09-05 19:46:00,14.66,10051,Germany,29.32,2024-09,2024-09-05
530230,SKU-007,Desk Lamp,2,2024-03-17 11:08:00,32.68,10105,Netherlands,65.36,2024-03,2024-03-17
530230,SKU-006,Wireless Charger,5,2024-06-28 12:15:00,22.15,10066,Spain,110.75,2024-06,2024-06-28
530231,SKU-011,Cotton Tote Bag,1,2024-05-07 09:01:00,11.03,10061,Portugal,11.03,2024-05,2024-05-07
530231,SKU-008,Yoga Mat,4,2024-12-20 18:19:00,23.29,10078,Portugal,93.16,2024-12,2024-12-20
530231,SKU-003,Ceramic Mug,1,2025-02-01 19:29:00,7.21,10075,France,7.21,2025-02,2025-02-01
530232,SKU-010,Bluetooth Speaker,1,2024-08-27 19:37:00,43.33,10059,Germany,43.33,2024-08,2024-08-27
530232,SKU-001,Premium Coffee Beans,3,2024-12-22 15:29:00,12.59,10057,France,37.77,2024-12,2024-12-22
530232,SKU-003,Ceramic Mug,4,2024-03-22 21:45:00,8.08,10067,United Kingdom,32.32,2024-03,2024-03-22
530233,SKU-007,Desk Lamp,2,2024-09-28 10:50:00,32.7,10037,Italy,65.4,2024-09,2024-09-28
530233,SKU-006,Wireless Charger,1,2024-07-27 18:29:00,23.69,10126,United Kingdom,23.69,2024-07,2024-07-27
530233,SKU-012,Phone Stand,1,2024-12-09 18:00:00,11.5,10116,United Kingdom,11.5,2024-12,2024-12-09
530234,SKU-011,Cotton Tote Bag,2,2024-04-16 09:24:00,10.18,10032,Portugal,20.36,2024-04,2024-04-16
530234,SKU-012,Phone Stand,1,2024-10-03 13:33:00,11.95,10013,Italy,11.95,2024-10,2024-10-03
530234,SKU-001,Premium Coffee Beans,1,2024-06-17 12:27:00,13.08,10061,Portugal,13.08,2024-06,2024-06-17
530235,SKU-005,Notebook A5,3,2024-05-14 19:39:00,4.9,10143,Italy,14.7,2024-05,2024-05-14
530235,SKU-009,Running Socks,2,2024-09-16 17:50:00,7.56,10140,France,15.12,2024-09,2024-09-16
530235,SKU-004,Reusable Bottle,1,2025-03-13 20:43:00,16.02,10051,Germany,16.02,2025-03,2025-03-13
530236,SKU-002,Organic Green Tea,1,2024-06-08 17:56:00,9.28,10026,France,9.28,2024-06,2024-06-08
530236,SKU-006,Wireless Charger,1,2025-02-20 19:59:00,21.58,10047,Netherlands,21.58,2025-02,2025-02-20
530236,SKU-001,Premium Coffee Beans,1,2024-06-20 16:58:00,12.97,10003,Portugal,12.97,2024-06,2024-06-20
530237,SKU-011,Cotton Tote Bag,4,2024-08-26 13:56:00,9.93,10138,France,39.72,2024-08,2024-08-26
530237,SKU-001,Premium Coffee Beans,1,2024-03-21 09:24:00,14.64,10077,United Kingdom,14.64,2024-03,2024-03-21
530237,SKU-006,Wireless Charger,1,2024-08-31 15:39:00,23.42,10032,Portugal,23.42,2024-08,2024-08-31
530238,SKU-001,Premium Coffee Beans,1,2024-08-05 13:23:00,13.82,10005,Spain,13.82,2024-08,2024-08-05
530238,SKU-003,Ceramic Mug,1,2024-09-21 18:35:00,8.08,10040,Italy,8.08,2024-09,2024-09-21
530238,SKU-012,Phone Stand,1,2024-09-04 09:35:00,12.5,10051,Germany,12.5,2024-09,2024-09-04
530239,SKU-012,Phone Stand,1,2024-02-17 20:13:00,10.45,10019,Italy,10.45,2024-02,2024-02-17
530239,SKU-003,Ceramic Mug,1,2024-12-26 13:15:00,7.56,10068,Netherlands,7.56,2024-12,2024-12-26
530239,SKU-009,Running Socks,1,2024-09-06 09:41:00,6.28,10064,Portugal,6.28,2024-09,2024-09-06
530240,SKU-008,Yoga Mat,10,2024-05-30 19:48:00,22.32,10131,Germany,223.2,2024-05,2024-05-30
530240,SKU-010,Bluetooth Speaker,2,2024-10-21 21:44:00,50.04,10024,Germany,100.08,2024-10,2024-10-21
530240,SKU-004,Reusable Bottle,1,2024-10-07 20:47:00,16.08,10106,France,16.08,2024-10,2024-10-07
530241,SKU-004,Reusable Bottle,1,2024-10-16 13:22:00,15.59,10071,France,15.59,2024-10,2024-10-16
530241,SKU-005,Notebook A5,2,2024-11-08 16:43:00,5.73,10090,Spain,11.46,2024-11,2024-11-08
530241,SKU-007,Desk Lamp,2,2024-08-25 12:03:00,30.25,10073,France,60.5,2024-08,2024-08-25
530242,SKU-002,Organic Green Tea,2,2024-09-30 13:22:00,9.72,10000,Netherlands,19.44,2024-09,2024-09-30
530242,SKU-008,Yoga Mat,1,2024-06-07 15:32:00,22.02,10055,Netherlands,22.02,2024-06,2024-06-07
530242,SKU-009,Running Socks,1,2024-10-05 21:07:00,7.4,10109,Italy,7.4,2024-10,2024-10-05
530243,SKU-008,Yoga Mat,4,2024-08-23 19:34:00,23.31,10067,United Kingdom,93.24,2024-08,2024-08-23
530243,SKU-011,Cotton Tote Bag,4,2024-05-23 21:34:00,8.97,10131,Germany,35.88,2024-05,2024-05-23
530243,SKU-005,Notebook A5,1,2025-03-17 15:39:00,5.61,10016,France,5.61,2025-03,2025-03-17
530244,SKU-006,Wireless Charger,4,2024-08-25 20:43:00,22.41,10057,France,89.64,2024-08,2024-08-25
530244,SKU-012,Phone Stand,3,2024-12-26 20:56:00,11.82,10141,Spain,35.46,2024-12,2024-12-26
530244,SKU-002,Organic Green Tea,1,2024-09-26 11:57:00,9.74,10110,France,9.74,2024-09,2024-09-26
530245,SKU-008,Yoga Mat,3,2024-09-04 09:05:00,21.84,10047,Netherlands,65.52,2024-09,2024-09-04
530245,SKU-007,Desk Lamp,1,2024-10-12 22:11:00,29.02,10108,Germany,29.02,2024-10,2024-10-12
530245,SKU-005,Notebook A5,1,2024-06-17 09:06:00,5.03,10142,Netherlands,5.03,2024-06,2024-06-17
530246,SKU-003,Ceramic Mug,2,2024-11-16 12:07:00,7.38,10142,Netherlands,14.76,2024-11,2024-11-16
530246,SKU-012,Phone Stand,1,2024-09-22 10:31:00,11.06,10068,Netherlands,11.06,2024-09,2024-09-22
530246,SKU-003,Ceramic Mug,3,2024-08-15 21:13:00,6.75,10146,Spain,20.25,2024-08,2024-08-15
530247,SKU-009,Running Socks,1,2024-06-02 18:01:00,6.57,10110,France,6.57,2024-06,2024-06-02
530247,SKU-005,Notebook A5,3,2024-07-17 14:43:00,4.97,10077,United Kingdom,14.91,2024-07,2024-07-17
530247,SKU-009,Running Socks,2,2024-06-15 22:08:00,6.59,10065,Netherlands,13.18,2024-06,2024-06-15
530248,SKU-008,Yoga Mat,6,2025-04-10 13:26:00,26.45,10143,Italy,158.7,2025-04,2025-04-10
530248,SKU-008,Yoga Mat,1,2024-07-25 19:41:00,23.51,10032,Portugal,23.51,2024-07,2024-07-25
530248,SKU-001,Premium Coffee Beans,3,2024-11-10 12:12:00,12.21,10144,United Kingdom,36.63,2024-11,2024-11-10
530249,SKU-002,Organic Green Tea,3,2024-05-23 08:55:00,9.5,10136,Italy,28.5,2024-05,2024-05-23
530249,SKU-004,Reusable Bottle,1,2024-10-19 21:33:00,15.95,10044,Germany,15.95,2024-10,2024-10-19
530249,SKU-011,Cotton Tote Bag,1,2025-04-15 13:26:00,10.59,10017,Italy,10.59,2025-04,2025-04-15
530250,SKU-010,Bluetooth Speaker,1,2024-04-09 13:41:00,43.62,10102,Portugal,43.62,2024-04,2024-04-09
530250,SKU-011,Cotton Tote Bag,1,2024-06-04 20:20:00,10.33,10043,United Kingdom,10.33,2024-06,2024-06-04
530250,SKU-008,Yoga Mat,3,2024-05-31 17:42:00,24.39,10051,Germany,73.17,2024-05,2024-05-31
530251,SKU-012,Phone Stand,1,2024-03-24 16:53:00,13.16,10004,United Kingdom,13.16,2024-03,2024-03-24
530251,SKU-009,Running Socks,1,2024-04-14 15:29:00,7.23,10110,France,7.23,2024-04,2024-04-14
530251,SKU-005,Notebook A5,1,2024-09-24 17:08:00,5.96,10107,France,5.96,2024-09,2024-09-24
530252,SKU-005,Notebook A5,3,2025-01-12 10:50:00,6.13,10109,Italy,18.39,2025-01,2025-01-12
530252,SKU-005,Notebook A5,2,2024-12-04 11:30:00,5.8,10061,Portugal,11.6,2024-12,2024-12-04
530252,SKU-006,Wireless Charger,1,2024-07-29 12:49:00,22.22,10147,Italy,22.22,2024-07,2024-07-29
530253,SKU-001,Premium Coffee Beans,1,2024-11-05 10:22:00,11.88,10043,United Kingdom,11.88,2024-11,2024-11-05
530253,SKU-005,Notebook A5,2,2024-06-26 15:10:00,5.2,10105,Netherlands,10.4,2024-06,2024-06-26
530253,SKU-010,Bluetooth Speaker,2,2025-01-10 22:10:00,50.09,10085,Netherlands,100.18,2025-01,2025-01-10
530254,SKU-012,Phone Stand,2,2025-01-28 16:18:00,12.67,10144,United Kingdom,25.34,2025-01,2025-01-28
530254,SKU-003,Ceramic Mug,1,2025-03-10 10:53:00,7.33,10131,Germany,7.33,2025-03,2025-03-10
530254,SKU-012,Phone Stand,1,2024-08-10 19:57:00,11.13,10112,United Kingdom,11.13,2024-08,2024-08-10
530255,SKU-011,Cotton Tote Bag,1,2024-12-10 20:09:00,8.93,10047,Netherlands,8.93,2024-12,2024-12-10
530255,SKU-003,Ceramic Mug,1,2024-09-30 11:07:00,6.94,10051,Germany,6.94,2024-09,2024-09-30
530255,SKU-001,Premium Coffee Beans,1,2024-10-18 13:36:00,12.0,10043,United Kingdom,12.0,2024-10,2024-10-18
530256,SKU-003,Ceramic Mug,1,2025-03-18 15:16:00,7.19,10031,France,7.19,2025-03,2025-03-18
530256,SKU-006,Wireless Charger,1,2024-09-04 10:13:00,21.03,10083,Spain,21.03,2024-09,2024-09-04
530256,SKU-009,Running Socks,1,2024-08-11 19:02:00,6.45,10009,Italy,6.45,2024-08,2024-08-11
530257,SKU-011,Cotton Tote Bag,10,2024-08-10 13:22:00,10.46,10098,Spain,104.6,2024-08,2024-08-10
530257,SKU-003,Ceramic Mug,3,2024-08-28 13:28:00,7.81,10144,United Kingdom,23.43,2024-08,2024-08-28
530257,SKU-009,Running Socks,1,2024-07-05 10:34:00,6.49,10021,Portugal,6.49,2024-07,2024-07-05
530258,SKU-005,Notebook A5,1,2024-11-02 09:58:00,5.48,10063,Netherlands,5.48,2024-11,2024-11-02
530258,SKU-001,Premium Coffee Beans,1,2024-05-12 14:59:00,13.49,10074,Netherlands,13.49,2024-05,2024-05-12
530258,SKU-008,Yoga Mat,1,2024-07-07 20:09:00,26.82,10146,Spain,26.82,2024-07,2024-07-07
530259,SKU-008,Yoga Mat,4,2024-09-13 22:20:00,24.05,10013,Italy,96.2,2024-09,2024-09-13
530259,SKU-003,Ceramic Mug,1,2024-07-14 08:47:00,8.07,10050,Italy,8.07,2024-07,2024-07-14
530259,SKU-009,Running Socks,2,2024-12-07 16:21:00,6.65,10101,Germany,13.3,2024-12,2024-12-07
530260,SKU-011,Cotton Tote Bag,1,2024-12-01 19:18:00,9.68,10084,United Kingdom,9.68,2024-12,2024-12-01
530260,SKU-008,Yoga Mat,4,2024-08-12 22:18:00,22.0,10090,Spain,88.0,2024-08,2024-08-12
530260,SKU-010,Bluetooth Speaker,1,2024-10-24 18:09:00,51.2,10072,Portugal,51.2,2024-10,2024-10-24
530261,SKU-010,Bluetooth Speaker,1,2024-10-19 19:58:00,41.66,10068,Netherlands,41.66,2024-10,2024-10-19
530261,SKU-008,Yoga Mat,5,2024-10-23 13:44:00,21.68,10043,United Kingdom,108.4,2024-10,2024-10-23
530261,SKU-002,Organic Green Tea,2,2024-11-24 19:30:00,9.43,10035,Spain,18.86,2024-11,2024-11-24
530262,SKU-001,Premium Coffee Beans,5,2024-09-20 10:43:00,13.86,10047,Netherlands,69.3,2024-09,2024-09-20
530262,SKU-009,Running Socks,1,2025-03-08 09:19:00,6.42,10082,Italy,6.42,2025-03,2025-03-08
530262,SKU-001,Premium Coffee Beans,3,2024-10-08 14:39:00,14.31,10043,United Kingdom,42.93,2024-10,2024-10-08
530263,SKU-004,Reusable Bottle,1,2025-02-05 15:22:00,13.64,10072,Portugal,13.64,2025-02,2025-02-05
530263,SKU-002,Organic Green Tea,1,2024-12-28 13:03:00,7.95,10126,United Kingdom,7.95,2024-12,2024-12-28
530263,SKU-010,Bluetooth Speaker,4,2024-08-31 18:12:00,48.9,10078,Portugal,195.6,2024-08,2024-08-31
530264,SKU-010,Bluetooth Speaker,2,2025-02-07 16:14:00,45.53,10114,Italy,91.06,2025-02,2025-02-07
530264,SKU-005,Notebook A5,1,2024-06-24 11:01:00,5.05,10030,Portugal,5.05,2024-06,2024-06-24
530264,SKU-002,Organic Green Tea,1,2024-03-10 16:54:00,7.73,10078,Portugal,7.73,2024-03,2024-03-10
530265,SKU-008,Yoga Mat,2,2024-07-30 18:42:00,26.97,10120,Portugal,53.94,2024-07,2024-07-30
530265,SKU-002,Organic Green Tea,8,2024-10-07 16:25:00,8.04,10013,Italy,64.32,2024-10,2024-10-07
530265,SKU-004,Reusable Bottle,2,2024-08-19 15:20:00,16.73,10097,Germany,33.46,2024-08,2024-08-19
530266,SKU-010,Bluetooth Speaker,1,2024-04-18 17:32:00,42.87,10026,France,42.87,2024-04,2024-04-18
530266,SKU-001,Premium Coffee Beans,5,2024-04-08 22:42:00,12.99,10042,France,64.95,2024-04,2024-04-08
530266,SKU-006,Wireless Charger,4,2025-04-28 14:09:00,24.92,10074,Netherlands,99.68,2025-04,2025-04-28
530267,SKU-012,Phone Stand,3,2025-03-08 21:27:00,12.38,10145,United Kingdom,37.14,2025-03,2025-03-08
530267,SKU-006,Wireless Charger,1,2024-10-16 14:23:00,22.62,10015,United Kingdom,22.62,2024-10,2024-10-16
530267,SKU-001,Premium Coffee Beans,2,2025-02-12 12:22:00,11.72,10044,Germany,23.44,2025-02,2025-02-12
530268,SKU-006,Wireless Charger,2,2025-03-08 12:28:00,25.94,10109,Italy,51.88,2025-03,2025-03-08
530268,SKU-009,Running Socks,2,2024-06-08 09:13:00,7.15,10108,Germany,14.3,2024-06,2024-06-08
530268,SKU-012,Phone Stand,4,2024-12-03 22:28:00,10.91,10108,Germany,43.64,2024-12,2024-12-03
530269,SKU-012,Phone Stand,1,2024-02-03 14:51:00,10.93,10084,United Kingdom,10.93,2024-02,2024-02-03
530269,SKU-008,Yoga Mat,3,2024-06-28 12:10:00,23.31,10020,Netherlands,69.93,2024-06,2024-06-28
530269,SKU-012,Phone Stand,1,2024-02-04 22:27:00,11.17,10144,United Kingdom,11.17,2024-02,2024-02-04
530270,SKU-012,Phone Stand,1,2024-04-08 22:26:00,12.06,10020,Netherlands,12.06,2024-04,2024-04-08
530270,SKU-003,Ceramic Mug,1,2025-01-03 21:37:00,7.24,10032,Portugal,7.24,2025-01,2025-01-03
530270,SKU-010,Bluetooth Speaker,1,2024-08-11 09:09:00,48.94,10138,France,48.94,2024-08,2024-08-11
530271,SKU-004,Reusable Bottle,1,2024-10-18 12:30:00,15.33,10014,United Kingdom,15.33,2024-10,2024-10-18
530271,SKU-009,Running Socks,5,2024-08-08 13:04:00,7.24,10110,France,36.2,2024-08,2024-08-08
530271,SKU-010,Bluetooth Speaker,8,2024-12-20 20:24:00,50.76,10069,Spain,406.08,2024-12,2024-12-20
530272,SKU-002,Organic Green Tea,2,2024-07-01 08:26:00,8.09,10043,United Kingdom,16.18,2024-07,2024-07-01
530272,SKU-011,Cotton Tote Bag,1,2025-03-10 22:17:00,9.28,10141,Spain,9.28,2025-03,2025-03-10
530272,SKU-007,Desk Lamp,1,2024-07-28 10:35:00,30.06,10118,Spain,30.06,2024-07,2024-07-28
530273,SKU-008,Yoga Mat,1,2024-10-20 19:36:00,21.69,10078,Portugal,21.69,2024-10,2024-10-20
530273,SKU-003,Ceramic Mug,1,2024-08-16 11:11:00,7.95,10013,Italy,7.95,2024-08,2024-08-16
530273,SKU-007,Desk Lamp,1,2024-09-26 12:35:00,34.4,10130,Portugal,34.4,2024-09,2024-09-26
530274,SKU-008,Yoga Mat,1,2024-09-13 08:52:00,22.41,10046,Germany,22.41,2024-09,2024-09-13
530274,SKU-005,Notebook A5,1,2024-10-11 21:37:00,4.96,10007,Germany,4.96,2024-10,2024-10-11
530274,SKU-005,Notebook A5,1,2024-04-08 15:35:00,5.12,10032,Portugal,5.12,2024-04,2024-04-08
530275,SKU-012,Phone Stand,1,2024-10-18 15:14:00,11.46,10137,Netherlands,11.46,2024-10,2024-10-18
530275,SKU-001,Premium Coffee Beans,2,2024-06-16 20:00:00,14.34,10096,Portugal,28.68,2024-06,2024-06-16
530275,SKU-003,Ceramic Mug,3,2024-08-13 12:19:00,8.25,10069,Spain,24.75,2024-08,2024-08-13
530276,SKU-011,Cotton Tote Bag,6,2024-09-10 21:40:00,10.08,10109,Italy,60.48,2024-09,2024-09-10
530276,SKU-008,Yoga Mat,4,2025-03-09 09:41:00,23.55,10106,France,94.2,2025-03,2025-03-09
530276,SKU-011,Cotton Tote Bag,1,2024-09-18 22:18:00,9.36,10112,United Kingdom,9.36,2024-09,2024-09-18
530277,SKU-007,Desk Lamp,5,2024-05-15 10:31:00,33.33,10053,Netherlands,166.65,2024-05,2024-05-15
530277,SKU-012,Phone Stand,1,2024-07-20 18:15:00,11.97,10081,Germany,11.97,2024-07,2024-07-20
530277,SKU-001,Premium Coffee Beans,3,2025-03-17 09:48:00,12.3,10032,Portugal,36.9,2025-03,2025-03-17
530278,SKU-005,Notebook A5,1,2024-11-18 15:04:00,5.24,10032,Portugal,5.24,2024-11,2024-11-18
530278,SKU-010,Bluetooth Speaker,2,2025-03-02 19:23:00,44.9,10006,Spain,89.8,2025-03,2025-03-02
530278,SKU-010,Bluetooth Speaker,6,2024-10-31 15:36:00,48.59,10063,Netherlands,291.54,2024-10,2024-10-31
530279,SKU-007,Desk Lamp,6,2024-10-29 21:16:00,35.4,10078,Portugal,212.4,2024-10,2024-10-29
530279,SKU-011,Cotton Tote Bag,2,2024-07-09 18:30:00,9.66,10099,Netherlands,19.32,2024-07,2024-07-09
530279,SKU-012,Phone Stand,1,2024-09-23 21:07:00,11.07,10110,France,11.07,2024-09,2024-09-23
530280,SKU-006,Wireless Charger,1,2024-12-19 16:46:00,24.06,10117,Portugal,24.06,2024-12,2024-12-19
530280,SKU-010,Bluetooth Speaker,2,2024-07-06 08:54:00,44.14,10032,Portugal,88.28,2024-07,2024-07-06
530280,SKU-005,Notebook A5,1,2025-04-03 10:37:00,4.9,10053,Netherlands,4.9,2025-04,2025-04-03
530281,SKU-001,Premium Coffee Beans,1,2024-10-16 10:20:00,12.76,10094,Italy,12.76,2024-10,2024-10-16
530281,SKU-008,Yoga Mat,2,2024-10-30 22:44:00,22.28,10096,Portugal,44.56,2024-10,2024-10-30
530281,SKU-003,Ceramic Mug,1,2024-03-01 13:10:00,7.23,10092,Italy,7.23,2024-03,2024-03-01
530282,SKU-001,Premium Coffee Beans,1,2024-11-03 12:23:00,12.61,10063,Netherlands,12.61,2024-11,2024-11-03
530282,SKU-007,Desk Lamp,1,2024-10-29 18:58:00,32.82,10051,Germany,32.82,2024-10,2024-10-29
530282,SKU-006,Wireless Charger,2,2024-09-16 08:18:00,23.3,10053,Netherlands,46.6,2024-09,2024-09-16
530283,SKU-005,Notebook A5,2,2024-10-20 16:40:00,5.25,10071,France,10.5,2024-10,2024-10-20
530283,SKU-002,Organic Green Tea,1,2024-10-14 16:12:00,9.5,10024,Germany,9.5,2024-10,2024-10-14
530283,SKU-011,Cotton Tote Bag,1,2024-11-21 10:48:00,10.97,10061,Portugal,10.97,2024-11,2024-11-21
530284,SKU-002,Organic Green Tea,2,2025-01-03 17:48:00,7.68,10130,Portugal,15.36,2025-01,2025-01-03
530284,SKU-003,Ceramic Mug,1,2024-11-06 16:20:00,6.61,10019,Italy,6.61,2024-11,2024-11-06
530284,SKU-006,Wireless Charger,1,2024-07-16 21:54:00,25.59,10069,Spain,25.59,2024-07,2024-07-16
530285,SKU-011,Cotton Tote Bag,1,2024-11-27 20:19:00,8.99,10029,Italy,8.99,2024-11,2024-11-27
530285,SKU-005,Notebook A5,3,2025-02-11 18:44:00,6.04,10096,Portugal,18.12,2025-02,2025-02-11
530285,SKU-012,Phone Stand,2,2024-04-08 13:06:00,11.09,10051,Germany,22.18,2024-04,2024-04-08
530286,SKU-009,Running Socks,1,2025-01-10 17:22:00,6.81,10017,Italy,6.81,2025-01,2025-01-10
530286,SKU-003,Ceramic Mug,1,2024-08-27 08:08:00,8.23,10078,Portugal,8.23,2024-08,2024-08-27
530286,SKU-009,Running Socks,2,2024-08-17 12:23:00,6.32,10047,Netherlands,12.64,2024-08,2024-08-17
530287,SKU-008,Yoga Mat,3,2024-04-21 14:21:00,22.02,10068,Netherlands,66.06,2024-04,2024-04-21
530287,SKU-003,Ceramic Mug,2,2024-11-10 09:13:00,7.5,10026,France,15.0,2024-11,2024-11-10
530287,SKU-003,Ceramic Mug,4,2024-11-25 16:14:00,7.94,10066,Spain,31.76,2024-11,2024-11-25
530288,SKU-004,Reusable Bottle,2,2024-08-27 20:57:00,16.74,10116,United Kingdom,33.48,2024-08,2024-08-27
530288,SKU-009,Running Socks,1,2024-03-21 17:44:00,7.86,10140,France,7.86,2024-03,2024-03-21
530288,SKU-009,Running Socks,4,2024-08-08 21:34:00,6.42,10045,Italy,25.68,2024-08,2024-08-08
530289,SKU-012,Phone Stand,1,2024-06-25 16:44:00,11.75,10015,United Kingdom,11.75,2024-06,2024-06-25
530289,SKU-002,Organic Green Tea,8,2024-08-22 14:29:00,8.75,10099,Netherlands,70.0,2024-08,2024-08-22
530289,SKU-002,Organic Green Tea,2,2024-09-11 09:52:00,7.67,10073,France,15.34,2024-09,2024-09-11
530290,SKU-003,Ceramic Mug,1,2024-04-22 22:01:00,7.75,10000,Netherlands,7.75,2024-04,2024-04-22
530290,SKU-008,Yoga Mat,4,2025-02-09 13:19:00,27.46,10035,Spain,109.84,2025-02,2025-02-09
530290,SKU-012,Phone Stand,1,2024-09-09 13:08:00,10.85,10141,Spain,10.85,2024-09,2024-09-09
530291,SKU-008,Yoga Mat,4,2024-12-29 22:38:00,24.2,10114,Italy,96.8,2024-12,2024-12-29
530291,SKU-009,Running Socks,1,2024-03-11 20:21:00,7.51,10107,France,7.51,2024-03,2024-03-11
530291,SKU-003,Ceramic Mug,10,2024-04-20 19:19:00,8.02,10063,Netherlands,80.2,2024-04,2024-04-20
530292,SKU-001,Premium Coffee Beans,3,2024-12-14 19:52:00,14.56,10068,Netherlands,43.68,2024-12,2024-12-14
530292,SKU-002,Organic Green Tea,5,2024-05-17 11:08:00,7.82,10047,Netherlands,39.1,2024-05,2024-05-17
530292,SKU-012,Phone Stand,3,2024-08-31 10:44:00,12.73,10063,Netherlands,38.19,2024-08,2024-08-31
530293,SKU-004,Reusable Bottle,1,2025-02-24 12:08:00,13.73,10102,Portugal,13.73,2025-02,2025-02-24
530293,SKU-004,Reusable Bottle,1,2024-09-07 10:05:00,15.08,10132,Italy,15.08,2024-09,2024-09-07
530293,SKU-007,Desk Lamp,1,2024-06-04 19:48:00,29.96,10029,Italy,29.96,2024-06,2024-06-04
530294,SKU-002,Organic Green Tea,1,2024-12-07 09:01:00,8.86,10032,Portugal,8.86,2024-12,2024-12-07
530294,SKU-008,Yoga Mat,2,2024-10-29 20:27:00,25.61,10131,Germany,51.22,2024-10,2024-10-29
530294,SKU-001,Premium Coffee Beans,2,2024-04-03 11:06:00,14.38,10064,Portugal,28.76,2024-04,2024-04-03
530295,SKU-001,Premium Coffee Beans,1,2024-11-25 20:42:00,11.65,10109,Italy,11.65,2024-11,2024-11-25
530295,SKU-009,Running Socks,1,2024-11-30 17:03:00,7.51,10037,Italy,7.51,2024-11,2024-11-30
530295,SKU-008,Yoga Mat,1,2024-09-07 09:58:00,25.83,10116,United Kingdom,25.83,2024-09,2024-09-07
530296,SKU-005,Notebook A5,2,2024-04-12 08:04:00,5.1,10026,France,10.2,2024-04,2024-04-12
530296,SKU-005,Notebook A5,2,2024-05-15 18:00:00,5.11,10068,Netherlands,10.22,2024-05,2024-05-15
530296,SKU-002,Organic Green Tea,1,2024-06-17 20:07:00,8.49,10035,Spain,8.49,2024-06,2024-06-17
530297,SKU-010,Bluetooth Speaker,1,2024-11-28 11:37:00,48.59,10091,France,48.59,2024-11,2024-11-28
530297,SKU-004,Reusable Bottle,1,2025-01-11 10:42:00,13.8,10021,Portugal,13.8,2025-01,2025-01-11
530297,SKU-006,Wireless Charger,1,2024-10-11 08:05:00,23.94,10026,France,23.94,2024-10,2024-10-11
530298,SKU-003,Ceramic Mug,4,2024-08-14 21:47:00,7.15,10146,Spain,28.6,2024-08,2024-08-14
530298,SKU-005,Notebook A5,1,2024-05-11 17:22:00,5.04,10047,Netherlands,5.04,2024-05,2024-05-11
530298,SKU-006,Wireless Charger,1,2024-07-14 10:54:00,26.12,10020,Netherlands,26.12,2024-07,2024-07-14
530299,SKU-009,Running Socks,8,2024-08-03 20:46:00,7.0,10078,Portugal,56.0,2024-08,2024-08-03
530299,SKU-010,Bluetooth Speaker,1,2024-05-13 11:32:00,51.13,10051,Germany,51.13,2024-05,2024-05-13
530299,SKU-010,Bluetooth Speaker,1,2024-05-17 09:06:00,45.26,10146,Spain,45.26,2024-05,2024-05-17
530300,SKU-010,Bluetooth Speaker,1,2024-05-07 20:00:00,45.64,10032,Portugal,45.64,2024-05,2024-05-07
530300,SKU-009,Running Socks,1,2024-04-18 11:45:00,6.95,10044,Germany,6.95,2024-04,2024-04-18
530300,SKU-004,Reusable Bottle,1,2025-01-10 12:10:00,16.66,10146,Spain,16.66,2025-01,2025-01-10
530301,SKU-009,Running Socks,3,2024-10-20 08:46:00,7.69,10143,Italy,23.07,2024-10,2024-10-20
530301,SKU-002,Organic Green Tea,1,2025-04-08 22:13:00,9.29,10014,United Kingdom,9.29,2025-04,2025-04-08
530301,SKU-009,Running Socks,2,2025-01-09 21:45:00,7.43,10144,United Kingdom,14.86,2025-01,2025-01-09
530302,SKU-008,Yoga Mat,2,2025-02-06 13:44:00,26.55,10107,France,53.1,2025-02,2025-02-06
530302,SKU-010,Bluetooth Speaker,2,2024-07-14 10:28:00,40.9,10121,United Kingdom,81.8,2024-07,2024-07-14
530302,SKU-011,Cotton Tote Bag,2,2024-07-12 09:11:00,9.28,10140,France,18.56,2024-07,2024-07-12
530303,SKU-006,Wireless Charger,3,2024-12-13 14:27:00,24.3,10120,Portugal,72.9,2024-12,2024-12-13
530303,SKU-004,Reusable Bottle,1,2024-02-02 16:14:00,16.63,10055,Netherlands,16.63,2024-02,2024-02-02
530303,SKU-007,Desk Lamp,2,2024-09-08 09:48:00,32.5,10016,France,65.0,2024-09,2024-09-08
530304,SKU-006,Wireless Charger,1,2024-11-27 09:29:00,20.91,10140,France,20.91,2024-11,2024-11-27
530304,SKU-002,Organic Green Tea,1,2024-03-29 16:08:00,9.33,10010,Netherlands,9.33,2024-03,2024-03-29
530304,SKU-008,Yoga Mat,1,2024-03-12 20:23:00,25.28,10073,France,25.28,2024-03,2024-03-12
530305,SKU-012,Phone Stand,1,2024-09-21 12:35:00,12.65,10114,Italy,12.65,2024-09,2024-09-21
530305,SKU-012,Phone Stand,1,2024-10-07 08:05:00,12.16,10084,United Kingdom,12.16,2024-10,2024-10-07
530305,SKU-006,Wireless Charger,2,2025-03-13 15:07:00,21.74,10103,Netherlands,43.48,2025-03,2025-03-13
530306,SKU-007,Desk Lamp,2,2024-10-24 12:29:00,29.13,10143,Italy,58.26,2024-10,2024-10-24
530306,SKU-010,Bluetooth Speaker,2,2024-11-04 19:19:00,40.95,10058,Italy,81.9,2024-11,2024-11-04
530306,SKU-011,Cotton Tote Bag,1,2025-04-22 21:28:00,11.13,10075,France,11.13,2025-04,2025-04-22
530307,SKU-004,Reusable Bottle,3,2025-02-03 16:26:00,14.83,10006,Spain,44.49,2025-02,2025-02-03
530307,SKU-005,Notebook A5,1,2024-10-19 21:27:00,5.32,10101,Germany,5.32,2024-10,2024-10-19
530307,SKU-004,Reusable Bottle,1,2024-05-14 21:04:00,16.62,10051,Germany,16.62,2024-05,2024-05-14
530308,SKU-008,Yoga Mat,1,2025-01-19 18:23:00,24.58,10053,Netherlands,24.58,2025-01,2025-01-19
530308,SKU-003,Ceramic Mug,6,2025-01-16 08:43:00,6.79,10075,France,40.74,2025-01,2025-01-16
530308,SKU-008,Yoga Mat,6,2024-08-03 18:06:00,23.83,10068,Netherlands,142.98,2024-08,2024-08-03
530309,SKU-007,Desk Lamp,1,2024-11-15 15:33:00,34.41,10033,Germany,34.41,2024-11,2024-11-15
530309,SKU-011,Cotton Tote Bag,2,2024-06-23 18:05:00,9.01,10144,United Kingdom,18.02,2024-06,2024-06-23
530309,SKU-002,Organic Green Tea,1,2024-07-16 10:25:00,9.58,10146,Spain,9.58,2024-07,2024-07-16
530310,SKU-007,Desk Lamp,1,2025-01-17 19:37:00,36.17,10078,Portugal,36.17,2025-01,2025-01-17
530310,SKU-002,Organic Green Tea,4,2024-08-08 19:59:00,8.76,10016,France,35.04,2024-08,2024-08-08
530310,SKU-003,Ceramic Mug,6,2024-06-30 09:23:00,6.86,10138,France,41.16,2024-06,2024-06-30
530311,SKU-004,Reusable Bottle,2,2024-02-11 13:12:00,15.04,10015,United Kingdom,30.08,2024-02,2024-02-11
530311,SKU-010,Bluetooth Speaker,1,2024-03-11 21:25:00,49.9,10014,United Kingdom,49.9,2024-03,2024-03-11
530311,SKU-002,Organic Green Tea,1,2025-01-07 11:53:00,9.24,10036,United Kingdom,9.24,2025-01,2025-01-07
530312,SKU-007,Desk Lamp,1,2024-11-07 19:31:00,31.43,10037,Italy,31.43,2024-11,2024-11-07
530312,SKU-005,Notebook A5,1,2024-07-26 20:45:00,5.47,10108,Germany,5.47,2024-07,2024-07-26
530312,SKU-010,Bluetooth Speaker,4,2024-03-19 17:17:00,46.4,10106,France,185.6,2024-03,2024-03-19
530313,SKU-011,Cotton Tote Bag,1,2025-01-15 14:22:00,9.8,10008,United Kingdom,9.8,2025-01,2025-01-15
530313,SKU-008,Yoga Mat,2,2025-02-13 18:38:00,26.14,10140,France,52.28,2025-02,2025-02-13
530313,SKU-007,Desk Lamp,1,2024-08-09 15:32:00,29.69,10019,Italy,29.69,2024-08,2024-08-09
530314,SKU-005,Notebook A5,1,2025-03-02 10:49:00,5.45,10069,Spain,5.45,2025-03,2025-03-02
530314,SKU-008,Yoga Mat,5,2025-01-10 09:07:00,22.85,10110,France,114.25,2025-01,2025-01-10
530314,SKU-005,Notebook A5,1,2024-08-11 15:31:00,5.35,10069,Spain,5.35,2024-08,2024-08-11
530315,SKU-004,Reusable Bottle,1,2024-09-12 18:08:00,17.18,10119,Spain,17.18,2024-09,2024-09-12
530315,SKU-001,Premium Coffee Beans,1,2024-11-27 09:47:00,12.1,10012,Portugal,12.1,2024-11,2024-11-27
530315,SKU-001,Premium Coffee Beans,1,2025-01-06 21:04:00,12.66,10084,United Kingdom,12.66,2025-01,2025-01-06
530316,SKU-008,Yoga Mat,2,2024-05-31 18:01:00,23.31,10051,Germany,46.62,2024-05,2024-05-31
530316,SKU-003,Ceramic Mug,1,2024-09-13 14:38:00,7.56,10062,Portugal,7.56,2024-09,2024-09-13
530316,SKU-011,Cotton Tote Bag,2,2024-07-15 13:09:00,9.22,10078,Portugal,18.44,2024-07,2024-07-15
530317,SKU-005,Notebook A5,3,2024-06-28 17:39:00,5.41,10108,Germany,16.23,2024-06,2024-06-28
530317,SKU-002,Organic Green Tea,2,2024-10-20 20:04:00,7.74,10069,Spain,15.48,2024-10,2024-10-20
530317,SKU-011,Cotton Tote Bag,1,2024-08-29 20:33:00,10.96,10101,Germany,10.96,2024-08,2024-08-29
530318,SKU-008,Yoga Mat,1,2025-04-01 20:29:00,26.94,10064,Portugal,26.94,2025-04,2025-04-01
530318,SKU-004,Reusable Bottle,1,2024-05-31 12:42:00,17.03,10109,Italy,17.03,2024-05,2024-05-31
530318,SKU-008,Yoga Mat,3,2024-07-25 15:32:00,23.61,10074,Netherlands,70.83,2024-07,2024-07-25
530319,SKU-005,Notebook A5,2,2024-05-12 16:21:00,5.16,10146,Spain,10.32,2024-05,2024-05-12
530319,SKU-009,Running Socks,1,2024-08-28 16:01:00,6.93,10068,Netherlands,6.93,2024-08,2024-08-28
530319,SKU-001,Premium Coffee Beans,1,2025-03-29 14:56:00,12.19,10110,France,12.19,2025-03,2025-03-29
530320,SKU-002,Organic Green Tea,1,2024-11-13 14:28:00,9.76,10081,Germany,9.76,2024-11,2024-11-13
530320,SKU-006,Wireless Charger,2,2024-09-03 21:24:00,25.39,10118,Spain,50.78,2024-09,2024-09-03
530320,SKU-008,Yoga Mat,8,2024-08-10 15:02:00,27.55,10140,France,220.4,2024-08,2024-08-10
530321,SKU-001,Premium Coffee Beans,1,2024-04-15 10:35:00,12.49,10026,France,12.49,2024-04,2024-04-15
530321,SKU-011,Cotton Tote Bag,3,2024-11-29 21:49:00,10.47,10109,Italy,31.41,2024-11,2024-11-29
530321,SKU-005,Notebook A5,2,2024-08-09 22:45:00,6.0,10071,France,12.0,2024-08,2024-08-09
530322,SKU-003,Ceramic Mug,2,2024-09-16 15:27:00,8.07,10096,Portugal,16.14,2024-09,2024-09-16
530322,SKU-003,Ceramic Mug,1,2024-11-29 12:45:00,7.37,10043,United Kingdom,7.37,2024-11,2024-11-29
530322,SKU-007,Desk Lamp,1,2024-08-02 15:48:00,35.35,10130,Portugal,35.35,2024-08,2024-08-02
530323,SKU-002,Organic Green Tea,1,2024-07-22 17:43:00,8.24,10065,Netherlands,8.24,2024-07,2024-07-22
530323,SKU-008,Yoga Mat,1,2025-01-12 18:35:00,26.28,10091,France,26.28,2025-01,2025-01-12
530323,SKU-011,Cotton Tote Bag,2,2024-10-04 16:36:00,9.37,10032,Portugal,18.74,2024-10,2024-10-04
530324,SKU-008,Yoga Mat,1,2024-11-02 15:35:00,25.43,10044,Germany,25.43,2024-11,2024-11-02
530324,SKU-003,Ceramic Mug,2,2024-11-22 16:03:00,7.59,10074,Netherlands,15.18,2024-11,2024-11-22
530324,SKU-007,Desk Lamp,1,2025-01-13 12:31:00,33.19,10110,France,33.19,2025-01,2025-01-13
530325,SKU-010,Bluetooth Speaker,2,2024-06-14 14:39:00,46.6,10119,Spain,93.2,2024-06,2024-06-14
530325,SKU-011,Cotton Tote Bag,2,2024-08-31 13:49:00,10.98,10056,France,21.96,2024-08,2024-08-31
530325,SKU-005,Notebook A5,2,2024-06-13 13:03:00,6.19,10096,Portugal,12.38,2024-06,2024-06-13
530326,SKU-001,Premium Coffee Beans,3,2024-07-22 17:02:00,13.34,10121,United Kingdom,40.02,2024-07,2024-07-22
530326,SKU-003,Ceramic Mug,2,2024-05-15 21:23:00,7.48,10023,Spain,14.96,2024-05,2024-05-15
530326,SKU-006,Wireless Charger,1,2024-09-06 20:47:00,25.62,10090,Spain,25.62,2024-09,2024-09-06
530327,SKU-010,Bluetooth Speaker,3,2024-05-26 08:48:00,40.91,10019,Italy,122.73,2024-05,2024-05-26
530327,SKU-011,Cotton Tote Bag,2,2024-08-13 13:24:00,11.07,10032,Portugal,22.14,2024-08,2024-08-13
530327,SKU-002,Organic Green Tea,1,2024-11-07 14:22:00,7.88,10073,France,7.88,2024-11,2024-11-07
530328,SKU-006,Wireless Charger,1,2024-07-26 14:22:00,24.97,10110,France,24.97,2024-07,2024-07-26
530328,SKU-001,Premium Coffee Beans,1,2024-12-19 18:15:00,12.23,10143,Italy,12.23,2024-12,2024-12-19
530328,SKU-004,Reusable Bottle,2,2024-06-04 11:41:00,14.63,10115,United Kingdom,29.26,2024-06,2024-06-04
530329,SKU-005,Notebook A5,1,2024-06-08 17:05:00,5.73,10021,Portugal,5.73,2024-06,2024-06-08
530329,SKU-012,Phone Stand,1,2024-09-17 09:55:00,12.0,10147,Italy,12.0,2024-09,2024-09-17
530329,SKU-005,Notebook A5,1,2024-09-18 09:21:00,5.5,10138,France,5.5,2024-09,2024-09-18
530330,SKU-003,Ceramic Mug,1,2024-08-14 08:34:00,6.57,10044,Germany,6.57,2024-08,2024-08-14
530330,SKU-006,Wireless Charger,1,2024-09-15 08:29:00,21.38,10076,Germany,21.38,2024-09,2024-09-15
530330,SKU-011,Cotton Tote Bag,4,2024-06-03 21:27:00,9.76,10140,France,39.04,2024-06,2024-06-03
530331,SKU-010,Bluetooth Speaker,1,2024-07-29 16:57:00,43.33,10084,United Kingdom,43.33,2024-07,2024-07-29
530331,SKU-007,Desk Lamp,3,2024-09-27 12:01:00,32.45,10138,France,97.35,2024-09,2024-09-27
530331,SKU-012,Phone Stand,5,2025-03-14 15:37:00,10.71,10140,France,53.55,2025-03,2025-03-14
530332,SKU-001,Premium Coffee Beans,2,2024-09-17 13:24:00,11.67,10026,France,23.34,2024-09,2024-09-17
530332,SKU-010,Bluetooth Speaker,4,2025-01-06 14:20:00,44.52,10012,Portugal,178.08,2025-01,2025-01-06
530332,SKU-010,Bluetooth Speaker,2,2024-12-10 09:51:00,45.31,10130,Portugal,90.62,2024-12,2024-12-10
530333,SKU-008,Yoga Mat,1,2024-08-27 09:44:00,24.91,10020,Netherlands,24.91,2024-08,2024-08-27
530333,SKU-011,Cotton Tote Bag,10,2024-06-23 11:21:00,9.4,10019,Italy,94.0,2024-06,2024-06-23
530333,SKU-008,Yoga Mat,2,2024-08-22 16:51:00,26.23,10073,France,52.46,2024-08,2024-08-22
530334,SKU-011,Cotton Tote Bag,2,2024-11-10 13:10:00,8.97,10072,Portugal,17.94,2024-11,2024-11-10
530334,SKU-010,Bluetooth Speaker,4,2024-02-16 12:23:00,45.06,10078,Portugal,180.24,2024-02,2024-02-16
530334,SKU-007,Desk Lamp,1,2024-08-27 11:31:00,36.08,10140,France,36.08,2024-08,2024-08-27
530335,SKU-011,Cotton Tote Bag,1,2025-01-02 21:50:00,11.06,10034,Italy,11.06,2025-01,2025-01-02
530335,SKU-002,Organic Green Tea,1,2024-12-22 21:54:00,9.22,10068,Netherlands,9.22,2024-12,2024-12-22
530335,SKU-009,Running Socks,1,2024-09-01 11:18:00,7.69,10043,United Kingdom,7.69,2024-09,2024-09-01
530336,SKU-005,Notebook A5,6,2025-01-12 08:19:00,5.64,10131,Germany,33.84,2025-01,2025-01-12
530336,SKU-010,Bluetooth Speaker,2,2024-11-15 14:51:00,46.55,10063,Netherlands,93.1,2024-11,2024-11-15
530336,SKU-004,Reusable Bottle,5,2024-08-26 17:47:00,14.86,10016,France,74.3,2024-08,2024-08-26
530337,SKU-002,Organic Green Tea,2,2024-06-11 19:54:00,9.43,10085,Netherlands,18.86,2024-06,2024-06-11
530337,SKU-010,Bluetooth Speaker,1,2024-08-13 09:37:00,48.72,10047,Netherlands,48.72,2024-08,2024-08-13
530337,SKU-006,Wireless Charger,3,2025-02-17 12:04:00,21.41,10144,United Kingdom,64.23,2025-02,2025-02-17
530338,SKU-010,Bluetooth Speaker,2,2024-07-09 20:33:00,49.82,10013,Italy,99.64,2024-07,2024-07-09
530338,SKU-008,Yoga Mat,6,2024-06-27 14:13:00,24.51,10096,Portugal,147.06,2024-06,2024-06-27
530338,SKU-006,Wireless Charger,1,2024-09-30 20:04:00,23.15,10069,Spain,23.15,2024-09,2024-09-30
530339,SKU-011,Cotton Tote Bag,1,2024-02-16 21:19:00,10.2,10063,Netherlands,10.2,2024-02,2024-02-16
530339,SKU-009,Running Socks,1,2024-07-15 20:19:00,6.69,10052,Spain,6.69,2024-07,2024-07-15
530339,SKU-007,Desk Lamp,1,2024-09-08 18:34:00,33.8,10059,Germany,33.8,2024-09,2024-09-08
530340,SKU-006,Wireless Charger,3,2024-08-25 11:26:00,23.58,10085,Netherlands,70.74,2024-08,2024-08-25
530340,SKU-007,Desk Lamp,1,2024-11-02 12:39:00,31.77,10116,United Kingdom,31.77,2024-11,2024-11-02
530340,SKU-009,Running Socks,2,2024-05-27 15:42:00,6.79,10063,Netherlands,13.58,2024-05,2024-05-27
530341,SKU-009,Running Socks,1,2024-06-18 10:56:00,7.21,10040,Italy,7.21,2024-06,2024-06-18
530341,SKU-001,Premium Coffee Beans,3,2024-08-01 18:45:00,14.8,10112,United Kingdom,44.4,2024-08,2024-08-01
530341,SKU-009,Running Socks,1,2024-12-22 21:11:00,7.47,10081,Germany,7.47,2024-12,2024-12-22
530342,SKU-010,Bluetooth Speaker,1,2024-08-29 15:13:00,50.2,10106,France,50.2,2024-08,2024-08-29
530342,SKU-011,Cotton Tote Bag,2,2024-09-30 21:47:00,10.99,10069,Spain,21.98,2024-09,2024-09-30
530342,SKU-008,Yoga Mat,2,2024-05-04 12:59:00,25.74,10046,Germany,51.48,2024-05,2024-05-04
530343,SKU-011,Cotton Tote Bag,1,2024-10-25 16:51:00,9.94,10103,Netherlands,9.94,2024-10,2024-10-25
530343,SKU-010,Bluetooth Speaker,1,2024-06-04 21:49:00,45.18,10021,Portugal,45.18,2024-06,2024-06-04
530343,SKU-007,Desk Lamp,2,2024-11-28 22:36:00,33.13,10058,Italy,66.26,2024-11,2024-11-28
530344,SKU-012,Phone Stand,5,2024-10-28 18:03:00,10.45,10006,Spain,52.25,2024-10,2024-10-28
530344,SKU-009,Running Socks,1,2024-09-27 11:23:00,7.01,10118,Spain,7.01,2024-09,2024-09-27
530344,SKU-008,Yoga Mat,4,2024-08-21 10:15:00,22.05,10063,Netherlands,88.2,2024-08,2024-08-21
530345,SKU-003,Ceramic Mug,5,2024-10-28 19:43:00,7.32,10142,Netherlands,36.6,2024-10,2024-10-28
530345,SKU-005,Notebook A5,3,2024-04-07 21:27:00,4.95,10017,Italy,14.85,2024-04,2024-04-07
530345,SKU-007,Desk Lamp,1,2024-02-01 13:55:00,31.68,10074,Netherlands,31.68,2024-02,2024-02-01
530346,SKU-002,Organic Green Tea,1,2024-04-08 18:13:00,8.09,10023,Spain,8.09,2024-04,2024-04-08
530346,SKU-007,Desk Lamp,3,2024-08-25 12:52:00,32.34,10100,Italy,97.02,2024-08,2024-08-25
530346,SKU-005,Notebook A5,1,2024-06-28 18:10:00,5.59,10008,United Kingdom,5.59,2024-06,2024-06-28
530347,SKU-005,Notebook A5,2,2024-08-09 18:38:00,5.02,10105,Netherlands,10.04,2024-08,2024-08-09
530347,SKU-004,Reusable Bottle,1,2024-11-14 14:15:00,15.42,10110,France,15.42,2024-11,2024-11-14
530347,SKU-002,Organic Green Tea,4,2025-02-04 10:12:00,8.79,10105,Netherlands,35.16,2025-02,2025-02-04
530348,SKU-001,Premium Coffee Beans,1,2025-02-14 11:51:00,13.09,10071,France,13.09,2025-02,2025-02-14
530348,SKU-005,Notebook A5,1,2024-05-06 15:31:00,5.54,10021,Portugal,5.54,2024-05,2024-05-06
530348,SKU-009,Running Socks,1,2024-04-04 14:27:00,7.84,10078,Portugal,7.84,2024-04,2024-04-04
530349,SKU-011,Cotton Tote Bag,3,2024-08-02 22:02:00,10.79,10109,Italy,32.37,2024-08,2024-08-02
530349,SKU-004,Reusable Bottle,1,2024-05-04 10:17:00,14.79,10068,Netherlands,14.79,2024-05,2024-05-04
530349,SKU-003,Ceramic Mug,10,2024-03-19 08:16:00,7.27,10023,Spain,72.7,2024-03,2024-03-19
530350,SKU-005,Notebook A5,1,2024-09-25 18:35:00,5.06,10064,Portugal,5.06,2024-09,2024-09-25
530350,SKU-003,Ceramic Mug,1,2024-09-30 18:54:00,7.77,10110,France,7.77,2024-09,2024-09-30
530350,SKU-001,Premium Coffee Beans,3,2024-10-05 19:31:00,12.86,10130,Portugal,38.58,2024-10,2024-10-05
530351,SKU-001,Premium Coffee Beans,2,2025-01-11 08:55:00,11.94,10069,Spain,23.88,2025-01,2025-01-11
530351,SKU-002,Organic Green Tea,2,2024-08-20 13:38:00,8.36,10058,Italy,16.72,2024-08,2024-08-20
530351,SKU-005,Notebook A5,2,2025-05-10 21:04:00,5.53,10061,Portugal,11.06,2025-05,2025-05-10
530352,SKU-007,Desk Lamp,1,2024-03-13 22:23:00,32.75,10036,United Kingdom,32.75,2024-03,2024-03-13
530352,SKU-011,Cotton Tote Bag,1,2024-10-31 18:56:00,10.74,10075,France,10.74,2024-10,2024-10-31
530352,SKU-002,Organic Green Tea,1,2025-04-10 14:53:00,8.45,10043,United Kingdom,8.45,2025-04,2025-04-10
530353,SKU-012,Phone Stand,1,2024-12-05 21:08:00,12.56,10108,Germany,12.56,2024-12,2024-12-05
530353,SKU-004,Reusable Bottle,3,2025-02-16 09:36:00,15.67,10095,Netherlands,47.01,2025-02,2025-02-16
530353,SKU-012,Phone Stand,1,2024-11-22 16:59:00,12.22,10042,France,12.22,2024-11,2024-11-22
530354,SKU-002,Organic Green Tea,1,2024-10-27 16:42:00,8.18,10031,France,8.18,2024-10,2024-10-27
530354,SKU-010,Bluetooth Speaker,2,2024-09-23 20:59:00,41.44,10069,Spain,82.88,2024-09,2024-09-23
530354,SKU-009,Running Socks,1,2024-06-28 12:31:00,7.19,10032,Portugal,7.19,2024-06,2024-06-28
530355,SKU-002,Organic Green Tea,1,2024-04-01 11:38:00,8.01,10069,Spain,8.01,2024-04,2024-04-01
530355,SKU-002,Organic Green Tea,1,2025-01-06 20:51:00,9.45,10146,Spain,9.45,2025-01,2025-01-06
530355,SKU-006,Wireless Charger,2,2024-06-04 13:53:00,24.55,10071,France,49.1,2024-06,2024-06-04
530356,SKU-010,Bluetooth Speaker,3,2024-04-12 19:24:00,49.2,10044,Germany,147.6,2024-04,2024-04-12
530356,SKU-012,Phone Stand,4,2024-07-14 19:15:00,12.23,10018,Spain,48.92,2024-07,2024-07-14
530356,SKU-007,Desk Lamp,1,2024-10-16 11:09:00,35.81,10068,Netherlands,35.81,2024-10,2024-10-16
530357,SKU-002,Organic Green Tea,5,2024-10-05 10:13:00,9.37,10010,Netherlands,46.85,2024-10,2024-10-05
530357,SKU-005,Notebook A5,1,2025-01-06 15:26:00,5.42,10058,Italy,5.42,2025-01,2025-01-06
530357,SKU-005,Notebook A5,1,2024-05-20 21:37:00,5.73,10074,Netherlands,5.73,2024-05,2024-05-20
530358,SKU-001,Premium Coffee Beans,2,2024-05-13 15:34:00,13.05,10100,Italy,26.1,2024-05,2024-05-13
530358,SKU-006,Wireless Charger,1,2025-01-07 19:07:00,25.05,10054,Spain,25.05,2025-01,2025-01-07
530358,SKU-006,Wireless Charger,4,2024-08-30 16:27:00,24.87,10016,France,99.48,2024-08,2024-08-30
530359,SKU-008,Yoga Mat,2,2024-06-20 18:15:00,24.23,10024,Germany,48.46,2024-06,2024-06-20
530359,SKU-005,Notebook A5,1,2024-04-17 22:50:00,5.18,10005,Spain,5.18,2024-04,2024-04-17
530359,SKU-003,Ceramic Mug,2,2024-03-01 13:30:00,7.59,10018,Spain,15.18,2024-03,2024-03-01
530360,SKU-012,Phone Stand,5,2025-02-12 13:52:00,11.0,10024,Germany,55.0,2025-02,2025-02-12
530360,SKU-005,Notebook A5,1,2025-02-11 08:41:00,5.57,10084,United Kingdom,5.57,2025-02,2025-02-11
530360,SKU-010,Bluetooth Speaker,1,2024-04-08 08:53:00,44.92,10010,Netherlands,44.92,2024-04,2024-04-08
530361,SKU-012,Phone Stand,1,2024-08-07 18:51:00,10.69,10096,Portugal,10.69,2024-08,2024-08-07
530361,SKU-001,Premium Coffee Beans,1,2024-12-10 19:58:00,12.05,10043,United Kingdom,12.05,2024-12,2024-12-10
530361,SKU-011,Cotton Tote Bag,1,2024-06-17 11:16:00,10.49,10081,Germany,10.49,2024-06,2024-06-17
530362,SKU-009,Running Socks,1,2024-10-01 14:19:00,7.06,10064,Portugal,7.06,2024-10,2024-10-01
530362,SKU-011,Cotton Tote Bag,2,2024-10-23 19:23:00,8.98,10048,France,17.96,2024-10,2024-10-23
530362,SKU-011,Cotton Tote Bag,1,2024-06-01 09:34:00,10.3,10065,Netherlands,10.3,2024-06,2024-06-01
530363,SKU-004,Reusable Bottle,4,2024-04-03 21:28:00,15.07,10127,United Kingdom,60.28,2024-04,2024-04-03
530363,SKU-007,Desk Lamp,1,2024-11-24 08:58:00,34.21,10078,Portugal,34.21,2024-11,2024-11-24
530363,SKU-007,Desk Lamp,1,2024-06-13 22:58:00,34.86,10134,Netherlands,34.86,2024-06,2024-06-13
530364,SKU-005,Notebook A5,4,2024-03-25 12:05:00,5.67,10096,Portugal,22.68,2024-03,2024-03-25
530364,SKU-004,Reusable Bottle,1,2024-09-10 12:13:00,15.79,10078,Portugal,15.79,2024-09,2024-09-10
530364,SKU-003,Ceramic Mug,1,2024-10-14 22:28:00,7.32,10032,Portugal,7.32,2024-10,2024-10-14
530365,SKU-011,Cotton Tote Bag,1,2024-07-01 13:56:00,11.35,10126,United Kingdom,11.35,2024-07,2024-07-01
530365,SKU-011,Cotton Tote Bag,1,2024-11-26 14:50:00,9.18,10137,Netherlands,9.18,2024-11,2024-11-26
530365,SKU-001,Premium Coffee Beans,1,2024-07-02 12:55:00,14.25,10007,Germany,14.25,2024-07,2024-07-02
530366,SKU-002,Organic Green Tea,8,2024-11-06 21:49:00,8.54,10100,Italy,68.32,2024-11,2024-11-06
530366,SKU-008,Yoga Mat,10,2024-11-05 15:47:00,26.17,10099,Netherlands,261.7,2024-11,2024-11-05
530366,SKU-007,Desk Lamp,1,2024-11-03 22:53:00,35.05,10140,France,35.05,2024-11,2024-11-03
530367,SKU-006,Wireless Charger,1,2024-09-07 19:27:00,24.51,10143,Italy,24.51,2024-09,2024-09-07
530367,SKU-002,Organic Green Tea,2,2024-06-28 21:10:00,8.36,10043,United Kingdom,16.72,2024-06,2024-06-28
530367,SKU-012,Phone Stand,2,2024-08-25 12:32:00,11.77,10063,Netherlands,23.54,2024-08,2024-08-25
530368,SKU-002,Organic Green Tea,1,2024-03-17 13:26:00,8.07,10047,Netherlands,8.07,2024-03,2024-03-17
530368,SKU-010,Bluetooth Speaker,3,2024-05-25 19:52:00,41.72,10078,Portugal,125.16,2024-05,2024-05-25
530368,SKU-009,Running Socks,1,2025-02-26 19:20:00,7.44,10106,France,7.44,2025-02,2025-02-26
530369,SKU-008,Yoga Mat,1,2024-09-12 19:01:00,22.07,10051,Germany,22.07,2024-09,2024-09-12
530369,SKU-001,Premium Coffee Beans,1,2024-11-28 18:41:00,13.27,10020,Netherlands,13.27,2024-11,2024-11-28
530369,SKU-003,Ceramic Mug,2,2024-08-18 18:28:00,7.4,10004,United Kingdom,14.8,2024-08,2024-08-18
530370,SKU-011,Cotton Tote Bag,2,2025-03-24 10:00:00,9.09,10037,Italy,18.18,2025-03,2025-03-24
530370,SKU-007,Desk Lamp,1,2024-06-25 11:40:00,31.33,10046,Germany,31.33,2024-06,2024-06-25
530370,SKU-005,Notebook A5,5,2024-06-07 13:36:00,5.59,10118,Spain,27.95,2024-06,2024-06-07
530371,SKU-002,Organic Green Tea,2,2024-08-20 09:10:00,8.06,10087,France,16.12,2024-08,2024-08-20
530371,SKU-004,Reusable Bottle,1,2024-12-06 16:45:00,16.36,10068,Netherlands,16.36,2024-12,2024-12-06
530371,SKU-011,Cotton Tote Bag,1,2025-01-27 20:08:00,10.24,10023,Spain,10.24,2025-01,2025-01-27
530372,SKU-010,Bluetooth Speaker,1,2024-09-13 18:26:00,46.57,10126,United Kingdom,46.57,2024-09,2024-09-13
530372,SKU-006,Wireless Charger,1,2024-06-22 15:30:00,22.94,10126,United Kingdom,22.94,2024-06,2024-06-22
530372,SKU-012,Phone Stand,5,2025-04-14 10:16:00,13.11,10127,United Kingdom,65.55,2025-04,2025-04-14
530373,SKU-003,Ceramic Mug,1,2024-05-15 18:37:00,7.11,10002,France,7.11,2024-05,2024-05-15
530373,SKU-006,Wireless Charger,4,2024-06-01 20:18:00,24.16,10120,Portugal,96.64,2024-06,2024-06-01
530373,SKU-004,Reusable Bottle,1,2024-04-23 09:26:00,15.22,10138,France,15.22,2024-04,2024-04-23
530374,SKU-006,Wireless Charger,2,2024-08-22 10:25:00,20.71,10057,France,41.42,2024-08,2024-08-22
530374,SKU-007,Desk Lamp,2,2024-08-31 21:56:00,35.87,10147,Italy,71.74,2024-08,2024-08-31
530374,SKU-010,Bluetooth Speaker,1,2024-12-11 11:01:00,43.43,10026,France,43.43,2024-12,2024-12-11
530375,SKU-001,Premium Coffee Beans,1,2024-03-05 22:35:00,13.28,10112,United Kingdom,13.28,2024-03,2024-03-05
530375,SKU-011,Cotton Tote Bag,2,2024-10-15 17:40:00,11.2,10033,Germany,22.4,2024-10,2024-10-15
530375,SKU-004,Reusable Bottle,1,2024-12-07 22:05:00,15.91,10110,France,15.91,2024-12,2024-12-07
530376,SKU-008,Yoga Mat,3,2024-09-26 11:16:00,24.4,10096,Portugal,73.2,2024-09,2024-09-26
530376,SKU-012,Phone Stand,1,2024-05-31 21:10:00,12.12,10087,France,12.12,2024-05,2024-05-31
530376,SKU-001,Premium Coffee Beans,1,2024-01-09 14:39:00,13.57,10041,Spain,13.57,2024-01,2024-01-09
530377,SKU-007,Desk Lamp,2,2024-08-04 17:16:00,32.18,10055,Netherlands,64.36,2024-08,2024-08-04
530377,SKU-003,Ceramic Mug,2,2024-07-29 09:23:00,8.21,10061,Portugal,16.42,2024-07,2024-07-29
530377,SKU-003,Ceramic Mug,3,2025-02-04 17:07:00,7.29,10140,France,21.87,2025-02,2025-02-04
530378,SKU-001,Premium Coffee Beans,2,2024-11-01 19:33:00,14.48,10074,Netherlands,28.96,2024-11,2024-11-01
530378,SKU-007,Desk Lamp,10,2024-07-27 20:58:00,34.91,10100,Italy,349.1,2024-07,2024-07-27
530378,SKU-008,Yoga Mat,2,2024-07-20 21:43:00,26.31,10099,Netherlands,52.62,2024-07,2024-07-20
530379,SKU-008,Yoga Mat,1,2024-10-10 09:14:00,23.95,10133,Germany,23.95,2024-10,2024-10-10
530379,SKU-012,Phone Stand,1,2024-06-17 11:12:00,11.45,10147,Italy,11.45,2024-06,2024-06-17
530379,SKU-005,Notebook A5,1,2024-10-04 12:47:00,6.12,10091,France,6.12,2024-10,2024-10-04
530380,SKU-008,Yoga Mat,1,2025-04-16 14:08:00,25.79,10124,Germany,25.79,2025-04,2025-04-16
530380,SKU-007,Desk Lamp,1,2024-05-26 21:13:00,34.95,10027,Netherlands,34.95,2024-05,2024-05-26
530380,SKU-010,Bluetooth Speaker,1,2024-11-21 11:52:00,47.09,10006,Spain,47.09,2024-11,2024-11-21
530381,SKU-005,Notebook A5,2,2024-03-20 19:43:00,6.06,10110,France,12.12,2024-03,2024-03-20
530381,SKU-004,Reusable Bottle,2,2024-10-16 14:11:00,14.13,10040,Italy,28.26,2024-10,2024-10-16
530381,SKU-007,Desk Lamp,1,2024-03-25 20:09:00,35.73,10146,Spain,35.73,2024-03,2024-03-25
530382,SKU-001,Premium Coffee Beans,2,2024-09-13 12:16:00,14.3,10079,Italy,28.6,2024-09,2024-09-13
530382,SKU-004,Reusable Bottle,1,2024-08-30 17:28:00,13.79,10008,United Kingdom,13.79,2024-08,2024-08-30
530382,SKU-004,Reusable Bottle,1,2024-07-03 13:37:00,13.51,10100,Italy,13.51,2024-07,2024-07-03
530383,SKU-011,Cotton Tote Bag,3,2024-08-10 18:29:00,10.31,10101,Germany,30.93,2024-08,2024-08-10
530383,SKU-002,Organic Green Tea,2,2024-02-08 08:30:00,8.69,10040,Italy,17.38,2024-02,2024-02-08
530383,SKU-003,Ceramic Mug,5,2024-08-06 21:20:00,7.86,10090,Spain,39.3,2024-08,2024-08-06
530384,SKU-012,Phone Stand,5,2024-08-11 14:43:00,11.27,10083,Spain,56.35,2024-08,2024-08-11
530384,SKU-004,Reusable Bottle,1,2024-05-10 19:24:00,13.81,10130,Portugal,13.81,2024-05,2024-05-10
530384,SKU-012,Phone Stand,1,2025-01-03 14:47:00,11.65,10121,United Kingdom,11.65,2025-01,2025-01-03
530385,SKU-010,Bluetooth Speaker,1,2024-06-01 12:04:00,47.52,10001,Spain,47.52,2024-06,2024-06-01
530385,SKU-002,Organic Green Tea,1,2024-03-12 16:03:00,9.04,10097,Germany,9.04,2024-03,2024-03-12
530385,SKU-001,Premium Coffee Beans,2,2024-12-20 13:59:00,12.26,10121,United Kingdom,24.52,2024-12,2024-12-20
530386,SKU-004,Reusable Bottle,1,2024-02-10 15:58:00,16.66,10130,Portugal,16.66,2024-02,2024-02-10
530386,SKU-006,Wireless Charger,2,2024-06-19 17:42:00,22.05,10141,Spain,44.1,2024-06,2024-06-19
530386,SKU-010,Bluetooth Speaker,4,2024-05-16 19:47:00,49.79,10065,Netherlands,199.16,2024-05,2024-05-16
530387,SKU-001,Premium Coffee Beans,3,2025-02-04 08:16:00,12.99,10047,Netherlands,38.97,2025-02,2025-02-04
530387,SKU-009,Running Socks,3,2024-09-14 17:24:00,7.39,10055,Netherlands,22.17,2024-09,2024-09-14
530387,SKU-005,Notebook A5,1,2024-12-26 14:42:00,5.12,10085,Netherlands,5.12,2024-12,2024-12-26
530388,SKU-006,Wireless Charger,1,2024-11-13 10:57:00,22.24,10140,France,22.24,2024-11,2024-11-13
530388,SKU-009,Running Socks,1,2024-11-18 08:37:00,7.17,10051,Germany,7.17,2024-11,2024-11-18
530388,SKU-003,Ceramic Mug,1,2024-10-30 12:10:00,7.84,10130,Portugal,7.84,2024-10,2024-10-30
530389,SKU-009,Running Socks,1,2024-09-02 15:59:00,6.82,10026,France,6.82,2024-09,2024-09-02
530389,SKU-006,Wireless Charger,2,2024-06-13 22:29:00,24.67,10051,Germany,49.34,2024-06,2024-06-13
530389,SKU-003,Ceramic Mug,2,2024-10-06 09:20:00,6.6,10140,France,13.2,2024-10,2024-10-06
530390,SKU-012,Phone Stand,1,2024-10-07 16:27:00,13.16,10127,United Kingdom,13.16,2024-10,2024-10-07
530390,SKU-003,Ceramic Mug,2,2024-08-23 12:07:00,6.59,10081,Germany,13.18,2024-08,2024-08-23
530390,SKU-006,Wireless Charger,1,2024-11-02 08:08:00,20.74,10112,United Kingdom,20.74,2024-11,2024-11-02
530391,SKU-008,Yoga Mat,1,2024-09-10 21:53:00,25.18,10126,United Kingdom,25.18,2024-09,2024-09-10
530391,SKU-005,Notebook A5,1,2024-08-29 19:23:00,5.28,10064,Portugal,5.28,2024-08,2024-08-29
530391,SKU-007,Desk Lamp,1,2024-09-24 12:57:00,30.22,10063,Netherlands,30.22,2024-09,2024-09-24
530392,SKU-005,Notebook A5,1,2024-06-04 17:53:00,5.5,10146,Spain,5.5,2024-06,2024-06-04
530392,SKU-005,Notebook A5,1,2024-10-26 16:20:00,5.6,10127,United Kingdom,5.6,2024-10,2024-10-26
530392,SKU-007,Desk Lamp,3,2024-08-02 22:10:00,30.66,10029,Italy,91.98,2024-08,2024-08-02
530393,SKU-006,Wireless Charger,2,2025-01-22 19:31:00,24.22,10120,Portugal,48.44,2025-01,2025-01-22
530393,SKU-003,Ceramic Mug,3,2024-03-23 16:54:00,7.88,10105,Netherlands,23.64,2024-03,2024-03-23
530393,SKU-011,Cotton Tote Bag,1,2024-09-09 18:51:00,9.11,10084,United Kingdom,9.11,2024-09,2024-09-09
530394,SKU-008,Yoga Mat,2,2025-02-27 08:12:00,22.7,10103,Netherlands,45.4,2025-02,2025-02-27
530394,SKU-003,Ceramic Mug,1,2024-10-07 08:14:00,7.78,10084,United Kingdom,7.78,2024-10,2024-10-07
530394,SKU-003,Ceramic Mug,3,2024-12-30 08:30:00,6.62,10101,Germany,19.86,2024-12,2024-12-30
530395,SKU-005,Notebook A5,2,2024-09-06 10:45:00,5.12,10053,Netherlands,10.24,2024-09,2024-09-06
530395,SKU-008,Yoga Mat,1,2024-08-08 14:07:00,26.46,10076,Germany,26.46,2024-08,2024-08-08
530395,SKU-008,Yoga Mat,1,2024-03-26 08:28:00,26.74,10061,Portugal,26.74,2024-03,2024-03-26
530396,SKU-006,Wireless Charger,2,2024-08-01 19:35:00,25.98,10144,United Kingdom,51.96,2024-08,2024-08-01
530396,SKU-008,Yoga Mat,3,2024-11-24 15:31:00,23.87,10094,Italy,71.61,2024-11,2024-11-24
530396,SKU-002,Organic Green Tea,1,2024-07-10 21:46:00,9.3,10068,Netherlands,9.3,2024-07,2024-07-10
530397,SKU-003,Ceramic Mug,2,2024-08-29 09:22:00,6.64,10131,Germany,13.28,2024-08,2024-08-29
530397,SKU-002,Organic Green Tea,1,2024-08-28 11:55:00,8.94,10010,Netherlands,8.94,2024-08,2024-08-28
530397,SKU-005,Notebook A5,8,2024-08-01 10:53:00,6.0,10002,France,48.0,2024-08,2024-08-01
530398,SKU-003,Ceramic Mug,1,2024-12-06 19:32:00,7.76,10074,Netherlands,7.76,2024-12,2024-12-06
530398,SKU-005,Notebook A5,1,2024-04-14 17:57:00,5.75,10073,France,5.75,2024-04,2024-04-14
530398,SKU-011,Cotton Tote Bag,1,2024-06-30 17:13:00,11.14,10137,Netherlands,11.14,2024-06,2024-06-30
530399,SKU-010,Bluetooth Speaker,2,2024-09-15 08:33:00,47.21,10046,Germany,94.42,2024-09,2024-09-15
530399,SKU-010,Bluetooth Speaker,1,2024-03-18 10:26:00,48.87,10061,Portugal,48.87,2024-03,2024-03-18
530399,SKU-002,Organic Green Tea,2,2024-10-15 11:49:00,8.17,10105,Netherlands,16.34,2024-10,2024-10-15
530400,SKU-008,Yoga Mat,3,2024-09-04 18:06:00,23.44,10006,Spain,70.32,2024-09,2024-09-04
530400,SKU-006,Wireless Charger,1,2024-07-27 08:18:00,25.22,10019,Italy,25.22,2024-07,2024-07-27
530400,SKU-011,Cotton Tote Bag,4,2025-02-04 18:07:00,11.16,10138,France,44.64,2025-02,2025-02-04
530401,SKU-007,Desk Lamp,1,2024-12-07 13:37:00,30.03,10073,France,30.03,2024-12,2024-12-07
530401,SKU-002,Organic Green Tea,1,2024-09-10 21:20:00,8.33,10044,Germany,8.33,2024-09,2024-09-10
530401,SKU-003,Ceramic Mug,1,2025-01-09 08:05:00,7.51,10026,France,7.51,2025-01,2025-01-09
530402,SKU-008,Yoga Mat,1,2024-05-24 21:45:00,25.05,10130,Portugal,25.05,2024-05,2024-05-24
530402,SKU-011,Cotton Tote Bag,2,2024-12-05 15:29:00,10.77,10065,Netherlands,21.54,2024-12,2024-12-05
530402,SKU-011,Cotton Tote Bag,1,2024-06-09 12:38:00,10.27,10141,Spain,10.27,2024-06,2024-06-09
530403,SKU-011,Cotton Tote Bag,1,2024-06-10 08:21:00,9.89,10019,Italy,9.89,2024-06,2024-06-10
530403,SKU-001,Premium Coffee Beans,1,2024-10-19 18:39:00,13.58,10019,Italy,13.58,2024-10,2024-10-19
530403,SKU-008,Yoga Mat,2,2024-04-29 13:46:00,23.35,10100,Italy,46.7,2024-04,2024-04-29
530404,SKU-012,Phone Stand,3,2024-11-18 22:51:00,10.93,10021,Portugal,32.79,2024-11,2024-11-18
530404,SKU-010,Bluetooth Speaker,6,2024-10-01 10:13:00,49.51,10052,Spain,297.06,2024-10,2024-10-01
530404,SKU-001,Premium Coffee Beans,1,2024-12-01 20:41:00,13.82,10043,United Kingdom,13.82,2024-12,2024-12-01
530405,SKU-005,Notebook A5,2,2024-09-23 13:51:00,5.85,10097,Germany,11.7,2024-09,2024-09-23
530405,SKU-001,Premium Coffee Beans,1,2025-01-08 19:04:00,12.61,10044,Germany,12.61,2025-01,2025-01-08
530405,SKU-009,Running Socks,2,2025-05-11 17:24:00,6.96,10075,France,13.92,2025-05,2025-05-11
530406,SKU-002,Organic Green Tea,3,2024-12-10 14:16:00,9.2,10063,Netherlands,27.6,2024-12,2024-12-10
530406,SKU-003,Ceramic Mug,1,2024-10-05 11:49:00,8.06,10065,Netherlands,8.06,2024-10,2024-10-05
530406,SKU-007,Desk Lamp,1,2024-08-19 09:01:00,32.01,10130,Portugal,32.01,2024-08,2024-08-19
530407,SKU-004,Reusable Bottle,2,2024-08-13 10:24:00,13.6,10146,Spain,27.2,2024-08,2024-08-13
530407,SKU-007,Desk Lamp,1,2024-12-22 12:41:00,34.28,10078,Portugal,34.28,2024-12,2024-12-22
530407,SKU-011,Cotton Tote Bag,1,2025-01-21 10:07:00,9.62,10065,Netherlands,9.62,2025-01,2025-01-21
530408,SKU-005,Notebook A5,5,2024-12-11 15:51:00,5.97,10043,United Kingdom,29.85,2024-12,2024-12-11
530408,SKU-007,Desk Lamp,1,2024-02-27 19:51:00,30.22,10033,Germany,30.22,2024-02,2024-02-27
530408,SKU-005,Notebook A5,1,2024-11-11 22:43:00,5.2,10109,Italy,5.2,2024-11,2024-11-11
530409,SKU-010,Bluetooth Speaker,8,2024-06-23 10:22:00,44.73,10059,Germany,357.84,2024-06,2024-06-23
530409,SKU-011,Cotton Tote Bag,1,2024-09-04 09:53:00,9.85,10048,France,9.85,2024-09,2024-09-04
530409,SKU-006,Wireless Charger,3,2024-09-18 16:12:00,20.79,10099,Netherlands,62.37,2024-09,2024-09-18
530410,SKU-008,Yoga Mat,1,2024-10-08 15:56:00,25.71,10084,United Kingdom,25.71,2024-10,2024-10-08
530410,SKU-007,Desk Lamp,3,2025-01-29 15:17:00,34.75,10034,Italy,104.25,2025-01,2025-01-29
530410,SKU-010,Bluetooth Speaker,2,2025-01-31 17:27:00,44.11,10049,Netherlands,88.22,2025-01,2025-01-31
530411,SKU-002,Organic Green Tea,1,2024-01-22 20:27:00,9.26,10118,Spain,9.26,2024-01,2024-01-22
530411,SKU-006,Wireless Charger,3,2025-02-10 17:11:00,21.29,10108,Germany,63.87,2025-02,2025-02-10
530411,SKU-007,Desk Lamp,4,2024-05-28 18:27:00,33.72,10040,Italy,134.88,2024-05,2024-05-28
530412,SKU-002,Organic Green Tea,1,2024-07-07 08:32:00,8.76,10074,Netherlands,8.76,2024-07,2024-07-07
530412,SKU-006,Wireless Charger,2,2024-10-09 15:43:00,23.45,10124,Germany,46.9,2024-10,2024-10-09
530412,SKU-004,Reusable Bottle,1,2024-08-14 18:43:00,13.61,10047,Netherlands,13.61,2024-08,2024-08-14
530413,SKU-012,Phone Stand,1,2024-08-16 10:59:00,10.48,10037,Italy,10.48,2024-08,2024-08-16
530413,SKU-008,Yoga Mat,2,2024-04-08 16:40:00,27.26,10080,Netherlands,54.52,2024-04,2024-04-08
530413,SKU-011,Cotton Tote Bag,3,2024-01-07 16:05:00,11.09,10018,Spain,33.27,2024-01,2024-01-07
530414,SKU-005,Notebook A5,2,2024-07-31 15:27:00,5.86,10006,Spain,11.72,2024-07,2024-07-31
530414,SKU-002,Organic Green Tea,1,2024-11-25 22:51:00,7.8,10061,Portugal,7.8,2024-11,2024-11-25
530414,SKU-008,Yoga Mat,1,2024-09-01 12:09:00,25.94,10139,United Kingdom,25.94,2024-09,2024-09-01
530415,SKU-003,Ceramic Mug,1,2024-11-22 18:57:00,7.89,10059,Germany,7.89,2024-11,2024-11-22
530415,SKU-005,Notebook A5,1,2024-09-08 21:15:00,5.35,10139,United Kingdom,5.35,2024-09,2024-09-08
530415,SKU-009,Running Socks,2,2024-07-25 14:18:00,6.95,10043,United Kingdom,13.9,2024-07,2024-07-25
530416,SKU-010,Bluetooth Speaker,2,2025-02-02 08:35:00,48.0,10061,Portugal,96.0,2025-02,2025-02-02
530416,SKU-002,Organic Green Tea,2,2024-10-15 22:02:00,7.78,10068,Netherlands,15.56,2024-10,2024-10-15
530416,SKU-009,Running Socks,1,2024-08-26 09:32:00,7.63,10017,Italy,7.63,2024-08,2024-08-26
530417,SKU-007,Desk Lamp,1,2025-01-28 14:06:00,34.94,10051,Germany,34.94,2025-01,2025-01-28
530417,SKU-008,Yoga Mat,1,2024-04-30 18:46:00,21.7,10094,Italy,21.7,2024-04,2024-04-30
530417,SKU-010,Bluetooth Speaker,1,2024-09-20 21:16:00,41.22,10019,Italy,41.22,2024-09,2024-09-20
530418,SKU-006,Wireless Charger,1,2024-10-12 12:37:00,24.14,10023,Spain,24.14,2024-10,2024-10-12
530418,SKU-002,Organic Green Tea,1,2024-08-03 20:32:00,7.86,10076,Germany,7.86,2024-08,2024-08-03
530418,SKU-001,Premium Coffee Beans,4,2025-03-25 09:47:00,13.7,10040,Italy,54.8,2025-03,2025-03-25
530419,SKU-011,Cotton Tote Bag,2,2024-03-05 15:11:00,11.38,10138,France,22.76,2024-03,2024-03-05
530419,SKU-003,Ceramic Mug,2,2024-06-26 21:25:00,7.19,10018,Spain,14.38,2024-06,2024-06-26
530419,SKU-001,Premium Coffee Beans,1,2024-06-25 09:26:00,12.69,10090,Spain,12.69,2024-06,2024-06-25
530420,SKU-012,Phone Stand,6,2024-12-07 12:20:00,11.67,10052,Spain,70.02,2024-12,2024-12-07
530420,SKU-010,Bluetooth Speaker,3,2024-05-20 19:29:00,42.87,10034,Italy,128.61,2024-05,2024-05-20
530420,SKU-011,Cotton Tote Bag,4,2024-05-08 15:39:00,9.21,10055,Netherlands,36.84,2024-05,2024-05-08
530421,SKU-005,Notebook A5,1,2024-09-24 13:58:00,5.47,10069,Spain,5.47,2024-09,2024-09-24
530421,SKU-003,Ceramic Mug,1,2024-05-12 11:11:00,7.96,10063,Netherlands,7.96,2024-05,2024-05-12
530421,SKU-002,Organic Green Tea,1,2024-04-29 19:38:00,7.76,10130,Portugal,7.76,2024-04,2024-04-29
530422,SKU-005,Notebook A5,2,2024-08-03 21:43:00,5.78,10084,United Kingdom,11.56,2024-08,2024-08-03
530422,SKU-002,Organic Green Tea,5,2024-03-31 14:34:00,8.06,10100,Italy,40.3,2024-03,2024-03-31
530422,SKU-001,Premium Coffee Beans,4,2024-12-04 08:25:00,13.46,10013,Italy,53.84,2024-12,2024-12-04
530423,SKU-002,Organic Green Tea,1,2024-07-11 08:10:00,8.84,10016,France,8.84,2024-07,2024-07-11
530423,SKU-011,Cotton Tote Bag,1,2024-11-12 15:29:00,9.65,10043,United Kingdom,9.65,2024-11,2024-11-12
530423,SKU-012,Phone Stand,1,2024-12-08 14:55:00,11.98,10064,Portugal,11.98,2024-12,2024-12-08
530424,SKU-011,Cotton Tote Bag,1,2025-02-18 19:38:00,11.12,10134,Netherlands,11.12,2025-02,2025-02-18
530424,SKU-012,Phone Stand,5,2024-07-19 15:19:00,11.4,10078,Portugal,57.0,2024-07,2024-07-19
530424,SKU-010,Bluetooth Speaker,2,2024-11-09 21:39:00,49.2,10010,Netherlands,98.4,2024-11,2024-11-09
530425,SKU-006,Wireless Charger,1,2024-05-28 19:43:00,24.4,10026,France,24.4,2024-05,2024-05-28
530425,SKU-012,Phone Stand,4,2024-06-18 18:25:00,11.19,10026,France,44.76,2024-06,2024-06-18
530425,SKU-005,Notebook A5,1,2024-02-24 09:08:00,5.53,10124,Germany,5.53,2024-02,2024-02-24
530426,SKU-003,Ceramic Mug,8,2024-09-30 08:12:00,6.94,10016,France,55.52,2024-09,2024-09-30
530426,SKU-002,Organic Green Tea,1,2024-12-07 21:01:00,9.62,10078,Portugal,9.62,2024-12,2024-12-07
530426,SKU-012,Phone Stand,1,2024-07-20 11:54:00,10.45,10128,Netherlands,10.45,2024-07,2024-07-20
530427,SKU-001,Premium Coffee Beans,2,2024-08-27 11:30:00,14.54,10091,France,29.08,2024-08,2024-08-27
530427,SKU-011,Cotton Tote Bag,1,2024-04-05 10:41:00,9.46,10028,Portugal,9.46,2024-04,2024-04-05
530427,SKU-004,Reusable Bottle,1,2024-07-17 14:53:00,14.18,10008,United Kingdom,14.18,2024-07,2024-07-17
530428,SKU-011,Cotton Tote Bag,1,2024-10-29 21:50:00,9.77,10106,France,9.77,2024-10,2024-10-29
530428,SKU-009,Running Socks,5,2024-03-09 11:05:00,7.07,10071,France,35.35,2024-03,2024-03-09
530428,SKU-005,Notebook A5,2,2024-07-05 20:29:00,5.4,10125,Spain,10.8,2024-07,2024-07-05
530429,SKU-003,Ceramic Mug,4,2024-03-12 15:27:00,6.61,10097,Germany,26.44,2024-03,2024-03-12
530429,SKU-001,Premium Coffee Beans,1,2024-06-30 09:10:00,12.32,10051,Germany,12.32,2024-06,2024-06-30
530429,SKU-003,Ceramic Mug,1,2025-02-13 19:44:00,6.74,10033,Germany,6.74,2025-02,2025-02-13
530430,SKU-008,Yoga Mat,1,2025-02-12 15:30:00,26.13,10035,Spain,26.13,2025-02,2025-02-12
530430,SKU-001,Premium Coffee Beans,1,2024-12-22 21:28:00,12.93,10110,France,12.93,2024-12,2024-12-22
530430,SKU-010,Bluetooth Speaker,2,2024-12-16 11:12:00,49.26,10043,United Kingdom,98.52,2024-12,2024-12-16
530431,SKU-005,Notebook A5,5,2024-06-21 17:53:00,5.43,10130,Portugal,27.15,2024-06,2024-06-21
530431,SKU-007,Desk Lamp,4,2024-05-19 08:21:00,35.13,10004,United Kingdom,140.52,2024-05,2024-05-19
530431,SKU-001,Premium Coffee Beans,1,2024-03-10 09:40:00,12.66,10051,Germany,12.66,2024-03,2024-03-10
530432,SKU-012,Phone Stand,1,2024-08-13 14:26:00,10.44,10130,Portugal,10.44,2024-08,2024-08-13
530432,SKU-008,Yoga Mat,1,2024-06-26 19:37:00,26.87,10056,France,26.87,2024-06,2024-06-26
530432,SKU-010,Bluetooth Speaker,1,2024-09-30 19:35:00,42.1,10063,Netherlands,42.1,2024-09,2024-09-30
530433,SKU-005,Notebook A5,2,2024-06-21 08:31:00,5.78,10043,United Kingdom,11.56,2024-06,2024-06-21
530433,SKU-007,Desk Lamp,2,2025-02-23 15:32:00,29.26,10069,Spain,58.52,2025-02,2025-02-23
530433,SKU-010,Bluetooth Speaker,1,2024-05-17 19:39:00,49.62,10052,Spain,49.62,2024-05,2024-05-17
530434,SKU-011,Cotton Tote Bag,1,2024-09-16 22:52:00,9.06,10107,France,9.06,2024-09,2024-09-16
530434,SKU-008,Yoga Mat,3,2024-09-26 11:45:00,23.19,10077,United Kingdom,69.57,2024-09,2024-09-26
530434,SKU-001,Premium Coffee Beans,1,2024-09-18 16:01:00,13.18,10095,Netherlands,13.18,2024-09,2024-09-18
530435,SKU-007,Desk Lamp,2,2025-01-14 17:20:00,28.39,10058,Italy,56.78,2025-01,2025-01-14
530435,SKU-009,Running Socks,1,2024-11-02 09:17:00,7.69,10140,France,7.69,2024-11,2024-11-02
530435,SKU-011,Cotton Tote Bag,3,2024-05-29 14:56:00,9.3,10066,Spain,27.9,2024-05,2024-05-29
530436,SKU-008,Yoga Mat,4,2025-01-19 09:31:00,25.46,10092,Italy,101.84,2025-01,2025-01-19
530436,SKU-010,Bluetooth Speaker,1,2025-03-26 18:22:00,44.1,10073,France,44.1,2025-03,2025-03-26
530436,SKU-008,Yoga Mat,2,2024-10-05 19:27:00,23.96,10105,Netherlands,47.92,2024-10,2024-10-05
530437,SKU-001,Premium Coffee Beans,2,2025-02-15 10:18:00,11.63,10144,United Kingdom,23.26,2025-02,2025-02-15
530437,SKU-012,Phone Stand,2,2024-11-17 11:30:00,12.95,10078,Portugal,25.9,2024-11,2024-11-17
530437,SKU-006,Wireless Charger,1,2024-08-30 15:14:00,20.78,10001,Spain,20.78,2024-08,2024-08-30
530438,SKU-009,Running Socks,1,2024-08-31 11:37:00,6.32,10146,Spain,6.32,2024-08,2024-08-31
530438,SKU-011,Cotton Tote Bag,1,2024-03-15 13:58:00,9.74,10073,France,9.74,2024-03,2024-03-15
530438,SKU-010,Bluetooth Speaker,8,2024-06-10 21:53:00,46.63,10059,Germany,373.04,2024-06,2024-06-10
530439,SKU-012,Phone Stand,3,2025-04-16 18:29:00,13.13,10146,Spain,39.39,2025-04,2025-04-16
530439,SKU-003,Ceramic Mug,2,2024-04-27 22:18:00,7.27,10068,Netherlands,14.54,2024-04,2024-04-27
530439,SKU-012,Phone Stand,1,2024-11-03 19:24:00,12.49,10115,United Kingdom,12.49,2024-11,2024-11-03
530440,SKU-007,Desk Lamp,4,2024-08-27 21:43:00,30.01,10043,United Kingdom,120.04,2024-08,2024-08-27
530440,SKU-011,Cotton Tote Bag,1,2024-11-19 19:23:00,10.27,10127,United Kingdom,10.27,2024-11,2024-11-19
530440,SKU-008,Yoga Mat,3,2024-09-29 20:54:00,23.94,10058,Italy,71.82,2024-09,2024-09-29
530441,SKU-003,Ceramic Mug,4,2024-03-07 17:13:00,8.03,10019,Italy,32.12,2024-03,2024-03-07
530441,SKU-005,Notebook A5,2,2025-02-05 19:47:00,5.06,10055,Netherlands,10.12,2025-02,2025-02-05
530441,SKU-002,Organic Green Tea,2,2024-11-21 18:30:00,8.77,10078,Portugal,17.54,2024-11,2024-11-21
530442,SKU-003,Ceramic Mug,2,2024-12-25 10:12:00,7.85,10085,Netherlands,15.7,2024-12,2024-12-25
530442,SKU-003,Ceramic Mug,10,2024-08-21 17:31:00,6.52,10053,Netherlands,65.2,2024-08,2024-08-21
530442,SKU-002,Organic Green Tea,1,2024-05-03 20:26:00,8.25,10055,Netherlands,8.25,2024-05,2024-05-03
530443,SKU-008,Yoga Mat,2,2024-04-06 12:15:00,22.82,10010,Netherlands,45.64,2024-04,2024-04-06
530443,SKU-004,Reusable Bottle,1,2024-07-01 16:03:00,15.64,10017,Italy,15.64,2024-07,2024-07-01
530443,SKU-001,Premium Coffee Beans,4,2025-01-10 13:56:00,12.18,10144,United Kingdom,48.72,2025-01,2025-01-10
530444,SKU-005,Notebook A5,1,2024-11-29 13:43:00,4.95,10043,United Kingdom,4.95,2024-11,2024-11-29
530444,SKU-003,Ceramic Mug,1,2024-06-23 10:52:00,8.26,10077,United Kingdom,8.26,2024-06,2024-06-23
530444,SKU-009,Running Socks,3,2024-09-25 08:51:00,7.71,10107,France,23.13,2024-09,2024-09-25
530445,SKU-002,Organic Green Tea,5,2024-07-06 13:27:00,8.92,10090,Spain,44.6,2024-07,2024-07-06
530445,SKU-002,Organic Green Tea,1,2025-01-12 17:14:00,9.73,10099,Netherlands,9.73,2025-01,2025-01-12
530445,SKU-002,Organic Green Tea,1,2024-08-30 16:14:00,9.46,10069,Spain,9.46,2024-08,2024-08-30
530446,SKU-008,Yoga Mat,1,2024-09-17 12:21:00,21.7,10090,Spain,21.7,2024-09,2024-09-17
530446,SKU-006,Wireless Charger,1,2024-08-30 20:02:00,25.18,10109,Italy,25.18,2024-08,2024-08-30
530446,SKU-009,Running Socks,1,2024-08-11 12:57:00,6.61,10010,Netherlands,6.61,2024-08,2024-08-11
530447,SKU-003,Ceramic Mug,10,2024-12-18 21:44:00,8.07,10052,Spain,80.7,2024-12,2024-12-18
530447,SKU-009,Running Socks,1,2024-07-11 17:42:00,6.61,10140,France,6.61,2024-07,2024-07-11
530447,SKU-002,Organic Green Tea,2,2024-06-20 19:03:00,8.45,10120,Portugal,16.9,2024-06,2024-06-20
530448,SKU-008,Yoga Mat,2,2025-01-17 20:29:00,23.88,10069,Spain,47.76,2025-01,2025-01-17
530448,SKU-002,Organic Green Tea,1,2024-11-17 09:50:00,9.63,10135,Netherlands,9.63,2024-11,2024-11-17
530448,SKU-010,Bluetooth Speaker,1,2024-06-09 17:50:00,45.87,10135,Netherlands,45.87,2024-06,2024-06-09
530449,SKU-002,Organic Green Tea,2,2025-02-20 21:35:00,7.89,10063,Netherlands,15.78,2025-02,2025-02-20
530449,SKU-001,Premium Coffee Beans,1,2025-01-19 16:06:00,14.72,10064,Portugal,14.72,2025-01,2025-01-19
530449,SKU-003,Ceramic Mug,1,2024-12-02 18:07:00,7.73,10068,Netherlands,7.73,2024-12,2024-12-02
530450,SKU-004,Reusable Bottle,4,2025-03-21 22:23:00,15.59,10054,Spain,62.36,2025-03,2025-03-21
530450,SKU-003,Ceramic Mug,1,2024-09-29 19:18:00,7.27,10078,Portugal,7.27,2024-09,2024-09-29
530450,SKU-012,Phone Stand,1,2024-06-26 15:48:00,10.92,10048,France,10.92,2024-06,2024-06-26
530451,SKU-009,Running Socks,2,2024-10-05 15:46:00,6.88,10075,France,13.76,2024-10,2024-10-05
530451,SKU-002,Organic Green Tea,3,2024-08-31 10:41:00,9.75,10063,Netherlands,29.25,2024-08,2024-08-31
530451,SKU-006,Wireless Charger,2,2024-03-20 13:52:00,24.35,10063,Netherlands,48.7,2024-03,2024-03-20
530452,SKU-003,Ceramic Mug,5,2025-04-26 09:54:00,6.99,10124,Germany,34.95,2025-04,2025-04-26
530452,SKU-004,Reusable Bottle,1,2024-09-23 15:26:00,14.09,10078,Portugal,14.09,2024-09,2024-09-23
530452,SKU-001,Premium Coffee Beans,4,2024-08-25 11:53:00,12.51,10126,United Kingdom,50.04,2024-08,2024-08-25
530453,SKU-008,Yoga Mat,2,2024-07-16 13:18:00,27.06,10024,Germany,54.12,2024-07,2024-07-16
530453,SKU-009,Running Socks,2,2024-09-22 10:05:00,6.29,10096,Portugal,12.58,2024-09,2024-09-22
530453,SKU-005,Notebook A5,2,2025-04-17 13:45:00,5.59,10140,France,11.18,2025-04,2025-04-17
530454,SKU-007,Desk Lamp,1,2024-10-12 13:40:00,34.37,10100,Italy,34.37,2024-10,2024-10-12
530454,SKU-011,Cotton Tote Bag,2,2024-06-17 11:09:00,11.32,10109,Italy,22.64,2024-06,2024-06-17
530454,SKU-009,Running Socks,1,2025-02-14 14:50:00,6.71,10147,Italy,6.71,2025-02,2025-02-14
530455,SKU-004,Reusable Bottle,1,2025-03-12 10:51:00,13.88,10099,Netherlands,13.88,2025-03,2025-03-12
530455,SKU-007,Desk Lamp,1,2024-07-20 14:58:00,33.43,10069,Spain,33.43,2024-07,2024-07-20
530455,SKU-007,Desk Lamp,2,2025-03-26 22:29:00,34.69,10021,Portugal,69.38,2025-03,2025-03-26
530456,SKU-009,Running Socks,1,2024-07-20 20:43:00,7.1,10126,United Kingdom,7.1,2024-07,2024-07-20
530456,SKU-006,Wireless Charger,5,2024-05-14 08:28:00,25.78,10010,Netherlands,128.9,2024-05,2024-05-14
530456,SKU-003,Ceramic Mug,3,2024-05-17 20:00:00,6.55,10016,France,19.65,2024-05,2024-05-17
530457,SKU-012,Phone Stand,1,2024-11-07 20:33:00,11.95,10101,Germany,11.95,2024-11,2024-11-07
530457,SKU-002,Organic Green Tea,5,2024-08-25 09:21:00,9.21,10019,Italy,46.05,2024-08,2024-08-25
530457,SKU-006,Wireless Charger,2,2024-07-13 14:49:00,21.76,10069,Spain,43.52,2024-07,2024-07-13
530458,SKU-003,Ceramic Mug,1,2024-08-08 14:03:00,7.69,10075,France,7.69,2024-08,2024-08-08
530458,SKU-007,Desk Lamp,1,2024-07-24 20:02:00,31.59,10099,Netherlands,31.59,2024-07,2024-07-24
530458,SKU-011,Cotton Tote Bag,1,2024-03-21 22:41:00,11.38,10018,Spain,11.38,2024-03,2024-03-21
530459,SKU-003,Ceramic Mug,1,2024-02-20 22:36:00,7.77,10104,Spain,7.77,2024-02,2024-02-20
530459,SKU-001,Premium Coffee Beans,3,2025-02-06 18:45:00,13.54,10063,Netherlands,40.62,2025-02,2025-02-06
530459,SKU-011,Cotton Tote Bag,3,2025-03-01 22:33:00,10.35,10032,Portugal,31.05,2025-03,2025-03-01
530460,SKU-005,Notebook A5,1,2024-08-06 14:25:00,5.85,10097,Germany,5.85,2024-08,2024-08-06
530460,SKU-011,Cotton Tote Bag,2,2024-12-03 19:35:00,9.33,10140,France,18.66,2024-12,2024-12-03
530460,SKU-005,Notebook A5,2,2024-05-28 19:47:00,5.72,10037,Italy,11.44,2024-05,2024-05-28
530461,SKU-006,Wireless Charger,3,2024-12-11 22:22:00,23.27,10047,Netherlands,69.81,2024-12,2024-12-11
530461,SKU-001,Premium Coffee Beans,2,2025-04-14 21:17:00,13.62,10032,Portugal,27.24,2025-04,2025-04-14
530461,SKU-009,Running Socks,1,2024-07-19 17:58:00,6.55,10010,Netherlands,6.55,2024-07,2024-07-19
530462,SKU-003,Ceramic Mug,3,2024-06-28 19:25:00,7.07,10116,United Kingdom,21.21,2024-06,2024-06-28
530462,SKU-008,Yoga Mat,4,2024-09-07 18:13:00,25.54,10041,Spain,102.16,2024-09,2024-09-07
530462,SKU-009,Running Socks,2,2024-08-07 17:50:00,6.8,10061,Portugal,13.6,2024-08,2024-08-07
530463,SKU-010,Bluetooth Speaker,2,2024-07-10 18:28:00,42.18,10086,Portugal,84.36,2024-07,2024-07-10
530463,SKU-012,Phone Stand,1,2024-10-11 13:56:00,12.98,10055,Netherlands,12.98,2024-10,2024-10-11
530463,SKU-011,Cotton Tote Bag,1,2024-06-04 14:49:00,10.15,10010,Netherlands,10.15,2024-06,2024-06-04
530464,SKU-004,Reusable Bottle,2,2024-06-23 22:19:00,15.73,10063,Netherlands,31.46,2024-06,2024-06-23
530464,SKU-002,Organic Green Tea,5,2025-03-04 08:34:00,9.29,10130,Portugal,46.45,2025-03,2025-03-04
530464,SKU-006,Wireless Charger,1,2024-06-06 14:46:00,20.65,10134,Netherlands,20.65,2024-06,2024-06-06
530465,SKU-012,Phone Stand,5,2024-06-01 19:56:00,12.18,10100,Italy,60.9,2024-06,2024-06-01
530465,SKU-003,Ceramic Mug,5,2024-10-16 16:34:00,8.23,10105,Netherlands,41.15,2024-10,2024-10-16
530465,SKU-005,Notebook A5,1,2024-09-17 11:05:00,5.38,10053,Netherlands,5.38,2024-09,2024-09-17
530466,SKU-009,Running Socks,2,2024-11-19 16:19:00,7.5,10000,Netherlands,15.0,2024-11,2024-11-19
530466,SKU-009,Running Socks,2,2024-07-31 13:48:00,6.24,10053,Netherlands,12.48,2024-07,2024-07-31
530466,SKU-011,Cotton Tote Bag,1,2024-04-10 10:01:00,10.78,10078,Portugal,10.78,2024-04,2024-04-10
530467,SKU-001,Premium Coffee Beans,6,2024-09-10 22:50:00,14.78,10003,Portugal,88.68,2024-09,2024-09-10
530467,SKU-009,Running Socks,2,2024-07-27 17:16:00,7.67,10010,Netherlands,15.34,2024-07,2024-07-27
530467,SKU-004,Reusable Bottle,1,2025-01-01 21:49:00,14.9,10055,Netherlands,14.9,2025-01,2025-01-01
530468,SKU-005,Notebook A5,1,2024-10-19 19:27:00,5.2,10005,Spain,5.2,2024-10,2024-10-19
530468,SKU-009,Running Socks,1,2024-09-30 09:46:00,7.51,10063,Netherlands,7.51,2024-09,2024-09-30
530468,SKU-001,Premium Coffee Beans,1,2024-04-15 21:23:00,12.26,10061,Portugal,12.26,2024-04,2024-04-15
530469,SKU-005,Notebook A5,1,2024-09-14 18:32:00,6.14,10026,France,6.14,2024-09,2024-09-14
530469,SKU-006,Wireless Charger,2,2024-09-13 09:03:00,23.57,10014,United Kingdom,47.14,2024-09,2024-09-13
530469,SKU-011,Cotton Tote Bag,1,2024-03-12 09:28:00,10.57,10128,Netherlands,10.57,2024-03,2024-03-12
530470,SKU-005,Notebook A5,1,2024-06-26 17:47:00,5.28,10053,Netherlands,5.28,2024-06,2024-06-26
530470,SKU-001,Premium Coffee Beans,1,2024-08-15 15:21:00,13.17,10084,United Kingdom,13.17,2024-08,2024-08-15
530470,SKU-004,Reusable Bottle,6,2024-03-16 20:47:00,17.07,10065,Netherlands,102.42,2024-03,2024-03-16
530471,SKU-010,Bluetooth Speaker,3,2024-08-19 17:45:00,45.61,10078,Portugal,136.83,2024-08,2024-08-19
530471,SKU-011,Cotton Tote Bag,4,2024-06-21 18:34:00,9.4,10130,Portugal,37.6,2024-06,2024-06-21
530471,SKU-010,Bluetooth Speaker,4,2024-07-19 11:22:00,47.84,10069,Spain,191.36,2024-07,2024-07-19
530472,SKU-005,Notebook A5,2,2024-09-23 12:42:00,5.4,10100,Italy,10.8,2024-09,2024-09-23
530472,SKU-012,Phone Stand,2,2024-11-11 17:43:00,11.34,10144,United Kingdom,22.68,2024-11,2024-11-11
530472,SKU-003,Ceramic Mug,1,2024-06-24 19:24:00,7.77,10096,Portugal,7.77,2024-06,2024-06-24
530473,SKU-009,Running Socks,2,2024-07-02 19:15:00,7.24,10073,France,14.48,2024-07,2024-07-02
530473,SKU-002,Organic Green Tea,2,2024-07-09 13:33:00,9.17,10063,Netherlands,18.34,2024-07,2024-07-09
530473,SKU-010,Bluetooth Speaker,1,2024-07-12 11:52:00,47.94,10114,Italy,47.94,2024-07,2024-07-12
530474,SKU-006,Wireless Charger,2,2024-10-27 15:06:00,22.86,10099,Netherlands,45.72,2024-10,2024-10-27
530474,SKU-003,Ceramic Mug,1,2024-05-20 19:27:00,7.73,10059,Germany,7.73,2024-05,2024-05-20
530474,SKU-007,Desk Lamp,5,2024-12-18 09:05:00,35.1,10017,Italy,175.5,2024-12,2024-12-18
530475,SKU-001,Premium Coffee Beans,1,2024-12-27 14:56:00,12.12,10134,Netherlands,12.12,2024-12,2024-12-27
530475,SKU-003,Ceramic Mug,3,2024-04-06 15:13:00,8.26,10006,Spain,24.78,2024-04,2024-04-06
530475,SKU-008,Yoga Mat,2,2024-06-24 09:23:00,25.64,10096,Portugal,51.28,2024-06,2024-06-24
530476,SKU-011,Cotton Tote Bag,3,2024-05-25 16:25:00,10.64,10010,Netherlands,31.92,2024-05,2024-05-25
530476,SKU-010,Bluetooth Speaker,1,2024-09-02 16:33:00,42.4,10040,Italy,42.4,2024-09,2024-09-02
530476,SKU-007,Desk Lamp,1,2024-07-25 21:16:00,32.82,10102,Portugal,32.82,2024-07,2024-07-25
530477,SKU-010,Bluetooth Speaker,1,2024-12-14 15:40:00,42.52,10046,Germany,42.52,2024-12,2024-12-14
530477,SKU-007,Desk Lamp,1,2024-08-18 15:44:00,32.62,10016,France,32.62,2024-08,2024-08-18
530477,SKU-008,Yoga Mat,3,2024-03-11 19:26:00,24.19,10057,France,72.57,2024-03,2024-03-11
530478,SKU-003,Ceramic Mug,2,2025-03-11 10:32:00,7.4,10058,Italy,14.8,2025-03,2025-03-11
530478,SKU-003,Ceramic Mug,1,2024-03-03 15:45:00,6.78,10146,Spain,6.78,2024-03,2024-03-03
530478,SKU-008,Yoga Mat,1,2024-04-20 10:45:00,24.2,10059,Germany,24.2,2024-04,2024-04-20
530479,SKU-009,Running Socks,1,2024-07-11 21:33:00,7.74,10052,Spain,7.74,2024-07,2024-07-11
530479,SKU-002,Organic Green Tea,2,2024-10-06 19:13:00,8.56,10048,France,17.12,2024-10,2024-10-06
530479,SKU-008,Yoga Mat,1,2024-10-01 15:02:00,23.7,10042,France,23.7,2024-10,2024-10-01
530480,SKU-012,Phone Stand,1,2025-01-12 10:35:00,11.62,10037,Italy,11.62,2025-01,2025-01-12
530480,SKU-006,Wireless Charger,1,2025-01-08 22:07:00,23.74,10085,Netherlands,23.74,2025-01,2025-01-08
530480,SKU-010,Bluetooth Speaker,5,2024-11-08 21:26:00,41.75,10068,Netherlands,208.75,2024-11,2024-11-08
530481,SKU-002,Organic Green Tea,3,2024-12-22 09:23:00,8.81,10031,France,26.43,2024-12,2024-12-22
530481,SKU-010,Bluetooth Speaker,2,2024-08-22 12:02:00,48.15,10077,United Kingdom,96.3,2024-08,2024-08-22
530481,SKU-009,Running Socks,6,2024-11-19 10:07:00,7.3,10019,Italy,43.8,2024-11,2024-11-19
530482,SKU-006,Wireless Charger,1,2024-08-14 12:23:00,24.4,10051,Germany,24.4,2024-08,2024-08-14
530482,SKU-005,Notebook A5,1,2024-10-07 12:31:00,5.96,10086,Portugal,5.96,2024-10,2024-10-07
530482,SKU-001,Premium Coffee Beans,1,2024-11-22 20:09:00,13.37,10007,Germany,13.37,2024-11,2024-11-22
530483,SKU-003,Ceramic Mug,1,2025-04-13 20:37:00,6.58,10091,France,6.58,2025-04,2025-04-13
530483,SKU-007,Desk Lamp,1,2024-05-21 08:59:00,31.37,10069,Spain,31.37,2024-05,2024-05-21
530483,SKU-005,Notebook A5,6,2025-02-22 22:18:00,5.31,10026,France,31.86,2025-02,2025-02-22
530484,SKU-004,Reusable Bottle,2,2024-12-14 10:52:00,15.85,10089,Netherlands,31.7,2024-12,2024-12-14
530484,SKU-012,Phone Stand,2,2024-11-18 15:00:00,11.82,10000,Netherlands,23.64,2024-11,2024-11-18
530484,SKU-002,Organic Green Tea,4,2024-09-13 16:22:00,8.94,10134,Netherlands,35.76,2024-09,2024-09-13
530485,SKU-002,Organic Green Tea,1,2024-07-20 21:02:00,8.04,10147,Italy,8.04,2024-07,2024-07-20
530485,SKU-007,Desk Lamp,2,2024-04-24 15:36:00,36.08,10131,Germany,72.16,2024-04,2024-04-24
530485,SKU-005,Notebook A5,3,2024-03-18 17:28:00,5.54,10102,Portugal,16.62,2024-03,2024-03-18
530486,SKU-006,Wireless Charger,2,2024-10-22 20:24:00,25.29,10099,Netherlands,50.58,2024-10,2024-10-22
530486,SKU-008,Yoga Mat,3,2024-05-22 21:46:00,23.23,10057,France,69.69,2024-05,2024-05-22
530486,SKU-010,Bluetooth Speaker,1,2024-08-05 10:48:00,49.56,10010,Netherlands,49.56,2024-08,2024-08-05
530487,SKU-003,Ceramic Mug,1,2024-10-18 16:40:00,6.58,10091,France,6.58,2024-10,2024-10-18
530487,SKU-008,Yoga Mat,2,2024-10-15 20:28:00,26.24,10032,Portugal,52.48,2024-10,2024-10-15
530487,SKU-011,Cotton Tote Bag,2,2024-10-28 15:09:00,11.29,10061,Portugal,22.58,2024-10,2024-10-28
530488,SKU-012,Phone Stand,2,2024-10-03 13:05:00,13.22,10037,Italy,26.44,2024-10,2024-10-03
530488,SKU-010,Bluetooth Speaker,2,2024-07-27 18:39:00,46.42,10034,Italy,92.84,2024-07,2024-07-27
530488,SKU-007,Desk Lamp,1,2024-09-25 14:14:00,30.99,10040,Italy,30.99,2024-09,2024-09-25
530489,SKU-007,Desk Lamp,1,2024-03-19 13:34:00,35.83,10032,Portugal,35.83,2024-03,2024-03-19
530489,SKU-001,Premium Coffee Beans,3,2024-08-17 18:56:00,14.52,10078,Portugal,43.56,2024-08,2024-08-17
530489,SKU-008,Yoga Mat,2,2024-09-04 19:17:00,26.0,10068,Netherlands,52.0,2024-09,2024-09-04
530490,SKU-011,Cotton Tote Bag,1,2024-05-14 09:55:00,10.41,10078,Portugal,10.41,2024-05,2024-05-14
530490,SKU-003,Ceramic Mug,1,2024-08-10 19:01:00,7.41,10068,Netherlands,7.41,2024-08,2024-08-10
530490,SKU-010,Bluetooth Speaker,1,2024-07-27 18:50:00,49.75,10120,Portugal,49.75,2024-07,2024-07-27
530491,SKU-012,Phone Stand,1,2024-12-26 12:35:00,11.77,10090,Spain,11.77,2024-12,2024-12-26
530491,SKU-011,Cotton Tote Bag,8,2025-02-22 09:41:00,9.8,10069,Spain,78.4,2025-02,2025-02-22
530491,SKU-009,Running Socks,1,2024-03-02 09:12:00,6.25,10024,Germany,6.25,2024-03,2024-03-02
530492,SKU-010,Bluetooth Speaker,5,2025-01-08 16:36:00,46.25,10060,France,231.25,2025-01,2025-01-08
530492,SKU-001,Premium Coffee Beans,1,2024-06-13 17:33:00,11.69,10078,Portugal,11.69,2024-06,2024-06-13
530492,SKU-004,Reusable Bottle,1,2025-01-07 20:30:00,15.91,10106,France,15.91,2025-01,2025-01-07
530493,SKU-009,Running Socks,1,2024-10-11 22:01:00,7.76,10040,Italy,7.76,2024-10,2024-10-11
530493,SKU-002,Organic Green Tea,1,2024-09-29 18:59:00,8.31,10100,Italy,8.31,2024-09,2024-09-29
530493,SKU-009,Running Socks,2,2024-10-07 10:01:00,6.94,10148,Germany,13.88,2024-10,2024-10-07
530494,SKU-005,Notebook A5,1,2024-03-01 20:13:00,5.39,10084,United Kingdom,5.39,2024-03,2024-03-01
530494,SKU-004,Reusable Bottle,2,2024-04-12 21:45:00,16.82,10140,France,33.64,2024-04,2024-04-12
530494,SKU-010,Bluetooth Speaker,1,2024-07-11 15:05:00,46.99,10044,Germany,46.99,2024-07,2024-07-11
530495,SKU-009,Running Socks,1,2024-11-08 17:20:00,6.76,10075,France,6.76,2024-11,2024-11-08
530495,SKU-007,Desk Lamp,1,2024-12-01 17:02:00,33.58,10110,France,33.58,2024-12,2024-12-01
530495,SKU-008,Yoga Mat,1,2024-10-22 21:59:00,22.08,10097,Germany,22.08,2024-10,2024-10-22
530496,SKU-001,Premium Coffee Beans,1,2024-05-16 13:27:00,13.47,10124,Germany,13.47,2024-05,2024-05-16
530496,SKU-003,Ceramic Mug,1,2025-02-04 14:01:00,8.23,10105,Netherlands,8.23,2025-02,2025-02-04
530496,SKU-009,Running Socks,1,2024-11-16 13:24:00,6.78,10084,United Kingdom,6.78,2024-11,2024-11-16
530497,SKU-005,Notebook A5,5,2025-03-01 09:07:00,6.11,10069,Spain,30.55,2025-03,2025-03-01
530497,SKU-002,Organic Green Tea,1,2024-07-11 16:10:00,8.59,10043,United Kingdom,8.59,2024-07,2024-07-11
530497,SKU-005,Notebook A5,1,2024-10-09 10:11:00,5.89,10051,Germany,5.89,2024-10,2024-10-09
530498,SKU-005,Notebook A5,3,2024-03-04 20:05:00,4.92,10103,Netherlands,14.76,2024-03,2024-03-04
530498,SKU-003,Ceramic Mug,2,2024-09-27 12:26:00,6.57,10110,France,13.14,2024-09,2024-09-27
530498,SKU-011,Cotton Tote Bag,2,2025-01-02 10:03:00,11.18,10043,United Kingdom,22.36,2025-01,2025-01-02
530499,SKU-010,Bluetooth Speaker,2,2024-12-21 13:11:00,46.55,10069,Spain,93.1,2024-12,2024-12-21
530499,SKU-001,Premium Coffee Beans,4,2024-12-03 19:03:00,14.54,10072,Portugal,58.16,2024-12,2024-12-03
530499,SKU-005,Notebook A5,2,2024-12-25 14:06:00,5.01,10037,Italy,10.02,2024-12,2024-12-25
530500,SKU-006,Wireless Charger,1,2024-12-11 10:26:00,24.11,10111,United Kingdom,24.11,2024-12,2024-12-11
530500,SKU-006,Wireless Charger,1,2024-10-27 12:24:00,24.24,10032,Portugal,24.24,2024-10,2024-10-27
530500,SKU-002,Organic Green Tea,4,2024-09-11 08:12:00,8.72,10063,Netherlands,34.88,2024-09,2024-09-11
530501,SKU-004,Reusable Bottle,5,2024-05-28 20:38:00,15.48,10012,Portugal,77.4,2024-05,2024-05-28
530501,SKU-010,Bluetooth Speaker,1,2024-09-13 11:31:00,43.21,10114,Italy,43.21,2024-09,2024-09-13
530501,SKU-009,Running Socks,2,2024-12-31 20:32:00,7.75,10107,France,15.5,2024-12,2024-12-31
530502,SKU-007,Desk Lamp,2,2024-09-19 09:17:00,31.38,10090,Spain,62.76,2024-09,2024-09-19
530502,SKU-001,Premium Coffee Beans,4,2024-08-16 13:29:00,12.62,10090,Spain,50.48,2024-08,2024-08-16
530502,SKU-009,Running Socks,1,2024-04-05 14:04:00,7.07,10059,Germany,7.07,2024-04,2024-04-05
530503,SKU-008,Yoga Mat,2,2024-07-31 08:26:00,25.28,10069,Spain,50.56,2024-07,2024-07-31
530503,SKU-011,Cotton Tote Bag,6,2024-09-28 11:58:00,9.02,10130,Portugal,54.12,2024-09,2024-09-28
530503,SKU-001,Premium Coffee Beans,2,2024-07-23 12:35:00,12.08,10144,United Kingdom,24.16,2024-07,2024-07-23
530504,SKU-010,Bluetooth Speaker,1,2024-03-16 18:06:00,50.65,10024,Germany,50.65,2024-03,2024-03-16
530504,SKU-004,Reusable Bottle,2,2024-12-19 20:35:00,16.47,10074,Netherlands,32.94,2024-12,2024-12-19
530504,SKU-011,Cotton Tote Bag,6,2024-08-22 20:08:00,11.26,10130,Portugal,67.56,2024-08,2024-08-22
530505,SKU-005,Notebook A5,1,2024-10-27 17:26:00,5.79,10101,Germany,5.79,2024-10,2024-10-27
530505,SKU-008,Yoga Mat,1,2024-09-29 09:54:00,21.67,10134,Netherlands,21.67,2024-09,2024-09-29
530505,SKU-011,Cotton Tote Bag,1,2024-09-12 16:13:00,10.93,10051,Germany,10.93,2024-09,2024-09-12
530506,SKU-003,Ceramic Mug,2,2024-06-08 13:34:00,6.7,10035,Spain,13.4,2024-06,2024-06-08
530506,SKU-003,Ceramic Mug,1,2024-09-29 20:15:00,6.54,10071,France,6.54,2024-09,2024-09-29
530506,SKU-009,Running Socks,2,2024-10-01 14:58:00,6.26,10019,Italy,12.52,2024-10,2024-10-01
530507,SKU-009,Running Socks,3,2024-11-09 15:02:00,6.44,10078,Portugal,19.32,2024-11,2024-11-09
530507,SKU-001,Premium Coffee Beans,2,2024-03-09 21:29:00,14.37,10081,Germany,28.74,2024-03,2024-03-09
530507,SKU-010,Bluetooth Speaker,3,2024-12-17 12:41:00,48.88,10134,Netherlands,146.64,2024-12,2024-12-17
530508,SKU-003,Ceramic Mug,2,2024-12-10 08:03:00,7.67,10086,Portugal,15.34,2024-12,2024-12-10
530508,SKU-008,Yoga Mat,1,2025-01-21 12:38:00,21.7,10051,Germany,21.7,2025-01,2025-01-21
530508,SKU-005,Notebook A5,6,2024-11-04 21:43:00,6.2,10099,Netherlands,37.2,2024-11,2024-11-04
530509,SKU-007,Desk Lamp,1,2024-12-18 13:53:00,30.59,10098,Spain,30.59,2024-12,2024-12-18
530509,SKU-011,Cotton Tote Bag,1,2024-07-02 11:37:00,9.98,10063,Netherlands,9.98,2024-07,2024-07-02
530509,SKU-009,Running Socks,2,2024-12-13 12:02:00,6.72,10058,Italy,13.44,2024-12,2024-12-13
530510,SKU-003,Ceramic Mug,2,2024-10-23 19:34:00,8.1,10037,Italy,16.2,2024-10,2024-10-23
530510,SKU-010,Bluetooth Speaker,3,2024-09-12 09:19:00,47.49,10004,United Kingdom,142.47,2024-09,2024-09-12
530510,SKU-002,Organic Green Tea,1,2024-06-17 14:44:00,8.19,10016,France,8.19,2024-06,2024-06-17
530511,SKU-002,Organic Green Tea,3,2024-11-17 21:08:00,8.91,10069,Spain,26.73,2024-11,2024-11-17
530511,SKU-012,Phone Stand,1,2025-03-17 16:17:00,11.96,10074,Netherlands,11.96,2025-03,2025-03-17
530511,SKU-007,Desk Lamp,1,2024-10-06 11:39:00,32.47,10043,United Kingdom,32.47,2024-10,2024-10-06
530512,SKU-009,Running Socks,3,2024-11-03 20:20:00,7.35,10003,Portugal,22.05,2024-11,2024-11-03
530512,SKU-011,Cotton Tote Bag,1,2025-02-14 13:40:00,11.04,10013,Italy,11.04,2025-02,2025-02-14
530512,SKU-005,Notebook A5,1,2024-08-24 20:45:00,5.34,10046,Germany,5.34,2024-08,2024-08-24
530513,SKU-008,Yoga Mat,6,2024-08-01 12:15:00,21.97,10097,Germany,131.82,2024-08,2024-08-01
530513,SKU-011,Cotton Tote Bag,1,2025-02-27 13:21:00,10.55,10132,Italy,10.55,2025-02,2025-02-27
530513,SKU-004,Reusable Bottle,1,2024-03-12 15:38:00,15.33,10141,Spain,15.33,2024-03,2024-03-12
530514,SKU-006,Wireless Charger,1,2025-03-03 08:58:00,25.32,10064,Portugal,25.32,2025-03,2025-03-03
530514,SKU-012,Phone Stand,1,2024-11-13 10:41:00,12.44,10094,Italy,12.44,2024-11,2024-11-13
530514,SKU-001,Premium Coffee Beans,5,2024-05-24 17:30:00,12.47,10063,Netherlands,62.35,2024-05,2024-05-24
530515,SKU-001,Premium Coffee Beans,3,2024-10-09 22:00:00,12.63,10013,Italy,37.89,2024-10,2024-10-09
530515,SKU-011,Cotton Tote Bag,1,2024-05-24 10:26:00,10.03,10027,Netherlands,10.03,2024-05,2024-05-24
530515,SKU-009,Running Socks,1,2025-01-10 22:44:00,7.1,10043,United Kingdom,7.1,2025-01,2025-01-10
530516,SKU-012,Phone Stand,1,2024-08-01 15:48:00,11.73,10102,Portugal,11.73,2024-08,2024-08-01
530516,SKU-007,Desk Lamp,1,2025-01-07 16:05:00,35.75,10032,Portugal,35.75,2025-01,2025-01-07
530516,SKU-011,Cotton Tote Bag,1,2025-03-03 18:04:00,9.12,10015,United Kingdom,9.12,2025-03,2025-03-03
530517,SKU-009,Running Socks,6,2025-03-23 08:57:00,7.02,10090,Spain,42.12,2025-03,2025-03-23
530517,SKU-011,Cotton Tote Bag,1,2025-01-17 15:43:00,11.17,10027,Netherlands,11.17,2025-01,2025-01-17
530517,SKU-002,Organic Green Tea,2,2024-11-15 13:52:00,9.06,10084,United Kingdom,18.12,2024-11,2024-11-15
530518,SKU-007,Desk Lamp,2,2024-09-15 21:38:00,30.22,10120,Portugal,60.44,2024-09,2024-09-15
530518,SKU-006,Wireless Charger,1,2024-07-10 14:11:00,25.2,10105,Netherlands,25.2,2024-07,2024-07-10
530518,SKU-012,Phone Stand,5,2024-05-23 08:07:00,12.22,10099,Netherlands,61.1,2024-05,2024-05-23
530519,SKU-008,Yoga Mat,4,2024-04-21 13:59:00,25.54,10043,United Kingdom,102.16,2024-04,2024-04-21
530519,SKU-004,Reusable Bottle,1,2025-02-28 15:00:00,16.69,10110,France,16.69,2025-02,2025-02-28
530519,SKU-004,Reusable Bottle,1,2024-07-11 19:01:00,14.55,10047,Netherlands,14.55,2024-07,2024-07-11
530520,SKU-005,Notebook A5,6,2024-04-03 18:58:00,5.5,10130,Portugal,33.0,2024-04,2024-04-03
530520,SKU-012,Phone Stand,1,2024-08-05 13:12:00,11.26,10076,Germany,11.26,2024-08,2024-08-05
530520,SKU-002,Organic Green Tea,2,2024-11-03 21:39:00,7.94,10074,Netherlands,15.88,2024-11,2024-11-03
530521,SKU-011,Cotton Tote Bag,2,2025-01-17 12:51:00,10.02,10116,United Kingdom,20.04,2025-01,2025-01-17
530521,SKU-012,Phone Stand,4,2024-08-22 11:14:00,11.45,10131,Germany,45.8,2024-08,2024-08-22
530521,SKU-008,Yoga Mat,2,2025-02-09 13:02:00,26.38,10140,France,52.76,2025-02,2025-02-09
530522,SKU-005,Notebook A5,1,2024-07-09 15:57:00,6.17,10084,United Kingdom,6.17,2024-07,2024-07-09
530522,SKU-012,Phone Stand,1,2024-11-04 19:38:00,12.46,10051,Germany,12.46,2024-11,2024-11-04
530522,SKU-004,Reusable Bottle,1,2024-08-30 08:12:00,13.58,10046,Germany,13.58,2024-08,2024-08-30
530523,SKU-011,Cotton Tote Bag,1,2024-12-30 14:07:00,10.9,10110,France,10.9,2024-12,2024-12-30
530523,SKU-005,Notebook A5,1,2024-09-11 17:32:00,5.46,10094,Italy,5.46,2024-09,2024-09-11
530523,SKU-008,Yoga Mat,3,2024-09-02 10:35:00,26.6,10052,Spain,79.8,2024-09,2024-09-02
530524,SKU-004,Reusable Bottle,1,2025-03-22 18:47:00,15.7,10019,Italy,15.7,2025-03,2025-03-22
530524,SKU-010,Bluetooth Speaker,2,2024-06-13 18:43:00,48.59,10070,Germany,97.18,2024-06,2024-06-13
530524,SKU-010,Bluetooth Speaker,2,2024-09-25 17:11:00,50.78,10016,France,101.56,2024-09,2024-09-25
530525,SKU-002,Organic Green Tea,1,2024-09-25 17:08:00,7.84,10073,France,7.84,2024-09,2024-09-25
530525,SKU-012,Phone Stand,1,2024-09-10 09:08:00,10.59,10035,Spain,10.59,2024-09,2024-09-10
530525,SKU-005,Notebook A5,5,2024-11-08 22:36:00,4.96,10067,United Kingdom,24.8,2024-11,2024-11-08
530526,SKU-004,Reusable Bottle,2,2025-01-20 22:33:00,13.62,10040,Italy,27.24,2025-01,2025-01-20
530526,SKU-012,Phone Stand,2,2024-09-18 20:17:00,13.1,10116,United Kingdom,26.2,2024-09,2024-09-18
530526,SKU-004,Reusable Bottle,3,2024-07-29 21:43:00,15.58,10105,Netherlands,46.74,2024-07,2024-07-29
530527,SKU-001,Premium Coffee Beans,1,2024-09-25 19:43:00,12.37,10084,United Kingdom,12.37,2024-09,2024-09-25
530527,SKU-009,Running Socks,1,2024-11-15 17:16:00,7.79,10024,Germany,7.79,2024-11,2024-11-15
530527,SKU-011,Cotton Tote Bag,2,2024-04-23 16:56:00,11.15,10064,Portugal,22.3,2024-04,2024-04-23
530528,SKU-008,Yoga Mat,3,2024-12-05 08:27:00,23.14,10078,Portugal,69.42,2024-12,2024-12-05
530528,SKU-011,Cotton Tote Bag,6,2024-04-15 18:41:00,10.6,10073,France,63.6,2024-04,2024-04-15
530528,SKU-001,Premium Coffee Beans,1,2025-01-03 21:20:00,14.62,10144,United Kingdom,14.62,2025-01,2025-01-03
530529,SKU-007,Desk Lamp,1,2024-07-23 21:26:00,28.63,10105,Netherlands,28.63,2024-07,2024-07-23
530529,SKU-005,Notebook A5,3,2024-10-12 09:43:00,5.34,10120,Portugal,16.02,2024-10,2024-10-12
530529,SKU-009,Running Socks,2,2024-11-11 15:31:00,7.78,10015,United Kingdom,15.56,2024-11,2024-11-11
530530,SKU-006,Wireless Charger,3,2024-11-17 16:48:00,24.22,10102,Portugal,72.66,2024-11,2024-11-17
530530,SKU-001,Premium Coffee Beans,4,2024-10-18 22:46:00,12.89,10063,Netherlands,51.56,2024-10,2024-10-18
530530,SKU-004,Reusable Bottle,1,2024-09-18 08:17:00,14.53,10016,France,14.53,2024-09,2024-09-18
530531,SKU-007,Desk Lamp,2,2024-05-25 16:28:00,34.65,10038,Germany,69.3,2024-05,2024-05-25
530531,SKU-006,Wireless Charger,2,2024-05-15 08:25:00,22.47,10068,Netherlands,44.94,2024-05,2024-05-15
530531,SKU-004,Reusable Bottle,3,2024-11-26 13:05:00,14.34,10061,Portugal,43.02,2024-11,2024-11-26
530532,SKU-010,Bluetooth Speaker,1,2025-04-06 20:01:00,51.21,10084,United Kingdom,51.21,2025-04,2025-04-06
530532,SKU-012,Phone Stand,2,2024-12-08 11:44:00,12.42,10078,Portugal,24.84,2024-12,2024-12-08
530532,SKU-007,Desk Lamp,6,2024-10-02 09:58:00,33.36,10099,Netherlands,200.16,2024-10,2024-10-02
530533,SKU-004,Reusable Bottle,2,2024-11-13 11:10:00,14.38,10122,Spain,28.76,2024-11,2024-11-13
530533,SKU-006,Wireless Charger,1,2024-09-08 12:04:00,23.22,10057,France,23.22,2024-09,2024-09-08
530533,SKU-011,Cotton Tote Bag,2,2024-12-02 18:06:00,9.74,10148,Germany,19.48,2024-12,2024-12-02
530534,SKU-001,Premium Coffee Beans,2,2024-11-01 15:27:00,12.56,10120,Portugal,25.12,2024-11,2024-11-01
530534,SKU-001,Premium Coffee Beans,2,2024-09-30 17:51:00,14.56,10076,Germany,29.12,2024-09,2024-09-30
530534,SKU-011,Cotton Tote Bag,6,2024-10-23 22:21:00,11.32,10132,Italy,67.92,2024-10,2024-10-23
530535,SKU-005,Notebook A5,1,2024-08-19 11:06:00,5.18,10120,Portugal,5.18,2024-08,2024-08-19
530535,SKU-008,Yoga Mat,1,2024-01-23 11:21:00,25.92,10001,Spain,25.92,2024-01,2024-01-23
530535,SKU-001,Premium Coffee Beans,1,2024-11-23 21:21:00,14.29,10063,Netherlands,14.29,2024-11,2024-11-23
530536,SKU-009,Running Socks,2,2024-08-28 20:15:00,6.74,10146,Spain,13.48,2024-08,2024-08-28
530536,SKU-002,Organic Green Tea,1,2024-08-14 20:38:00,9.76,10039,France,9.76,2024-08,2024-08-14
530536,SKU-010,Bluetooth Speaker,1,2024-06-02 15:48:00,48.57,10000,Netherlands,48.57,2024-06,2024-06-02
530537,SKU-002,Organic Green Tea,1,2024-05-16 18:28:00,8.51,10053,Netherlands,8.51,2024-05,2024-05-16
530537,SKU-010,Bluetooth Speaker,2,2024-04-20 09:05:00,49.39,10019,Italy,98.78,2024-04,2024-04-20
530537,SKU-001,Premium Coffee Beans,2,2024-08-16 22:02:00,12.84,10078,Portugal,25.68,2024-08,2024-08-16
530538,SKU-007,Desk Lamp,2,2024-09-10 13:56:00,32.04,10018,Spain,64.08,2024-09,2024-09-10
530538,SKU-012,Phone Stand,3,2024-11-19 09:50:00,10.76,10105,Netherlands,32.28,2024-11,2024-11-19
530538,SKU-003,Ceramic Mug,1,2024-10-31 08:58:00,7.17,10084,United Kingdom,7.17,2024-10,2024-10-31
530539,SKU-008,Yoga Mat,4,2024-10-07 08:19:00,23.73,10022,United Kingdom,94.92,2024-10,2024-10-07
530539,SKU-010,Bluetooth Speaker,2,2025-02-06 18:27:00,47.21,10008,United Kingdom,94.42,2025-02,2025-02-06
530539,SKU-002,Organic Green Tea,1,2024-09-24 09:43:00,9.35,10145,United Kingdom,9.35,2024-09,2024-09-24
530540,SKU-001,Premium Coffee Beans,1,2024-09-28 16:03:00,13.58,10073,France,13.58,2024-09,2024-09-28
530540,SKU-005,Notebook A5,2,2024-11-26 21:24:00,5.76,10102,Portugal,11.52,2024-11,2024-11-26
530540,SKU-007,Desk Lamp,1,2024-11-28 09:39:00,35.86,10037,Italy,35.86,2024-11,2024-11-28
530541,SKU-007,Desk Lamp,2,2024-07-16 11:55:00,30.12,10015,United Kingdom,60.24,2024-07,2024-07-16
530541,SKU-010,Bluetooth Speaker,2,2024-02-04 20:42:00,49.28,10069,Spain,98.56,2024-02,2024-02-04
530541,SKU-010,Bluetooth Speaker,6,2024-05-30 08:29:00,47.19,10118,Spain,283.14,2024-05,2024-05-30
530542,SKU-007,Desk Lamp,1,2024-09-23 15:50:00,34.51,10063,Netherlands,34.51,2024-09,2024-09-23
530542,SKU-007,Desk Lamp,6,2024-12-11 22:39:00,34.27,10006,Spain,205.62,2024-12,2024-12-11
530542,SKU-010,Bluetooth Speaker,1,2024-11-19 09:21:00,44.85,10107,France,44.85,2024-11,2024-11-19
530543,SKU-011,Cotton Tote Bag,1,2024-07-10 18:50:00,10.27,10133,Germany,10.27,2024-07,2024-07-10
530543,SKU-001,Premium Coffee Beans,1,2024-09-05 15:33:00,14.37,10051,Germany,14.37,2024-09,2024-09-05
530543,SKU-006,Wireless Charger,1,2024-06-24 17:12:00,22.95,10073,France,22.95,2024-06,2024-06-24
530544,SKU-002,Organic Green Tea,2,2024-05-03 09:00:00,8.12,10072,Portugal,16.24,2024-05,2024-05-03
530544,SKU-010,Bluetooth Speaker,1,2024-08-09 19:04:00,49.43,10058,Italy,49.43,2024-08,2024-08-09
530544,SKU-010,Bluetooth Speaker,1,2024-10-10 20:53:00,43.11,10051,Germany,43.11,2024-10,2024-10-10
530545,SKU-004,Reusable Bottle,2,2024-08-24 22:36:00,16.54,10101,Germany,33.08,2024-08,2024-08-24
530545,SKU-003,Ceramic Mug,4,2024-09-22 18:32:00,7.58,10043,United Kingdom,30.32,2024-09,2024-09-22
530545,SKU-005,Notebook A5,3,2024-10-03 13:26:00,5.88,10129,Italy,17.64,2024-10,2024-10-03
530546,SKU-008,Yoga Mat,2,2024-03-29 19:39:00,22.14,10063,Netherlands,44.28,2024-03,2024-03-29
530546,SKU-008,Yoga Mat,1,2024-05-25 10:15:00,26.37,10120,Portugal,26.37,2024-05,2024-05-25
530546,SKU-003,Ceramic Mug,1,2024-09-28 20:02:00,7.55,10000,Netherlands,7.55,2024-09,2024-09-28
530547,SKU-001,Premium Coffee Beans,1,2024-09-09 10:19:00,13.95,10109,Italy,13.95,2024-09,2024-09-09
530547,SKU-010,Bluetooth Speaker,2,2025-01-21 14:32:00,45.02,10069,Spain,90.04,2025-01,2025-01-21
530547,SKU-011,Cotton Tote Bag,1,2024-10-07 20:22:00,8.98,10058,Italy,8.98,2024-10,2024-10-07
530548,SKU-005,Notebook A5,3,2024-09-19 17:56:00,5.22,10069,Spain,15.66,2024-09,2024-09-19
530548,SKU-009,Running Socks,1,2024-11-13 20:09:00,7.26,10110,France,7.26,2024-11,2024-11-13
530548,SKU-003,Ceramic Mug,4,2024-06-07 15:19:00,8.26,10029,Italy,33.04,2024-06,2024-06-07
530549,SKU-010,Bluetooth Speaker,1,2024-06-07 13:18:00,40.66,10002,France,40.66,2024-06,2024-06-07
530549,SKU-006,Wireless Charger,2,2024-12-04 08:33:00,22.08,10103,Netherlands,44.16,2024-12,2024-12-04
530549,SKU-010,Bluetooth Speaker,2,2024-08-22 18:43:00,48.34,10063,Netherlands,96.68,2024-08,2024-08-22
530550,SKU-003,Ceramic Mug,1,2024-11-30 08:15:00,7.78,10086,Portugal,7.78,2024-11,2024-11-30
530550,SKU-009,Running Socks,1,2024-07-02 21:53:00,6.89,10091,France,6.89,2024-07,2024-07-02
530550,SKU-009,Running Socks,1,2024-12-10 21:03:00,7.31,10046,Germany,7.31,2024-12,2024-12-10
530551,SKU-007,Desk Lamp,1,2025-02-02 13:12:00,29.86,10078,Portugal,29.86,2025-02,2025-02-02
530551,SKU-004,Reusable Bottle,6,2024-11-11 18:58:00,17.22,10111,United Kingdom,103.32,2024-11,2024-11-11
530551,SKU-004,Reusable Bottle,1,2024-06-08 20:04:00,14.72,10091,France,14.72,2024-06,2024-06-08
530552,SKU-006,Wireless Charger,2,2024-07-02 11:42:00,25.28,10002,France,50.56,2024-07,2024-07-02
530552,SKU-008,Yoga Mat,1,2025-03-10 19:44:00,23.05,10055,Netherlands,23.05,2025-03,2025-03-10
530552,SKU-008,Yoga Mat,2,2024-06-15 17:44:00,24.61,10101,Germany,49.22,2024-06,2024-06-15
530553,SKU-006,Wireless Charger,2,2024-10-09 21:37:00,23.34,10053,Netherlands,46.68,2024-10,2024-10-09
530553,SKU-010,Bluetooth Speaker,1,2024-11-20 13:39:00,50.24,10110,France,50.24,2024-11,2024-11-20
530553,SKU-005,Notebook A5,3,2024-08-13 14:21:00,6.19,10130,Portugal,18.57,2024-08,2024-08-13
530554,SKU-003,Ceramic Mug,2,2024-05-21 09:29:00,8.24,10058,Italy,16.48,2024-05,2024-05-21
530554,SKU-001,Premium Coffee Beans,2,2024-03-31 15:14:00,14.07,10100,Italy,28.14,2024-03,2024-03-31
530554,SKU-001,Premium Coffee Beans,2,2024-07-10 18:14:00,13.19,10109,Italy,26.38,2024-07,2024-07-10
530555,SKU-012,Phone Stand,1,2024-06-23 11:29:00,11.35,10019,Italy,11.35,2024-06,2024-06-23
530555,SKU-010,Bluetooth Speaker,1,2024-04-07 11:15:00,50.85,10027,Netherlands,50.85,2024-04,2024-04-07
530555,SKU-008,Yoga Mat,1,2024-09-15 19:49:00,25.37,10074,Netherlands,25.37,2024-09,2024-09-15
530556,SKU-006,Wireless Charger,1,2024-07-11 20:47:00,26.2,10139,United Kingdom,26.2,2024-07,2024-07-11
530556,SKU-007,Desk Lamp,1,2024-05-15 11:25:00,28.56,10056,France,28.56,2024-05,2024-05-15
530556,SKU-003,Ceramic Mug,1,2025-02-06 21:00:00,8.27,10147,Italy,8.27,2025-02,2025-02-06
530557,SKU-006,Wireless Charger,1,2024-04-10 08:04:00,23.37,10084,United Kingdom,23.37,2024-04,2024-04-10
530557,SKU-006,Wireless Charger,2,2024-08-22 08:35:00,25.96,10061,Portugal,51.92,2024-08,2024-08-22
530557,SKU-002,Organic Green Tea,2,2025-01-21 10:18:00,7.96,10074,Netherlands,15.92,2025-01,2025-01-21
530558,SKU-008,Yoga Mat,1,2024-05-12 11:40:00,24.68,10040,Italy,24.68,2024-05,2024-05-12
530558,SKU-010,Bluetooth Speaker,1,2025-03-29 22:48:00,42.26,10051,Germany,42.26,2025-03,2025-03-29
530558,SKU-006,Wireless Charger,1,2024-07-18 08:01:00,23.63,10074,Netherlands,23.63,2024-07,2024-07-18
530559,SKU-004,Reusable Bottle,1,2024-03-31 11:18:00,14.96,10142,Netherlands,14.96,2024-03,2024-03-31
530559,SKU-003,Ceramic Mug,1,2024-10-08 11:56:00,6.6,10025,Spain,6.6,2024-10,2024-10-08
530559,SKU-005,Notebook A5,2,2024-08-17 19:11:00,4.89,10065,Netherlands,9.78,2024-08,2024-08-17
530560,SKU-006,Wireless Charger,1,2024-11-29 21:35:00,22.47,10146,Spain,22.47,2024-11,2024-11-29
530560,SKU-004,Reusable Bottle,1,2024-07-25 10:12:00,13.58,10068,Netherlands,13.58,2024-07,2024-07-25
530560,SKU-001,Premium Coffee Beans,4,2024-10-30 10:53:00,12.08,10055,Netherlands,48.32,2024-10,2024-10-30
530561,SKU-005,Notebook A5,4,2024-11-02 22:06:00,5.06,10081,Germany,20.24,2024-11,2024-11-02
530561,SKU-001,Premium Coffee Beans,1,2024-08-26 21:43:00,13.31,10127,United Kingdom,13.31,2024-08,2024-08-26
530561,SKU-003,Ceramic Mug,5,2025-02-10 14:41:00,6.49,10124,Germany,32.45,2025-02,2025-02-10
530562,SKU-002,Organic Green Tea,1,2024-07-01 13:59:00,8.74,10139,United Kingdom,8.74,2024-07,2024-07-01
530562,SKU-004,Reusable Bottle,2,2024-09-01 12:29:00,17.0,10068,Netherlands,34.0,2024-09,2024-09-01
530562,SKU-004,Reusable Bottle,1,2025-02-04 13:51:00,13.79,10043,United Kingdom,13.79,2025-02,2025-02-04
530563,SKU-006,Wireless Charger,2,2024-09-08 18:10:00,24.58,10084,United Kingdom,49.16,2024-09,2024-09-08
530563,SKU-009,Running Socks,3,2024-05-12 20:39:00,6.9,10030,Portugal,20.7,2024-05,2024-05-12
530563,SKU-007,Desk Lamp,2,2024-10-23 22:45:00,35.76,10014,United Kingdom,71.52,2024-10,2024-10-23
530564,SKU-002,Organic Green Tea,2,2025-02-12 09:09:00,8.67,10105,Netherlands,17.34,2025-02,2025-02-12
530564,SKU-003,Ceramic Mug,2,2024-08-14 20:12:00,7.99,10078,Portugal,15.98,2024-08,2024-08-14
530564,SKU-004,Reusable Bottle,2,2024-11-09 16:24:00,16.89,10032,Portugal,33.78,2024-11,2024-11-09
530565,SKU-012,Phone Stand,1,2024-10-15 13:20:00,11.48,10130,Portugal,11.48,2024-10,2024-10-15
530565,SKU-010,Bluetooth Speaker,4,2025-02-10 14:40:00,50.57,10066,Spain,202.28,2025-02,2025-02-10
530565,SKU-004,Reusable Bottle,3,2025-02-23 22:02:00,14.85,10023,Spain,44.55,2025-02,2025-02-23
530566,SKU-010,Bluetooth Speaker,2,2024-09-23 17:12:00,51.68,10073,France,103.36,2024-09,2024-09-23
530566,SKU-009,Running Socks,2,2024-12-04 12:50:00,7.06,10064,Portugal,14.12,2024-12,2024-12-04
530000,SKU-001,Premium Coffee Beans,1,2024-12-18 18:46:00,12.64,10161,United Kingdom,12.64,2024-12,2024-12-18
530000,SKU-002,Organic Green Tea,1,2024-02-06 18:56:00,9.57,10160,Portugal,9.57,2024-02,2024-02-06
530000,SKU-009,Running Socks,1,2025-02-24 20:17:00,7.85,10016,United Kingdom,7.85,2025-02,2025-02-24
530001,SKU-011,Cotton Tote Bag,2,2024-08-24 13:07:00,9.64,10103,Netherlands,19.28,2024-08,2024-08-24
530001,SKU-005,Notebook A5,2,2024-11-20 14:10:00,5.93,10062,Netherlands,11.86,2024-11,2024-11-20
530001,SKU-008,Yoga Mat,1,2024-09-05 08:46:00,21.95,10142,France,21.95,2024-09,2024-09-05
530002,SKU-012,Phone Stand,1,2025-01-16 12:32:00,11.36,10099,Italy,11.36,2025-01,2025-01-16
530002,SKU-003,Ceramic Mug,1,2024-11-23 16:58:00,7.59,10023,United Kingdom,7.59,2024-11,2024-11-23
530002,SKU-002,Organic Green Tea,1,2024-11-02 21:40:00,7.8,10019,Spain,7.8,2024-11,2024-11-02
530003,SKU-005,Notebook A5,2,2024-04-10 21:40:00,4.97,10148,France,9.94,2024-04,2024-04-10
530003,SKU-009,Running Socks,1,2024-08-03 17:12:00,7.61,10178,Netherlands,7.61,2024-08,2024-08-03
530003,SKU-003,Ceramic Mug,8,2024-11-20 13:48:00,7.16,10169,Germany,57.28,2024-11,2024-11-20
530004,SKU-003,Ceramic Mug,2,2024-09-22 16:49:00,7.24,10014,Netherlands,14.48,2024-09,2024-09-22
530004,SKU-009,Running Socks,1,2024-09-05 22:00:00,6.23,10161,United Kingdom,6.23,2024-09,2024-09-05
530004,SKU-010,Bluetooth Speaker,1,2024-05-01 13:31:00,41.82,10086,United Kingdom,41.82,2024-05,2024-05-01
530005,SKU-001,Premium Coffee Beans,2,2024-09-28 09:59:00,14.71,10119,Portugal,29.42,2024-09,2024-09-28
530005,SKU-006,Wireless Charger,1,2025-01-06 22:53:00,21.89,10068,Portugal,21.89,2025-01,2025-01-06
530005,SKU-005,Notebook A5,1,2025-03-14 11:03:00,4.92,10172,Germany,4.92,2025-03,2025-03-14
530006,SKU-004,Reusable Bottle,2,2025-04-15 22:36:00,13.78,10158,Germany,27.56,2025-04,2025-04-15
530006,SKU-002,Organic Green Tea,6,2024-09-12 09:46:00,8.99,10099,Italy,53.94,2024-09,2024-09-12
530006,SKU-008,Yoga Mat,1,2024-10-11 21:04:00,25.11,10126,Portugal,25.11,2024-10,2024-10-11
530007,SKU-009,Running Socks,1,2024-07-06 20:08:00,7.85,10161,United Kingdom,7.85,2024-07,2024-07-06
530007,SKU-003,Ceramic Mug,1,2024-10-09 18:30:00,6.98,10158,Germany,6.98,2024-10,2024-10-09
530007,SKU-009,Running Socks,1,2024-07-29 10:16:00,7.22,10034,France,7.22,2024-07,2024-07-29
530008,SKU-009,Running Socks,6,2025-04-03 21:38:00,7.41,10012,Netherlands,44.46,2025-04,2025-04-03
530008,SKU-007,Desk Lamp,1,2024-12-13 11:59:00,33.74,10096,Spain,33.74,2024-12,2024-12-13
530008,SKU-009,Running Socks,5,2024-12-17 20:46:00,7.85,10032,Germany,39.25,2024-12,2024-12-17
530009,SKU-012,Phone Stand,2,2024-08-16 11:45:00,13.03,10131,Spain,26.06,2024-08,2024-08-16
530009,SKU-005,Notebook A5,1,2024-02-27 14:42:00,5.37,10151,Germany,5.37,2024-02,2024-02-27
530009,SKU-011,Cotton Tote Bag,8,2024-05-17 13:28:00,10.38,10145,Italy,83.04,2024-05,2024-05-17
530010,SKU-009,Running Socks,6,2024-12-25 15:07:00,7.66,10069,Italy,45.96,2024-12,2024-12-25
530010,SKU-004,Reusable Bottle,1,2024-07-03 11:04:00,13.71,10086,United Kingdom,13.71,2024-07,2024-07-03
530010,SKU-006,Wireless Charger,3,2025-05-09 08:37:00,26.32,10151,Germany,78.96,2025-05,2025-05-09
530011,SKU-009,Running Socks,2,2025-02-20 11:37:00,7.68,10099,Italy,15.36,2025-02,2025-02-20
530011,SKU-004,Reusable Bottle,1,2024-05-07 08:04:00,17.08,10044,France,17.08,2024-05,2024-05-07
530011,SKU-012,Phone Stand,1,2024-10-24 18:03:00,12.13,10107,Italy,12.13,2024-10,2024-10-24
530012,SKU-004,Reusable Bottle,1,2024-10-24 09:57:00,15.45,10068,Portugal,15.45,2024-10,2024-10-24
530012,SKU-001,Premium Coffee Beans,2,2024-12-30 21:21:00,13.39,10137,Germany,26.78,2024-12,2024-12-30
530012,SKU-002,Organic Green Tea,4,2024-08-12 16:15:00,7.93,10100,Italy,31.72,2024-08,2024-08-12
530013,SKU-005,Notebook A5,2,2024-10-09 18:31:00,5.81,10004,France,11.62,2024-10,2024-10-09
530013,SKU-004,Reusable Bottle,1,2024-02-12 16:08:00,14.81,10040,Spain,14.81,2024-02,2024-02-12
530013,SKU-012,Phone Stand,1,2024-08-21 22:56:00,12.95,10106,Netherlands,12.95,2024-08,2024-08-21
530014,SKU-010,Bluetooth Speaker,1,2024-12-01 17:30:00,44.96,10066,Netherlands,44.96,2024-12,2024-12-01
530014,SKU-004,Reusable Bottle,4,2025-02-24 20:30:00,14.05,10112,France,56.2,2025-02,2025-02-24
530014,SKU-007,Desk Lamp,1,2024-06-28 11:06:00,31.97,10165,Italy,31.97,2024-06,2024-06-28
530015,SKU-002,Organic Green Tea,1,2024-07-21 18:27:00,9.0,10175,Germany,9.0,2024-07,2024-07-21
530015,SKU-006,Wireless Charger,1,2024-05-06 14:26:00,21.34,10044,France,21.34,2024-05,2024-05-06
530015,SKU-008,Yoga Mat,1,2024-10-15 21:46:00,22.69,10029,Netherlands,22.69,2024-10,2024-10-15
530016,SKU-001,Premium Coffee Beans,4,2024-08-31 18:41:00,13.76,10066,Netherlands,55.04,2024-08,2024-08-31
530016,SKU-011,Cotton Tote Bag,1,2024-03-12 09:03:00,9.33,10033,Netherlands,9.33,2024-03,2024-03-12
530016,SKU-007,Desk Lamp,1,2024-04-15 19:21:00,29.3,10051,Germany,29.3,2024-04,2024-04-15
530017,SKU-002,Organic Green Tea,1,2024-08-01 11:12:00,8.72,10083,Portugal,8.72,2024-08,2024-08-01
530017,SKU-004,Reusable Bottle,1,2024-12-07 16:28:00,15.85,10126,Portugal,15.85,2024-12,2024-12-07
530017,SKU-003,Ceramic Mug,4,2025-02-04 14:11:00,6.59,10013,United Kingdom,26.36,2025-02,2025-02-04
530018,SKU-005,Notebook A5,3,2024-11-18 15:15:00,5.11,10051,Germany,15.33,2024-11,2024-11-18
530018,SKU-002,Organic Green Tea,1,2024-09-03 15:51:00,8.96,10039,Portugal,8.96,2024-09,2024-09-03
530018,SKU-009,Running Socks,1,2024-11-18 09:03:00,6.27,10068,Portugal,6.27,2024-11,2024-11-18
530019,SKU-011,Cotton Tote Bag,2,2025-01-20 16:53:00,10.18,10045,Spain,20.36,2025-01,2025-01-20
530019,SKU-001,Premium Coffee Beans,1,2024-08-24 09:59:00,13.33,10096,Spain,13.33,2024-08,2024-08-24
530019,SKU-004,Reusable Bottle,1,2024-08-05 10:26:00,13.58,10044,France,13.58,2024-08,2024-08-05
530020,SKU-008,Yoga Mat,1,2024-07-21 15:13:00,22.32,10060,Italy,22.32,2024-07,2024-07-21
530020,SKU-007,Desk Lamp,2,2024-10-26 22:03:00,34.56,10158,Germany,69.12,2024-10,2024-10-26
530020,SKU-003,Ceramic Mug,1,2024-09-16 14:00:00,7.54,10091,Portugal,7.54,2024-09,2024-09-16
530021,SKU-007,Desk Lamp,1,2024-05-06 12:59:00,30.58,10132,Netherlands,30.58,2024-05,2024-05-06
530021,SKU-008,Yoga Mat,2,2024-09-25 12:27:00,23.74,10068,Portugal,47.48,2024-09,2024-09-25
530021,SKU-012,Phone Stand,2,2024-06-21 19:50:00,10.64,10178,Netherlands,21.28,2024-06,2024-06-21
530022,SKU-009,Running Socks,1,2024-05-21 18:45:00,6.53,10029,Netherlands,6.53,2024-05,2024-05-21
530022,SKU-008,Yoga Mat,1,2025-01-21 10:12:00,22.08,10052,United Kingdom,22.08,2025-01,2025-01-21
530022,SKU-005,Notebook A5,1,2025-03-29 11:03:00,5.01,10095,France,5.01,2025-03,2025-03-29
530023,SKU-010,Bluetooth Speaker,6,2025-01-05 19:34:00,49.69,10071,Portugal,298.14,2025-01,2025-01-05
530023,SKU-001,Premium Coffee Beans,1,2024-10-23 19:20:00,14.61,10046,Spain,14.61,2024-10,2024-10-23
530023,SKU-001,Premium Coffee Beans,2,2024-07-06 08:37:00,14.09,10099,Italy,28.18,2024-07,2024-07-06
530024,SKU-008,Yoga Mat,1,2024-08-18 16:58:00,24.65,10034,France,24.65,2024-08,2024-08-18
530024,SKU-009,Running Socks,1,2024-10-06 10:03:00,6.71,10044,France,6.71,2024-10,2024-10-06
530024,SKU-009,Running Socks,1,2024-09-02 09:54:00,7.13,10105,Spain,7.13,2024-09,2024-09-02
530025,SKU-003,Ceramic Mug,1,2024-05-09 09:38:00,6.59,10008,Italy,6.59,2024-05,2024-05-09
530025,SKU-002,Organic Green Tea,1,2024-12-11 18:55:00,8.19,10178,Netherlands,8.19,2024-12,2024-12-11
530025,SKU-004,Reusable Bottle,2,2024-10-02 14:07:00,15.27,10124,Portugal,30.54,2024-10,2024-10-02
530026,SKU-010,Bluetooth Speaker,1,2025-02-10 11:37:00,49.84,10073,Netherlands,49.84,2025-02,2025-02-10
530026,SKU-010,Bluetooth Speaker,1,2024-11-12 08:39:00,51.06,10173,Germany,51.06,2024-11,2024-11-12
530026,SKU-002,Organic Green Tea,1,2024-11-16 14:42:00,8.87,10034,France,8.87,2024-11,2024-11-16
530027,SKU-010,Bluetooth Speaker,1,2024-12-06 17:33:00,42.77,10149,Italy,42.77,2024-12,2024-12-06
530027,SKU-006,Wireless Charger,1,2024-12-13 22:16:00,24.42,10032,Germany,24.42,2024-12,2024-12-13
530027,SKU-004,Reusable Bottle,1,2025-01-11 18:45:00,14.97,10095,France,14.97,2025-01,2025-01-11
530028,SKU-006,Wireless Charger,1,2024-08-05 11:16:00,23.26,10148,France,23.26,2024-08,2024-08-05
530028,SKU-007,Desk Lamp,2,2024-09-07 10:42:00,30.18,10054,Portugal,60.36,2024-09,2024-09-07
530028,SKU-011,Cotton Tote Bag,1,2024-09-18 12:29:00,11.15,10160,Portugal,11.15,2024-09,2024-09-18
530029,SKU-006,Wireless Charger,1,2025-02-17 22:48:00,24.2,10112,France,24.2,2025-02,2025-02-17
530029,SKU-002,Organic Green Tea,1,2024-12-05 08:29:00,8.97,10063,United Kingdom,8.97,2024-12,2024-12-05
530029,SKU-010,Bluetooth Speaker,4,2024-12-03 17:06:00,42.21,10096,Spain,168.84,2024-12,2024-12-03
530030,SKU-002,Organic Green Tea,1,2024-11-17 16:13:00,7.72,10057,France,7.72,2024-11,2024-11-17
530030,SKU-009,Running Socks,2,2025-01-10 12:08:00,6.8,10102,United Kingdom,13.6,2025-01,2025-01-10
530030,SKU-006,Wireless Charger,1,2024-12-27 22:04:00,21.34,10148,France,21.34,2024-12,2024-12-27
530031,SKU-004,Reusable Bottle,3,2024-05-16 13:18:00,14.36,10071,Portugal,43.08,2024-05,2024-05-16
530031,SKU-003,Ceramic Mug,2,2024-10-15 15:53:00,7.73,10130,United Kingdom,15.46,2024-10,2024-10-15
530031,SKU-009,Running Socks,1,2024-07-26 19:19:00,6.52,10098,France,6.52,2024-07,2024-07-26
530032,SKU-010,Bluetooth Speaker,2,2024-08-11 20:41:00,45.7,10161,United Kingdom,91.4,2024-08,2024-08-11
530032,SKU-009,Running Socks,1,2024-09-29 08:42:00,7.08,10169,Germany,7.08,2024-09,2024-09-29
530032,SKU-009,Running Socks,1,2025-01-08 12:59:00,7.82,10110,Germany,7.82,2025-01,2025-01-08
530033,SKU-011,Cotton Tote Bag,2,2025-02-05 09:56:00,10.66,10101,Italy,21.32,2025-02,2025-02-05
530033,SKU-003,Ceramic Mug,2,2024-10-05 12:07:00,7.24,10029,Netherlands,14.48,2024-10,2024-10-05
530033,SKU-002,Organic Green Tea,5,2025-02-07 19:35:00,8.61,10132,Netherlands,43.05,2025-02,2025-02-07
530034,SKU-003,Ceramic Mug,8,2024-12-24 12:18:00,6.7,10022,Netherlands,53.6,2024-12,2024-12-24
530034,SKU-010,Bluetooth Speaker,4,2024-09-11 11:45:00,47.15,10165,Italy,188.6,2024-09,2024-09-11
530034,SKU-006,Wireless Charger,1,2024-07-23 11:43:00,25.21,10071,Portugal,25.21,2024-07,2024-07-23
530035,SKU-011,Cotton Tote Bag,1,2024-08-11 21:16:00,10.24,10000,Italy,10.24,2024-08,2024-08-11
530035,SKU-009,Running Socks,1,2024-07-27 15:16:00,7.48,10165,Italy,7.48,2024-07,2024-07-27
530035,SKU-001,Premium Coffee Beans,1,2024-08-25 09:40:00,12.06,10082,United Kingdom,12.06,2024-08,2024-08-25
530036,SKU-007,Desk Lamp,1,2024-08-16 21:17:00,35.55,10033,Netherlands,35.55,2024-08,2024-08-16
530036,SKU-001,Premium Coffee Beans,2,2024-10-12 08:21:00,11.65,10068,Portugal,23.3,2024-10,2024-10-12
530036,SKU-003,Ceramic Mug,1,2025-03-06 18:16:00,6.75,10123,Spain,6.75,2025-03,2025-03-06
530037,SKU-003,Ceramic Mug,1,2025-04-25 19:28:00,7.38,10073,Netherlands,7.38,2025-04,2025-04-25
530037,SKU-009,Running Socks,1,2024-11-19 19:27:00,6.57,10106,Netherlands,6.57,2024-11,2024-11-19
530037,SKU-009,Running Socks,1,2024-06-03 08:07:00,6.27,10160,Portugal,6.27,2024-06,2024-06-03
530038,SKU-002,Organic Green Tea,2,2024-03-31 22:44:00,9.3,10087,Germany,18.6,2024-03,2024-03-31
530038,SKU-003,Ceramic Mug,2,2024-08-22 16:02:00,7.2,10082,United Kingdom,14.4,2024-08,2024-08-22
530038,SKU-006,Wireless Charger,1,2024-05-30 17:35:00,25.54,10100,Italy,25.54,2024-05,2024-05-30
530039,SKU-003,Ceramic Mug,1,2024-07-02 14:08:00,7.64,10168,Italy,7.64,2024-07,2024-07-02
530039,SKU-001,Premium Coffee Beans,1,2024-05-19 12:23:00,13.92,10072,France,13.92,2024-05,2024-05-19
530039,SKU-001,Premium Coffee Beans,1,2024-06-15 22:22:00,12.36,10121,Portugal,12.36,2024-06,2024-06-15
530040,SKU-004,Reusable Bottle,1,2024-04-24 18:15:00,16.5,10124,Portugal,16.5,2024-04,2024-04-24
530040,SKU-011,Cotton Tote Bag,2,2024-06-21 09:22:00,9.16,10033,Netherlands,18.32,2024-06,2024-06-21
530040,SKU-009,Running Socks,2,2024-12-31 22:55:00,7.64,10044,France,15.28,2024-12,2024-12-31
530041,SKU-007,Desk Lamp,2,2024-06-09 17:47:00,30.66,10071,Portugal,61.32,2024-06,2024-06-09
530041,SKU-003,Ceramic Mug,1,2024-04-13 22:59:00,6.85,10160,Portugal,6.85,2024-04,2024-04-13
530041,SKU-004,Reusable Bottle,1,2024-09-28 21:10:00,15.08,10004,France,15.08,2024-09,2024-09-28
530042,SKU-003,Ceramic Mug,3,2024-07-25 22:26:00,6.95,10159,United Kingdom,20.85,2024-07,2024-07-25
530042,SKU-001,Premium Coffee Beans,2,2024-07-02 10:47:00,13.62,10069,Italy,27.24,2024-07,2024-07-02
530042,SKU-006,Wireless Charger,2,2024-08-21 20:59:00,22.3,10073,Netherlands,44.6,2024-08,2024-08-21
530043,SKU-007,Desk Lamp,2,2024-05-12 20:42:00,35.19,10169,Germany,70.38,2024-05,2024-05-12
530043,SKU-012,Phone Stand,4,2024-12-07 20:15:00,11.57,10089,Germany,46.28,2024-12,2024-12-07
530043,SKU-005,Notebook A5,1,2024-09-17 10:50:00,5.72,10004,France,5.72,2024-09,2024-09-17
530044,SKU-012,Phone Stand,1,2024-12-22 09:24:00,13.18,10046,Spain,13.18,2024-12,2024-12-22
530044,SKU-001,Premium Coffee Beans,1,2024-07-03 21:30:00,11.67,10095,France,11.67,2024-07,2024-07-03
530044,SKU-004,Reusable Bottle,1,2024-09-26 11:52:00,14.53,10163,United Kingdom,14.53,2024-09,2024-09-26
530045,SKU-008,Yoga Mat,2,2024-12-20 13:19:00,22.84,10099,Italy,45.68,2024-12,2024-12-20
530045,SKU-004,Reusable Bottle,1,2025-01-23 11:01:00,16.78,10002,United Kingdom,16.78,2025-01,2025-01-23
530045,SKU-011,Cotton Tote Bag,2,2024-10-22 11:25:00,9.34,10106,Netherlands,18.68,2024-10,2024-10-22
530046,SKU-006,Wireless Charger,1,2024-08-06 12:55:00,23.58,10163,United Kingdom,23.58,2024-08,2024-08-06
530046,SKU-002,Organic Green Tea,1,2024-11-15 20:17:00,7.83,10007,Spain,7.83,2024-11,2024-11-15
530046,SKU-006,Wireless Charger,1,2024-08-08 18:32:00,22.26,10107,Italy,22.26,2024-08,2024-08-08
530047,SKU-007,Desk Lamp,2,2024-07-11 18:53:00,32.81,10068,Portugal,65.62,2024-07,2024-07-11
530047,SKU-009,Running Socks,2,2025-02-15 13:01:00,7.47,10088,France,14.94,2025-02,2025-02-15
530047,SKU-002,Organic Green Tea,1,2024-06-30 22:16:00,8.91,10040,Spain,8.91,2024-06,2024-06-30
530048,SKU-003,Ceramic Mug,1,2024-10-02 17:16:00,7.08,10007,Spain,7.08,2024-10,2024-10-02
530048,SKU-001,Premium Coffee Beans,1,2024-04-06 09:38:00,13.96,10137,Germany,13.96,2024-04,2024-04-06
530048,SKU-007,Desk Lamp,2,2024-08-21 13:46:00,30.29,10090,Italy,60.58,2024-08,2024-08-21
530049,SKU-006,Wireless Charger,3,2024-10-31 14:38:00,22.17,10148,France,66.51,2024-10,2024-10-31
530049,SKU-009,Running Socks,1,2024-04-16 09:24:00,7.79,10106,Netherlands,7.79,2024-04,2024-04-16
530049,SKU-010,Bluetooth Speaker,6,2024-08-24 11:16:00,42.58,10026,Italy,255.48,2024-08,2024-08-24
530050,SKU-001,Premium Coffee Beans,4,2024-11-13 19:27:00,14.21,10098,France,56.84,2024-11,2024-11-13
530050,SKU-001,Premium Coffee Beans,2,2024-12-28 16:59:00,12.42,10121,Portugal,24.84,2024-12,2024-12-28
530050,SKU-009,Running Socks,1,2025-04-05 18:46:00,7.84,10089,Germany,7.84,2025-04,2025-04-05
530051,SKU-012,Phone Stand,2,2025-02-07 19:42:00,10.87,10005,Spain,21.74,2025-02,2025-02-07
530051,SKU-004,Reusable Bottle,5,2024-03-06 13:27:00,16.12,10101,Italy,80.6,2024-03,2024-03-06
530051,SKU-002,Organic Green Tea,5,2025-03-15 18:58:00,9.66,10054,Portugal,48.3,2025-03,2025-03-15
530052,SKU-006,Wireless Charger,4,2024-12-26 17:20:00,22.44,10087,Germany,89.76,2024-12,2024-12-26
530052,SKU-011,Cotton Tote Bag,1,2024-10-02 21:07:00,9.48,10149,Italy,9.48,2024-10,2024-10-02
530052,SKU-012,Phone Stand,1,2024-11-01 22:19:00,11.33,10023,United Kingdom,11.33,2024-11,2024-11-01
530053,SKU-009,Running Socks,1,2024-07-17 12:42:00,7.14,10131,Spain,7.14,2024-07,2024-07-17
530053,SKU-007,Desk Lamp,1,2024-10-10 13:25:00,35.33,10142,France,35.33,2024-10,2024-10-10
530053,SKU-012,Phone Stand,1,2024-02-25 12:35:00,12.85,10110,Germany,12.85,2024-02,2024-02-25
530054,SKU-003,Ceramic Mug,4,2024-09-14 11:26:00,8.17,10004,France,32.68,2024-09,2024-09-14
530054,SKU-011,Cotton Tote Bag,10,2024-07-28 14:43:00,10.81,10143,Spain,108.1,2024-07,2024-07-28
530054,SKU-012,Phone Stand,1,2024-10-11 22:11:00,12.86,10072,France,12.86,2024-10,2024-10-11
530055,SKU-010,Bluetooth Speaker,2,2024-08-16 17:19:00,45.24,10178,Netherlands,90.48,2024-08,2024-08-16
530055,SKU-007,Desk Lamp,1,2024-04-27 16:53:00,31.14,10132,Netherlands,31.14,2024-04,2024-04-27
530055,SKU-001,Premium Coffee Beans,1,2024-06-19 12:18:00,11.75,10052,United Kingdom,11.75,2024-06,2024-06-19
530056,SKU-004,Reusable Bottle,8,2024-08-19 14:50:00,14.94,10004,France,119.52,2024-08,2024-08-19
530056,SKU-010,Bluetooth Speaker,1,2025-02-24 17:41:00,49.35,10124,Portugal,49.35,2025-02,2025-02-24
530056,SKU-006,Wireless Charger,1,2025-01-12 15:28:00,26.02,10015,Germany,26.02,2025-01,2025-01-12
530057,SKU-008,Yoga Mat,2,2024-05-24 18:13:00,27.55,10086,United Kingdom,55.1,2024-05,2024-05-24
530057,SKU-009,Running Socks,5,2024-10-17 15:50:00,7.26,10042,Germany,36.3,2024-10,2024-10-17
530057,SKU-012,Phone Stand,1,2024-05-28 10:42:00,10.98,10094,France,10.98,2024-05,2024-05-28
530058,SKU-002,Organic Green Tea,2,2024-07-28 12:32:00,7.77,10034,France,15.54,2024-07,2024-07-28
530058,SKU-011,Cotton Tote Bag,4,2025-02-08 18:39:00,11.37,10173,Germany,45.48,2025-02,2025-02-08
530058,SKU-006,Wireless Charger,1,2024-11-22 09:52:00,24.59,10033,Netherlands,24.59,2024-11,2024-11-22
530059,SKU-004,Reusable Bottle,3,2024-06-16 18:19:00,14.34,10029,Netherlands,43.02,2024-06,2024-06-16
530059,SKU-004,Reusable Bottle,2,2024-09-27 20:12:00,13.84,10096,Spain,27.68,2024-09,2024-09-27
530059,SKU-003,Ceramic Mug,1,2024-05-07 08:02:00,8.08,10154,France,8.08,2024-05,2024-05-07
530060,SKU-004,Reusable Bottle,4,2024-12-11 15:39:00,15.96,10171,United Kingdom,63.84,2024-12,2024-12-11
530060,SKU-002,Organic Green Tea,1,2024-08-13 15:26:00,8.44,10099,Italy,8.44,2024-08,2024-08-13
530060,SKU-011,Cotton Tote Bag,2,2024-09-05 17:12:00,9.11,10047,Portugal,18.22,2024-09,2024-09-05
530061,SKU-012,Phone Stand,2,2024-04-07 19:24:00,12.8,10040,Spain,25.6,2024-04,2024-04-07
530061,SKU-008,Yoga Mat,1,2024-10-01 14:15:00,26.55,10090,Italy,26.55,2024-10,2024-10-01
530061,SKU-003,Ceramic Mug,2,2024-09-24 18:44:00,6.96,10066,Netherlands,13.92,2024-09,2024-09-24
530062,SKU-001,Premium Coffee Beans,3,2024-10-20 22:48:00,14.35,10154,France,43.05,2024-10,2024-10-20
530062,SKU-002,Organic Green Tea,2,2024-12-23 20:27:00,9.13,10151,Germany,18.26,2024-12,2024-12-23
530062,SKU-004,Reusable Bottle,2,2024-11-20 10:51:00,14.09,10124,Portugal,28.18,2024-11,2024-11-20
530063,SKU-012,Phone Stand,4,2024-03-01 16:29:00,12.72,10154,France,50.88,2024-03,2024-03-01
530063,SKU-001,Premium Coffee Beans,1,2024-11-16 16:15:00,12.13,10024,Netherlands,12.13,2024-11,2024-11-16
530063,SKU-002,Organic Green Tea,3,2024-09-08 15:08:00,7.66,10148,France,22.98,2024-09,2024-09-08
530064,SKU-008,Yoga Mat,2,2025-03-27 18:33:00,25.39,10052,United Kingdom,50.78,2025-03,2025-03-27
530064,SKU-009,Running Socks,2,2024-09-17 17:20:00,7.56,10047,Portugal,15.12,2024-09,2024-09-17
530064,SKU-008,Yoga Mat,2,2024-09-17 17:52:00,27.38,10020,Spain,54.76,2024-09,2024-09-17
530065,SKU-012,Phone Stand,2,2025-02-11 22:32:00,10.64,10064,Germany,21.28,2025-02,2025-02-11
530065,SKU-007,Desk Lamp,2,2024-04-02 21:58:00,30.72,10166,Spain,61.44,2024-04,2024-04-02
530065,SKU-009,Running Socks,1,2024-09-28 15:57:00,6.81,10128,Germany,6.81,2024-09,2024-09-28
530066,SKU-003,Ceramic Mug,1,2025-01-08 19:55:00,8.23,10112,France,8.23,2025-01,2025-01-08
530066,SKU-008,Yoga Mat,2,2024-05-07 15:16:00,26.15,10173,Germany,52.3,2024-05,2024-05-07
530066,SKU-004,Reusable Bottle,1,2024-07-20 21:40:00,15.33,10004,France,15.33,2024-07,2024-07-20
530067,SKU-005,Notebook A5,2,2024-08-24 20:49:00,5.23,10137,Germany,10.46,2024-08,2024-08-24
530067,SKU-009,Running Socks,1,2024-08-25 15:40:00,6.49,10178,Netherlands,6.49,2024-08,2024-08-25
530067,SKU-004,Reusable Bottle,2,2024-06-15 12:28:00,13.81,10143,Spain,27.62,2024-06,2024-06-15
530068,SKU-002,Organic Green Tea,2,2024-07-03 19:18:00,9.67,10124,Portugal,19.34,2024-07,2024-07-03
530068,SKU-004,Reusable Bottle,1,2025-02-20 12:21:00,15.07,10029,Netherlands,15.07,2025-02,2025-02-20
530068,SKU-006,Wireless Charger,1,2024-07-04 22:34:00,26.24,10114,Italy,26.24,2024-07,2024-07-04
530069,SKU-002,Organic Green Tea,4,2024-06-18 10:09:00,8.1,10073,Netherlands,32.4,2024-06,2024-06-18
530069,SKU-004,Reusable Bottle,2,2024-08-02 14:44:00,16.74,10004,France,33.48,2024-08,2024-08-02
530069,SKU-003,Ceramic Mug,6,2024-06-01 19:13:00,8.04,10087,Germany,48.24,2024-06,2024-06-01
530070,SKU-002,Organic Green Tea,2,2024-12-26 14:26:00,9.27,10138,Germany,18.54,2024-12,2024-12-26
530070,SKU-006,Wireless Charger,1,2024-03-04 16:29:00,25.88,10112,France,25.88,2024-03,2024-03-04
530070,SKU-007,Desk Lamp,3,2024-09-02 08:13:00,29.27,10111,Germany,87.81,2024-09,2024-09-02
530071,SKU-007,Desk Lamp,2,2024-08-19 14:57:00,29.93,10024,Netherlands,59.86,2024-08,2024-08-19
530071,SKU-010,Bluetooth Speaker,1,2024-09-28 19:01:00,43.53,10090,Italy,43.53,2024-09,2024-09-28
530071,SKU-010,Bluetooth Speaker,1,2024-08-26 14:30:00,40.63,10143,Spain,40.63,2024-08,2024-08-26
530072,SKU-001,Premium Coffee Beans,1,2024-09-01 13:19:00,13.55,10012,Netherlands,13.55,2024-09,2024-09-01
530072,SKU-007,Desk Lamp,2,2025-01-02 21:57:00,34.49,10053,France,68.98,2025-01,2025-01-02
530072,SKU-007,Desk Lamp,1,2024-04-24 16:47:00,30.26,10005,Spain,30.26,2024-04,2024-04-24
530073,SKU-012,Phone Stand,1,2024-09-06 16:51:00,12.13,10178,Netherlands,12.13,2024-09,2024-09-06
530073,SKU-010,Bluetooth Speaker,2,2024-02-04 22:14:00,44.17,10127,France,88.34,2024-02,2024-02-04
530073,SKU-008,Yoga Mat,1,2024-07-28 11:17:00,21.8,10095,France,21.8,2024-07,2024-07-28
530074,SKU-007,Desk Lamp,1,2024-05-08 15:01:00,32.82,10012,Netherlands,32.82,2024-05,2024-05-08
530074,SKU-007,Desk Lamp,3,2024-06-07 13:42:00,29.67,10126,Portugal,89.01,2024-06,2024-06-07
530074,SKU-011,Cotton Tote Bag,2,2024-11-04 20:25:00,8.99,10020,Spain,17.98,2024-11,2024-11-04
530075,SKU-012,Phone Stand,1,2024-09-17 10:53:00,12.39,10166,Spain,12.39,2024-09,2024-09-17
530075,SKU-008,Yoga Mat,2,2024-12-08 22:08:00,23.64,10153,Germany,47.28,2024-12,2024-12-08
530075,SKU-010,Bluetooth Speaker,1,2025-01-20 16:01:00,46.66,10148,France,46.66,2025-01,2025-01-20
530076,SKU-007,Desk Lamp,1,2024-10-15 17:36:00,32.5,10148,France,32.5,2024-10,2024-10-15
530076,SKU-011,Cotton Tote Bag,1,2024-03-27 08:05:00,9.52,10132,Netherlands,9.52,2024-03,2024-03-27
530076,SKU-011,Cotton Tote Bag,4,2024-06-14 14:08:00,11.33,10030,Germany,45.32,2024-06,2024-06-14
530077,SKU-008,Yoga Mat,1,2024-12-03 10:03:00,25.55,10063,United Kingdom,25.55,2024-12,2024-12-03
530077,SKU-005,Notebook A5,2,2024-11-08 14:20:00,5.17,10091,Portugal,10.34,2024-11,2024-11-08
530077,SKU-004,Reusable Bottle,6,2024-10-17 15:20:00,14.25,10178,Netherlands,85.5,2024-10,2024-10-17
530078,SKU-006,Wireless Charger,1,2024-03-02 20:56:00,22.09,10124,Portugal,22.09,2024-03,2024-03-02
530078,SKU-007,Desk Lamp,4,2024-11-11 12:48:00,34.2,10083,Portugal,136.8,2024-11,2024-11-11
530078,SKU-007,Desk Lamp,1,2024-08-03 12:53:00,36.13,10076,United Kingdom,36.13,2024-08,2024-08-03
530079,SKU-002,Organic Green Tea,4,2024-09-27 15:01:00,8.58,10005,Spain,34.32,2024-09,2024-09-27
530079,SKU-012,Phone Stand,1,2025-01-09 16:03:00,12.94,10131,Spain,12.94,2025-01,2025-01-09
530079,SKU-006,Wireless Charger,1,2024-10-01 11:41:00,25.83,10073,Netherlands,25.83,2024-10,2024-10-01
530080,SKU-002,Organic Green Tea,2,2024-10-12 20:41:00,9.21,10040,Spain,18.42,2024-10,2024-10-12
530080,SKU-001,Premium Coffee Beans,2,2025-01-28 20:01:00,12.19,10025,Spain,24.38,2025-01,2025-01-28
530080,SKU-004,Reusable Bottle,6,2024-05-30 11:53:00,16.7,10044,France,100.2,2024-05,2024-05-30
530081,SKU-001,Premium Coffee Beans,1,2025-01-07 17:09:00,13.05,10090,Italy,13.05,2025-01,2025-01-07
530081,SKU-004,Reusable Bottle,1,2024-10-01 10:30:00,14.11,10095,France,14.11,2024-10,2024-10-01
530081,SKU-011,Cotton Tote Bag,6,2024-06-28 09:36:00,10.54,10071,Portugal,63.24,2024-06,2024-06-28
530082,SKU-004,Reusable Bottle,2,2024-05-07 15:44:00,17.14,10061,Germany,34.28,2024-05,2024-05-07
530082,SKU-005,Notebook A5,1,2024-04-05 20:23:00,5.09,10082,United Kingdom,5.09,2024-04,2024-04-05
530082,SKU-003,Ceramic Mug,1,2024-12-19 17:38:00,7.26,10095,France,7.26,2024-12,2024-12-19
530083,SKU-012,Phone Stand,2,2024-11-04 19:07:00,10.83,10044,France,21.66,2024-11,2024-11-04
530083,SKU-003,Ceramic Mug,1,2024-11-14 12:06:00,7.67,10032,Germany,7.67,2024-11,2024-11-14
530083,SKU-010,Bluetooth Speaker,3,2024-12-10 08:59:00,47.09,10087,Germany,141.27,2024-12,2024-12-10
530084,SKU-005,Notebook A5,1,2024-04-28 17:43:00,5.22,10152,Netherlands,5.22,2024-04,2024-04-28
530084,SKU-007,Desk Lamp,2,2025-02-14 14:45:00,28.66,10008,Italy,57.32,2025-02,2025-02-14
530084,SKU-004,Reusable Bottle,1,2025-02-13 09:37:00,14.69,10023,United Kingdom,14.69,2025-02,2025-02-13
530085,SKU-012,Phone Stand,1,2024-05-16 21:40:00,13.19,10093,Spain,13.19,2024-05,2024-05-16
530085,SKU-004,Reusable Bottle,1,2025-02-26 09:44:00,15.9,10173,Germany,15.9,2025-02,2025-02-26
530085,SKU-005,Notebook A5,1,2024-09-10 21:43:00,5.52,10151,Germany,5.52,2024-09,2024-09-10
530086,SKU-010,Bluetooth Speaker,1,2024-03-02 20:07:00,43.96,10123,Spain,43.96,2024-03,2024-03-02
530086,SKU-010,Bluetooth Speaker,1,2024-10-24 20:02:00,51.41,10128,Germany,51.41,2024-10,2024-10-24
530086,SKU-006,Wireless Charger,2,2024-08-23 16:27:00,25.58,10017,United Kingdom,51.16,2024-08,2024-08-23
530087,SKU-011,Cotton Tote Bag,2,2024-12-23 13:04:00,11.25,10033,Netherlands,22.5,2024-12,2024-12-23
530087,SKU-009,Running Socks,1,2024-10-08 18:21:00,7.71,10125,United Kingdom,7.71,2024-10,2024-10-08
530087,SKU-001,Premium Coffee Beans,1,2025-02-11 21:26:00,13.83,10103,Netherlands,13.83,2025-02,2025-02-11
530088,SKU-008,Yoga Mat,1,2024-10-20 09:27:00,23.96,10124,Portugal,23.96,2024-10,2024-10-20
530088,SKU-006,Wireless Charger,1,2024-10-20 18:57:00,26.33,10120,Portugal,26.33,2024-10,2024-10-20
530088,SKU-008,Yoga Mat,8,2024-08-13 19:09:00,26.82,10007,Spain,214.56,2024-08,2024-08-13
530089,SKU-007,Desk Lamp,2,2024-11-15 10:46:00,35.27,10140,Germany,70.54,2024-11,2024-11-15
530089,SKU-009,Running Socks,1,2024-10-23 18:17:00,7.6,10072,France,7.6,2024-10,2024-10-23
530089,SKU-010,Bluetooth Speaker,3,2024-08-21 20:58:00,49.7,10135,Spain,149.1,2024-08,2024-08-21
530090,SKU-009,Running Socks,2,2024-01-27 20:30:00,6.77,10023,United Kingdom,13.54,2024-01,2024-01-27
530090,SKU-008,Yoga Mat,1,2024-10-31 14:52:00,23.93,10068,Portugal,23.93,2024-10,2024-10-31
530090,SKU-012,Phone Stand,1,2024-08-04 17:17:00,11.0,10080,Portugal,11.0,2024-08,2024-08-04
530091,SKU-006,Wireless Charger,2,2024-10-23 21:15:00,24.16,10012,Netherlands,48.32,2024-10,2024-10-23
530091,SKU-002,Organic Green Tea,1,2025-01-04 12:56:00,8.75,10084,Spain,8.75,2025-01,2025-01-04
530091,SKU-008,Yoga Mat,1,2024-07-25 11:48:00,23.88,10088,France,23.88,2024-07,2024-07-25
530092,SKU-008,Yoga Mat,2,2024-09-15 17:39:00,25.25,10071,Portugal,50.5,2024-09,2024-09-15
530092,SKU-011,Cotton Tote Bag,3,2024-11-08 14:21:00,11.27,10136,Italy,33.81,2024-11,2024-11-08
530092,SKU-001,Premium Coffee Beans,1,2024-01-31 15:54:00,13.7,10004,France,13.7,2024-01,2024-01-31
530093,SKU-006,Wireless Charger,1,2025-02-08 10:31:00,20.96,10160,Portugal,20.96,2025-02,2025-02-08
530093,SKU-004,Reusable Bottle,1,2024-04-22 13:51:00,15.32,10166,Spain,15.32,2024-04,2024-04-22
530093,SKU-005,Notebook A5,1,2024-07-14 13:17:00,5.94,10046,Spain,5.94,2024-07,2024-07-14
530094,SKU-010,Bluetooth Speaker,1,2024-10-06 19:56:00,48.56,10097,Italy,48.56,2024-10,2024-10-06
530094,SKU-005,Notebook A5,1,2024-05-03 16:00:00,5.1,10050,United Kingdom,5.1,2024-05,2024-05-03
530094,SKU-009,Running Socks,1,2024-09-13 11:05:00,7.43,10124,Portugal,7.43,2024-09,2024-09-13
530095,SKU-004,Reusable Bottle,2,2024-06-28 19:26:00,17.11,10020,Spain,34.22,2024-06,2024-06-28
530095,SKU-008,Yoga Mat,3,2024-09-19 16:48:00,21.86,10088,France,65.58,2024-09,2024-09-19
530095,SKU-004,Reusable Bottle,6,2024-10-03 19:30:00,16.57,10113,Italy,99.42,2024-10,2024-10-03
530096,SKU-011,Cotton Tote Bag,1,2024-06-11 19:31:00,10.42,10154,France,10.42,2024-06,2024-06-11
530096,SKU-008,Yoga Mat,3,2025-01-23 20:01:00,23.72,10073,Netherlands,71.16,2025-01,2025-01-23
530096,SKU-002,Organic Green Tea,3,2024-07-04 12:14:00,9.4,10044,France,28.2,2024-07,2024-07-04
530097,SKU-007,Desk Lamp,2,2024-04-19 19:15:00,33.26,10075,Italy,66.52,2024-04,2024-04-19
530097,SKU-005,Notebook A5,2,2024-05-24 18:37:00,5.85,10082,United Kingdom,11.7,2024-05,2024-05-24
530097,SKU-006,Wireless Charger,1,2024-04-19 15:35:00,20.75,10151,Germany,20.75,2024-04,2024-04-19
530098,SKU-009,Running Socks,2,2024-09-18 13:27:00,6.61,10117,Italy,13.22,2024-09,2024-09-18
530098,SKU-012,Phone Stand,2,2024-09-06 16:21:00,13.19,10071,Portugal,26.38,2024-09,2024-09-06
530098,SKU-006,Wireless Charger,2,2024-08-12 19:29:00,23.06,10026,Italy,46.12,2024-08,2024-08-12
530099,SKU-005,Notebook A5,2,2025-04-11 12:16:00,5.03,10129,France,10.06,2025-04,2025-04-11
530099,SKU-004,Reusable Bottle,2,2024-09-27 09:46:00,14.53,10020,Spain,29.06,2024-09,2024-09-27
530099,SKU-004,Reusable Bottle,1,2025-01-19 13:07:00,14.22,10013,United Kingdom,14.22,2025-01,2025-01-19
530100,SKU-012,Phone Stand,1,2024-07-29 16:48:00,10.55,10060,Italy,10.55,2024-07,2024-07-29
530100,SKU-012,Phone Stand,1,2024-12-08 10:12:00,11.02,10095,France,11.02,2024-12,2024-12-08
530100,SKU-004,Reusable Bottle,4,2024-10-18 19:30:00,15.5,10098,France,62.0,2024-10,2024-10-18
530101,SKU-005,Notebook A5,1,2024-10-23 19:37:00,6.2,10060,Italy,6.2,2024-10,2024-10-23
530101,SKU-009,Running Socks,2,2024-11-12 17:18:00,7.01,10123,Spain,14.02,2024-11,2024-11-12
530101,SKU-002,Organic Green Tea,2,2025-03-03 21:12:00,8.02,10011,Italy,16.04,2025-03,2025-03-03
530102,SKU-005,Notebook A5,1,2024-09-16 11:23:00,4.99,10126,Portugal,4.99,2024-09,2024-09-16
530102,SKU-003,Ceramic Mug,2,2024-07-27 12:00:00,7.68,10081,France,15.36,2024-07,2024-07-27
530102,SKU-012,Phone Stand,5,2024-06-20 16:08:00,11.5,10143,Spain,57.5,2024-06,2024-06-20
530103,SKU-005,Notebook A5,10,2025-02-08 08:03:00,5.59,10029,Netherlands,55.9,2025-02,2025-02-08
530103,SKU-009,Running Socks,2,2024-10-10 12:44:00,6.36,10149,Italy,12.72,2024-10,2024-10-10
530103,SKU-003,Ceramic Mug,1,2024-12-18 18:55:00,7.89,10135,Spain,7.89,2024-12,2024-12-18
530104,SKU-008,Yoga Mat,1,2024-07-13 09:55:00,23.18,10128,Germany,23.18,2024-07,2024-07-13
530104,SKU-001,Premium Coffee Beans,1,2025-02-15 17:18:00,13.4,10068,Portugal,13.4,2025-02,2025-02-15
530104,SKU-008,Yoga Mat,1,2024-08-24 15:28:00,25.2,10055,France,25.2,2024-08,2024-08-24
530105,SKU-006,Wireless Charger,5,2024-09-06 10:03:00,26.29,10095,France,131.45,2024-09,2024-09-06
530105,SKU-005,Notebook A5,1,2025-02-10 21:30:00,5.02,10150,Netherlands,5.02,2025-02,2025-02-10
530105,SKU-002,Organic Green Tea,1,2025-01-11 21:04:00,9.49,10148,France,9.49,2025-01,2025-01-11
530106,SKU-007,Desk Lamp,3,2024-07-14 15:04:00,28.99,10144,Spain,86.97,2024-07,2024-07-14
530106,SKU-010,Bluetooth Speaker,1,2024-10-31 18:43:00,44.39,10072,France,44.39,2024-10,2024-10-31
530106,SKU-001,Premium Coffee Beans,2,2024-12-17 10:09:00,12.04,10174,Netherlands,24.08,2024-12,2024-12-17
530107,SKU-010,Bluetooth Speaker,5,2024-09-03 12:05:00,47.32,10151,Germany,236.6,2024-09,2024-09-03
530107,SKU-004,Reusable Bottle,1,2024-09-07 09:35:00,14.99,10136,Italy,14.99,2024-09,2024-09-07
530107,SKU-007,Desk Lamp,1,2024-04-02 17:38:00,28.55,10028,Italy,28.55,2024-04,2024-04-02
530108,SKU-010,Bluetooth Speaker,6,2024-09-19 11:49:00,51.37,10026,Italy,308.22,2024-09,2024-09-19
530108,SKU-009,Running Socks,1,2024-09-08 14:28:00,6.97,10078,Italy,6.97,2024-09,2024-09-08
530108,SKU-008,Yoga Mat,2,2024-06-13 12:55:00,25.32,10020,Spain,50.64,2024-06,2024-06-13
530109,SKU-010,Bluetooth Speaker,1,2024-03-28 14:19:00,49.28,10120,Portugal,49.28,2024-03,2024-03-28
530109,SKU-010,Bluetooth Speaker,1,2025-04-19 17:03:00,41.15,10083,Portugal,41.15,2025-04,2025-04-19
530109,SKU-010,Bluetooth Speaker,8,2024-06-21 19:06:00,42.1,10126,Portugal,336.8,2024-06,2024-06-21
530110,SKU-004,Reusable Bottle,1,2024-04-22 18:13:00,16.1,10023,United Kingdom,16.1,2024-04,2024-04-22
530110,SKU-005,Notebook A5,1,2025-04-24 18:05:00,5.96,10011,Italy,5.96,2025-04,2025-04-24
530110,SKU-003,Ceramic Mug,1,2024-10-10 11:11:00,7.43,10110,Germany,7.43,2024-10,2024-10-10
530111,SKU-009,Running Socks,1,2025-01-15 09:10:00,6.99,10076,United Kingdom,6.99,2025-01,2025-01-15
530111,SKU-001,Premium Coffee Beans,1,2024-08-15 14:28:00,14.28,10036,Portugal,14.28,2024-08,2024-08-15
530111,SKU-012,Phone Stand,2,2024-02-07 17:30:00,11.55,10132,Netherlands,23.1,2024-02,2024-02-07
530112,SKU-005,Notebook A5,1,2024-06-29 08:14:00,5.89,10088,France,5.89,2024-06,2024-06-29
530112,SKU-005,Notebook A5,2,2024-06-13 19:18:00,4.88,10026,Italy,9.76,2024-06,2024-06-13
530112,SKU-012,Phone Stand,8,2024-12-08 21:29:00,13.11,10044,France,104.88,2024-12,2024-12-08
530113,SKU-002,Organic Green Tea,1,2024-09-19 18:14:00,8.62,10089,Germany,8.62,2024-09,2024-09-19
530113,SKU-005,Notebook A5,1,2024-09-04 20:50:00,5.06,10149,Italy,5.06,2024-09,2024-09-04
530113,SKU-011,Cotton Tote Bag,2,2024-08-31 17:42:00,9.84,10061,Germany,19.68,2024-08,2024-08-31
530114,SKU-004,Reusable Bottle,1,2024-12-02 14:07:00,16.85,10071,Portugal,16.85,2024-12,2024-12-02
530114,SKU-009,Running Socks,3,2024-07-17 11:41:00,7.4,10171,United Kingdom,22.2,2024-07,2024-07-17
530114,SKU-003,Ceramic Mug,1,2024-12-24 22:17:00,6.55,10080,Portugal,6.55,2024-12,2024-12-24
530115,SKU-003,Ceramic Mug,1,2024-10-14 09:03:00,7.67,10161,United Kingdom,7.67,2024-10,2024-10-14
530115,SKU-003,Ceramic Mug,2,2024-10-07 20:19:00,6.6,10160,Portugal,13.2,2024-10,2024-10-07
530115,SKU-010,Bluetooth Speaker,1,2024-11-14 19:52:00,46.26,10095,France,46.26,2024-11,2024-11-14
530116,SKU-010,Bluetooth Speaker,1,2024-04-12 22:18:00,48.56,10124,Portugal,48.56,2024-04,2024-04-12
530116,SKU-008,Yoga Mat,1,2024-02-08 09:29:00,27.34,10012,Netherlands,27.34,2024-02,2024-02-08
530116,SKU-012,Phone Stand,1,2024-07-11 12:44:00,11.36,10132,Netherlands,11.36,2024-07,2024-07-11
530117,SKU-007,Desk Lamp,2,2024-06-01 12:32:00,29.72,10138,Germany,59.44,2024-06,2024-06-01
530117,SKU-009,Running Socks,2,2024-11-24 15:28:00,6.67,10018,United Kingdom,13.34,2024-11,2024-11-24
530117,SKU-002,Organic Green Tea,1,2025-03-12 17:02:00,8.28,10004,France,8.28,2025-03,2025-03-12
530118,SKU-007,Desk Lamp,2,2024-08-06 19:20:00,29.97,10137,Germany,59.94,2024-08,2024-08-06
530118,SKU-010,Bluetooth Speaker,2,2024-11-28 12:01:00,47.74,10023,United Kingdom,95.48,2024-11,2024-11-28
530118,SKU-002,Organic Green Tea,1,2025-03-13 11:43:00,9.35,10095,France,9.35,2025-03,2025-03-13
530119,SKU-010,Bluetooth Speaker,8,2024-10-03 17:01:00,47.05,10053,France,376.4,2024-10,2024-10-03
530119,SKU-011,Cotton Tote Bag,3,2024-10-19 21:17:00,9.23,10132,Netherlands,27.69,2024-10,2024-10-19
530119,SKU-010,Bluetooth Speaker,5,2024-06-16 08:48:00,44.69,10063,United Kingdom,223.45,2024-06,2024-06-16
530120,SKU-003,Ceramic Mug,1,2024-10-07 15:33:00,8.18,10078,Italy,8.18,2024-10,2024-10-07
530120,SKU-011,Cotton Tote Bag,1,2024-06-06 15:58:00,11.11,10044,France,11.11,2024-06,2024-06-06
530120,SKU-005,Notebook A5,1,2024-12-14 10:37:00,6.02,10117,Italy,6.02,2024-12,2024-12-14
530121,SKU-007,Desk Lamp,5,2024-06-26 18:52:00,34.3,10150,Netherlands,171.5,2024-06,2024-06-26
530121,SKU-008,Yoga Mat,3,2024-11-11 09:30:00,26.26,10083,Portugal,78.78,2024-11,2024-11-11
530121,SKU-006,Wireless Charger,1,2024-09-18 14:21:00,26.25,10121,Portugal,26.25,2024-09,2024-09-18
530122,SKU-006,Wireless Charger,1,2024-05-23 18:06:00,21.36,10166,Spain,21.36,2024-05,2024-05-23
530122,SKU-003,Ceramic Mug,3,2024-06-12 13:26:00,7.39,10131,Spain,22.17,2024-06,2024-06-12
530122,SKU-012,Phone Stand,2,2024-09-17 15:18:00,12.05,10149,Italy,24.1,2024-09,2024-09-17
530123,SKU-011,Cotton Tote Bag,1,2024-09-23 14:52:00,10.61,10093,Spain,10.61,2024-09,2024-09-23
530123,SKU-009,Running Socks,2,2024-11-23 08:29:00,6.49,10153,Germany,12.98,2024-11,2024-11-23
530123,SKU-002,Organic Green Tea,1,2024-06-24 13:16:00,9.19,10083,Portugal,9.19,2024-06,2024-06-24
530124,SKU-006,Wireless Charger,1,2024-08-12 09:49:00,25.19,10178,Netherlands,25.19,2024-08,2024-08-12
530124,SKU-007,Desk Lamp,2,2024-11-13 21:32:00,33.2,10039,Portugal,66.4,2024-11,2024-11-13
530124,SKU-001,Premium Coffee Beans,1,2024-12-01 18:55:00,13.4,10034,France,13.4,2024-12,2024-12-01
530125,SKU-009,Running Socks,2,2024-03-07 15:26:00,7.5,10000,Italy,15.0,2024-03,2024-03-07
530125,SKU-001,Premium Coffee Beans,6,2024-08-02 11:33:00,12.66,10039,Portugal,75.96,2024-08,2024-08-02
530125,SKU-006,Wireless Charger,1,2025-01-10 17:48:00,26.31,10028,Italy,26.31,2025-01,2025-01-10
530126,SKU-008,Yoga Mat,1,2024-11-09 18:28:00,26.92,10068,Portugal,26.92,2024-11,2024-11-09
530126,SKU-001,Premium Coffee Beans,1,2024-08-15 11:17:00,13.85,10106,Netherlands,13.85,2024-08,2024-08-15
530126,SKU-009,Running Socks,2,2024-07-29 10:59:00,7.58,10000,Italy,15.16,2024-07,2024-07-29
530127,SKU-005,Notebook A5,2,2024-09-02 15:56:00,5.73,10017,United Kingdom,11.46,2024-09,2024-09-02
530127,SKU-012,Phone Stand,2,2024-09-22 15:07:00,11.96,10012,Netherlands,23.92,2024-09,2024-09-22
530127,SKU-001,Premium Coffee Beans,2,2024-12-09 18:38:00,12.48,10107,Italy,24.96,2024-12,2024-12-09
530128,SKU-004,Reusable Bottle,1,2024-04-08 19:10:00,13.72,10149,Italy,13.72,2024-04,2024-04-08
530128,SKU-005,Notebook A5,3,2024-11-04 16:00:00,5.92,10062,Netherlands,17.76,2024-11,2024-11-04
530128,SKU-009,Running Socks,1,2024-05-15 14:05:00,6.78,10095,France,6.78,2024-05,2024-05-15
530129,SKU-004,Reusable Bottle,1,2024-06-15 21:58:00,15.74,10079,Spain,15.74,2024-06,2024-06-15
530129,SKU-002,Organic Green Tea,10,2025-02-12 15:07:00,9.02,10132,Netherlands,90.2,2025-02,2025-02-12
530129,SKU-011,Cotton Tote Bag,2,2024-12-02 21:09:00,9.2,10073,Netherlands,18.4,2024-12,2024-12-02
530130,SKU-008,Yoga Mat,3,2024-08-07 22:45:00,25.03,10073,Netherlands,75.09,2024-08,2024-08-07
530130,SKU-005,Notebook A5,1,2024-07-31 16:45:00,5.31,10106,Netherlands,5.31,2024-07,2024-07-31
530130,SKU-005,Notebook A5,1,2024-12-20 14:53:00,5.23,10004,France,5.23,2024-12,2024-12-20
530131,SKU-008,Yoga Mat,1,2025-02-17 15:15:00,23.16,10095,France,23.16,2025-02,2025-02-17
530131,SKU-008,Yoga Mat,4,2024-12-25 16:09:00,22.72,10078,Italy,90.88,2024-12,2024-12-25
530131,SKU-007,Desk Lamp,1,2024-09-02 11:58:00,29.4,10144,Spain,29.4,2024-09,2024-09-02
530132,SKU-010,Bluetooth Speaker,2,2024-09-06 16:47:00,45.41,10013,United Kingdom,90.82,2024-09,2024-09-06
530132,SKU-003,Ceramic Mug,2,2024-05-20 21:04:00,7.58,10132,Netherlands,15.16,2024-05,2024-05-20
530132,SKU-005,Notebook A5,2,2024-10-19 20:50:00,6.15,10026,Italy,12.3,2024-10,2024-10-19
530133,SKU-007,Desk Lamp,1,2024-07-06 13:59:00,30.41,10012,Netherlands,30.41,2024-07,2024-07-06
530133,SKU-009,Running Socks,4,2024-06-25 12:52:00,6.68,10044,France,26.72,2024-06,2024-06-25
530133,SKU-001,Premium Coffee Beans,1,2024-11-28 12:46:00,11.82,10135,Spain,11.82,2024-11,2024-11-28
530134,SKU-005,Notebook A5,1,2024-03-29 21:37:00,6.08,10089,Germany,6.08,2024-03,2024-03-29
530134,SKU-010,Bluetooth Speaker,2,2024-08-14 18:31:00,44.41,10027,Italy,88.82,2024-08,2024-08-14
530134,SKU-003,Ceramic Mug,1,2024-10-21 15:34:00,8.21,10160,Portugal,8.21,2024-10,2024-10-21
530135,SKU-008,Yoga Mat,5,2024-03-21 13:21:00,24.11,10100,Italy,120.55,2024-03,2024-03-21
530135,SKU-009,Running Socks,2,2025-03-27 20:34:00,6.65,10047,Portugal,13.3,2025-03,2025-03-27
530135,SKU-007,Desk Lamp,1,2024-09-23 15:59:00,32.0,10120,Portugal,32.0,2024-09,2024-09-23
530136,SKU-006,Wireless Charger,2,2024-07-28 21:12:00,21.26,10174,Netherlands,42.52,2024-07,2024-07-28
530136,SKU-012,Phone Stand,1,2024-06-26 11:36:00,12.8,10029,Netherlands,12.8,2024-06,2024-06-26
530136,SKU-007,Desk Lamp,2,2024-04-29 11:54:00,35.12,10100,Italy,70.24,2024-04,2024-04-29
530137,SKU-007,Desk Lamp,1,2024-11-04 08:20:00,32.63,10131,Spain,32.63,2024-11,2024-11-04
530137,SKU-012,Phone Stand,1,2024-09-03 15:45:00,10.83,10013,United Kingdom,10.83,2024-09,2024-09-03
530137,SKU-007,Desk Lamp,3,2024-10-23 14:42:00,31.99,10168,Italy,95.97,2024-10,2024-10-23
530138,SKU-011,Cotton Tote Bag,2,2024-09-18 10:31:00,9.06,10073,Netherlands,18.12,2024-09,2024-09-18
530138,SKU-001,Premium Coffee Beans,3,2024-08-27 10:32:00,11.78,10094,France,35.34,2024-08,2024-08-27
530138,SKU-010,Bluetooth Speaker,1,2024-06-28 13:55:00,42.35,10141,Spain,42.35,2024-06,2024-06-28
530139,SKU-002,Organic Green Tea,2,2024-09-11 21:54:00,8.09,10062,Netherlands,16.18,2024-09,2024-09-11
530139,SKU-008,Yoga Mat,4,2025-01-07 09:33:00,23.03,10154,France,92.12,2025-01,2025-01-07
530139,SKU-008,Yoga Mat,8,2024-11-27 08:46:00,21.76,10082,United Kingdom,174.08,2024-11,2024-11-27
530140,SKU-003,Ceramic Mug,1,2025-01-28 14:55:00,7.45,10012,Netherlands,7.45,2025-01,2025-01-28
530140,SKU-011,Cotton Tote Bag,1,2024-10-19 10:04:00,10.94,10091,Portugal,10.94,2024-10,2024-10-19
530140,SKU-008,Yoga Mat,2,2025-03-09 20:16:00,22.82,10069,Italy,45.64,2025-03,2025-03-09
530141,SKU-006,Wireless Charger,1,2024-12-05 17:44:00,23.92,10095,France,23.92,2024-12,2024-12-05
530141,SKU-007,Desk Lamp,3,2024-08-10 18:05:00,35.56,10113,Italy,106.68,2024-08,2024-08-10
530141,SKU-006,Wireless Charger,1,2024-11-01 21:43:00,25.15,10096,Spain,25.15,2024-11,2024-11-01
530142,SKU-009,Running Socks,3,2025-01-26 14:20:00,6.69,10058,Portugal,20.07,2025-01,2025-01-26
530142,SKU-011,Cotton Tote Bag,1,2024-06-07 19:56:00,9.37,10178,Netherlands,9.37,2024-06,2024-06-07
530142,SKU-008,Yoga Mat,2,2024-05-17 21:34:00,24.24,10159,United Kingdom,48.48,2024-05,2024-05-17
530143,SKU-001,Premium Coffee Beans,1,2025-01-13 17:04:00,14.2,10110,Germany,14.2,2025-01,2025-01-13
530143,SKU-004,Reusable Bottle,6,2024-08-16 18:43:00,17.19,10093,Spain,103.14,2024-08,2024-08-16
530143,SKU-005,Notebook A5,2,2024-05-24 11:47:00,6.05,10123,Spain,12.1,2024-05,2024-05-24
530144,SKU-002,Organic Green Tea,1,2024-02-09 14:06:00,8.84,10077,United Kingdom,8.84,2024-02,2024-02-09
530144,SKU-011,Cotton Tote Bag,2,2025-01-17 19:55:00,9.11,10095,France,18.22,2025-01,2025-01-17
530144,SKU-002,Organic Green Tea,1,2025-01-01 15:10:00,9.39,10132,Netherlands,9.39,2025-01,2025-01-01
530145,SKU-012,Phone Stand,2,2024-07-17 12:57:00,11.7,10098,France,23.4,2024-07,2024-07-17
530145,SKU-001,Premium Coffee Beans,1,2024-07-30 08:20:00,13.2,10148,France,13.2,2024-07,2024-07-30
530145,SKU-001,Premium Coffee Beans,1,2024-05-27 12:22:00,13.91,10149,Italy,13.91,2024-05,2024-05-27
530146,SKU-006,Wireless Charger,1,2024-06-22 14:09:00,21.42,10149,Italy,21.42,2024-06,2024-06-22
530146,SKU-004,Reusable Bottle,1,2024-11-18 16:26:00,15.94,10066,Netherlands,15.94,2024-11,2024-11-18
530146,SKU-010,Bluetooth Speaker,1,2024-12-25 18:50:00,45.8,10112,France,45.8,2024-12,2024-12-25
530147,SKU-003,Ceramic Mug,2,2024-05-05 10:11:00,7.7,10175,Germany,15.4,2024-05,2024-05-05
530147,SKU-002,Organic Green Tea,2,2024-04-03 17:55:00,8.02,10061,Germany,16.04,2024-04,2024-04-03
530147,SKU-007,Desk Lamp,1,2024-12-23 17:43:00,30.55,10151,Germany,30.55,2024-12,2024-12-23
530148,SKU-004,Reusable Bottle,2,2024-09-10 15:58:00,14.64,10117,Italy,29.28,2024-09,2024-09-10
530148,SKU-010,Bluetooth Speaker,1,2024-07-13 10:14:00,47.85,10040,Spain,47.85,2024-07,2024-07-13
530148,SKU-008,Yoga Mat,4,2024-11-24 18:16:00,26.33,10166,Spain,105.32,2024-11,2024-11-24
530149,SKU-008,Yoga Mat,1,2025-01-27 12:42:00,25.62,10123,Spain,25.62,2025-01,2025-01-27
530149,SKU-001,Premium Coffee Beans,1,2024-08-24 22:51:00,13.09,10100,Italy,13.09,2024-08,2024-08-24
530149,SKU-008,Yoga Mat,2,2024-08-06 22:18:00,27.46,10151,Germany,54.92,2024-08,2024-08-06
530150,SKU-011,Cotton Tote Bag,1,2024-03-13 16:10:00,10.74,10021,Netherlands,10.74,2024-03,2024-03-13
530150,SKU-002,Organic Green Tea,1,2025-01-01 15:22:00,8.27,10163,United Kingdom,8.27,2025-01,2025-01-01
530150,SKU-010,Bluetooth Speaker,2,2024-12-09 12:40:00,40.7,10162,Portugal,81.4,2024-12,2024-12-09
530151,SKU-007,Desk Lamp,2,2024-07-14 19:16:00,34.88,10172,Germany,69.76,2024-07,2024-07-14
530151,SKU-008,Yoga Mat,4,2024-04-28 21:19:00,25.82,10051,Germany,103.28,2024-04,2024-04-28
530151,SKU-004,Reusable Bottle,1,2024-06-22 14:54:00,13.55,10098,France,13.55,2024-06,2024-06-22
530152,SKU-008,Yoga Mat,1,2024-10-02 09:15:00,23.38,10086,United Kingdom,23.38,2024-10,2024-10-02
530152,SKU-007,Desk Lamp,2,2024-03-18 17:22:00,35.46,10054,Portugal,70.92,2024-03,2024-03-18
530152,SKU-010,Bluetooth Speaker,2,2024-10-01 12:44:00,50.54,10150,Netherlands,101.08,2024-10,2024-10-01
530153,SKU-005,Notebook A5,1,2024-06-22 08:53:00,5.93,10034,France,5.93,2024-06,2024-06-22
530153,SKU-011,Cotton Tote Bag,2,2025-04-21 14:17:00,11.03,10005,Spain,22.06,2025-04,2025-04-21
530153,SKU-001,Premium Coffee Beans,1,2024-12-20 17:55:00,13.54,10095,France,13.54,2024-12,2024-12-20
530154,SKU-011,Cotton Tote Bag,1,2025-01-28 20:47:00,10.57,10022,Netherlands,10.57,2025-01,2025-01-28
530154,SKU-001,Premium Coffee Beans,4,2024-09-25 22:38:00,13.28,10149,Italy,53.12,2024-09,2024-09-25
530154,SKU-012,Phone Stand,1,2024-08-21 15:53:00,12.57,10078,Italy,12.57,2024-08,2024-08-21
530155,SKU-005,Notebook A5,4,2024-08-23 20:51:00,5.68,10107,Italy,22.72,2024-08,2024-08-23
530155,SKU-004,Reusable Bottle,2,2024-11-03 17:51:00,14.39,10113,Italy,28.78,2024-11,2024-11-03
530155,SKU-006,Wireless Charger,1,2024-08-07 11:40:00,23.4,10094,France,23.4,2024-08,2024-08-07
530156,SKU-004,Reusable Bottle,6,2024-10-03 17:16:00,16.29,10120,Portugal,97.74,2024-10,2024-10-03
530156,SKU-011,Cotton Tote Bag,2,2024-04-04 20:46:00,9.54,10093,Spain,19.08,2024-04,2024-04-04
530156,SKU-011,Cotton Tote Bag,1,2024-03-16 18:53:00,9.26,10068,Portugal,9.26,2024-03,2024-03-16
530157,SKU-003,Ceramic Mug,6,2024-07-22 18:06:00,7.35,10051,Germany,44.1,2024-07,2024-07-22
530157,SKU-011,Cotton Tote Bag,2,2024-07-06 18:02:00,9.42,10037,United Kingdom,18.84,2024-07,2024-07-06
530157,SKU-005,Notebook A5,1,2024-01-31 20:28:00,5.16,10095,France,5.16,2024-01,2024-01-31
530158,SKU-001,Premium Coffee Beans,1,2024-07-24 17:23:00,14.2,10005,Spain,14.2,2024-07,2024-07-24
530158,SKU-012,Phone Stand,1,2024-07-10 10:05:00,13.03,10103,Netherlands,13.03,2024-07,2024-07-10
530158,SKU-005,Notebook A5,1,2024-10-08 13:47:00,5.01,10071,Portugal,5.01,2024-10,2024-10-08
530159,SKU-007,Desk Lamp,1,2025-01-09 10:12:00,32.24,10066,Netherlands,32.24,2025-01,2025-01-09
530159,SKU-003,Ceramic Mug,10,2024-05-08 20:34:00,6.97,10127,France,69.7,2024-05,2024-05-08
530159,SKU-006,Wireless Charger,1,2024-08-14 16:32:00,25.81,10071,Portugal,25.81,2024-08,2024-08-14
530160,SKU-005,Notebook A5,2,2024-07-15 21:10:00,5.97,10129,France,11.94,2024-07,2024-07-15
530160,SKU-005,Notebook A5,3,2024-01-14 22:52:00,5.72,10171,United Kingdom,17.16,2024-01,2024-01-14
530160,SKU-008,Yoga Mat,1,2024-03-27 20:18:00,25.22,10007,Spain,25.22,2024-03,2024-03-27
530161,SKU-012,Phone Stand,1,2024-08-07 21:21:00,11.66,10125,United Kingdom,11.66,2024-08,2024-08-07
530161,SKU-002,Organic Green Tea,1,2024-08-16 15:04:00,9.25,10068,Portugal,9.25,2024-08,2024-08-16
530161,SKU-003,Ceramic Mug,1,2024-07-29 20:14:00,8.18,10012,Netherlands,8.18,2024-07,2024-07-29
530162,SKU-011,Cotton Tote Bag,2,2024-07-31 19:43:00,10.38,10123,Spain,20.76,2024-07,2024-07-31
530162,SKU-007,Desk Lamp,2,2025-01-30 21:51:00,33.17,10001,United Kingdom,66.34,2025-01,2025-01-30
530162,SKU-009,Running Socks,2,2024-05-02 13:05:00,7.77,10153,Germany,15.54,2024-05,2024-05-02
530163,SKU-007,Desk Lamp,2,2024-05-13 08:16:00,28.44,10012,Netherlands,56.88,2024-05,2024-05-13
530163,SKU-009,Running Socks,1,2024-09-03 09:29:00,7.21,10073,Netherlands,7.21,2024-09,2024-09-03
530163,SKU-006,Wireless Charger,1,2024-09-22 18:47:00,22.57,10006,Spain,22.57,2024-09,2024-09-22
530164,SKU-011,Cotton Tote Bag,2,2024-12-27 12:37:00,10.62,10132,Netherlands,21.24,2024-12,2024-12-27
530164,SKU-007,Desk Lamp,2,2024-07-04 21:40:00,30.76,10078,Italy,61.52,2024-07,2024-07-04
530164,SKU-006,Wireless Charger,1,2024-12-07 09:43:00,25.32,10142,France,25.32,2024-12,2024-12-07
530165,SKU-004,Reusable Bottle,5,2024-08-20 15:01:00,14.7,10151,Germany,73.5,2024-08,2024-08-20
530165,SKU-010,Bluetooth Speaker,1,2024-10-03 22:35:00,48.44,10105,Spain,48.44,2024-10,2024-10-03
530165,SKU-006,Wireless Charger,1,2024-05-24 22:39:00,23.07,10125,United Kingdom,23.07,2024-05,2024-05-24
530166,SKU-004,Reusable Bottle,4,2024-07-26 18:04:00,14.08,10028,Italy,56.32,2024-07,2024-07-26
530166,SKU-011,Cotton Tote Bag,2,2024-10-13 21:29:00,9.75,10004,France,19.5,2024-10,2024-10-13
530166,SKU-012,Phone Stand,1,2024-07-16 12:41:00,12.3,10012,Netherlands,12.3,2024-07,2024-07-16
530167,SKU-007,Desk Lamp,1,2024-06-14 09:08:00,36.13,10107,Italy,36.13,2024-06,2024-06-14
530167,SKU-001,Premium Coffee Beans,2,2024-05-12 08:19:00,13.18,10082,United Kingdom,26.36,2024-05,2024-05-12
530167,SKU-008,Yoga Mat,1,2025-03-08 09:06:00,23.91,10004,France,23.91,2025-03,2025-03-08
530168,SKU-004,Reusable Bottle,1,2024-08-08 22:34:00,14.1,10005,Spain,14.1,2024-08,2024-08-08
530168,SKU-003,Ceramic Mug,2,2024-08-27 14:29:00,7.0,10004,France,14.0,2024-08,2024-08-27
530168,SKU-006,Wireless Charger,1,2025-03-01 18:47:00,22.41,10160,Portugal,22.41,2025-03,2025-03-01
530169,SKU-012,Phone Stand,2,2024-12-18 16:26:00,13.18,10158,Germany,26.36,2024-12,2024-12-18
530169,SKU-010,Bluetooth Speaker,6,2024-08-08 19:46:00,44.84,10052,United Kingdom,269.04,2024-08,2024-08-08
530169,SKU-003,Ceramic Mug,2,2024-05-18 22:26:00,7.48,10063,United Kingdom,14.96,2024-05,2024-05-18
530170,SKU-011,Cotton Tote Bag,2,2024-12-21 09:53:00,10.0,10098,France,20.0,2024-12,2024-12-21
530170,SKU-008,Yoga Mat,1,2024-06-04 17:26:00,21.95,10054,Portugal,21.95,2024-06,2024-06-04
530170,SKU-005,Notebook A5,1,2025-03-11 08:44:00,5.61,10064,Germany,5.61,2025-03,2025-03-11
530171,SKU-006,Wireless Charger,2,2024-05-11 11:28:00,23.15,10066,Netherlands,46.3,2024-05,2024-05-11
530171,SKU-008,Yoga Mat,1,2024-08-12 11:54:00,27.56,10112,France,27.56,2024-08,2024-08-12
530171,SKU-006,Wireless Charger,2,2024-09-24 09:43:00,24.16,10154,France,48.32,2024-09,2024-09-24
530172,SKU-006,Wireless Charger,1,2024-03-11 16:57:00,23.33,10038,Portugal,23.33,2024-03,2024-03-11
530172,SKU-011,Cotton Tote Bag,1,2025-03-08 13:03:00,11.16,10098,France,11.16,2025-03,2025-03-08
530172,SKU-007,Desk Lamp,2,2025-01-07 12:12:00,29.38,10130,United Kingdom,58.76,2025-01,2025-01-07
530173,SKU-002,Organic Green Tea,1,2024-12-05 21:52:00,8.24,10142,France,8.24,2024-12,2024-12-05
530173,SKU-008,Yoga Mat,5,2024-05-16 09:42:00,24.38,10154,France,121.9,2024-05,2024-05-16
530173,SKU-004,Reusable Bottle,1,2025-01-04 18:40:00,15.71,10176,Netherlands,15.71,2025-01,2025-01-04
530174,SKU-010,Bluetooth Speaker,1,2024-06-08 08:03:00,49.07,10068,Portugal,49.07,2024-06,2024-06-08
530174,SKU-006,Wireless Charger,1,2024-09-05 11:08:00,23.91,10070,Netherlands,23.91,2024-09,2024-09-05
530174,SKU-010,Bluetooth Speaker,8,2024-08-13 11:04:00,49.81,10151,Germany,398.48,2024-08,2024-08-13
530175,SKU-009,Running Socks,2,2025-03-01 11:37:00,6.56,10136,Italy,13.12,2025-03,2025-03-01
530175,SKU-004,Reusable Bottle,3,2024-08-22 21:55:00,16.68,10020,Spain,50.04,2024-08,2024-08-22
530175,SKU-004,Reusable Bottle,1,2025-01-14 13:49:00,15.18,10159,United Kingdom,15.18,2025-01,2025-01-14
530176,SKU-003,Ceramic Mug,2,2025-02-08 20:57:00,6.51,10093,Spain,13.02,2025-02,2025-02-08
530176,SKU-010,Bluetooth Speaker,2,2024-11-09 08:17:00,48.29,10088,France,96.58,2024-11,2024-11-09
530176,SKU-003,Ceramic Mug,1,2024-07-30 10:34:00,7.93,10026,Italy,7.93,2024-07,2024-07-30
530177,SKU-005,Notebook A5,1,2025-03-03 20:11:00,4.87,10051,Germany,4.87,2025-03,2025-03-03
530177,SKU-002,Organic Green Tea,2,2024-12-19 18:55:00,8.28,10179,Portugal,16.56,2024-12,2024-12-19
530177,SKU-001,Premium Coffee Beans,2,2024-12-22 10:00:00,14.0,10002,United Kingdom,28.0,2024-12,2024-12-22
530178,SKU-006,Wireless Charger,2,2024-11-26 20:50:00,24.38,10028,Italy,48.76,2024-11,2024-11-26
530178,SKU-004,Reusable Bottle,3,2024-10-07 17:20:00,13.83,10137,Germany,41.49,2024-10,2024-10-07
530178,SKU-001,Premium Coffee Beans,1,2024-08-13 10:16:00,12.92,10089,Germany,12.92,2024-08,2024-08-13
530179,SKU-001,Premium Coffee Beans,1,2024-04-27 10:47:00,14.22,10012,Netherlands,14.22,2024-04,2024-04-27
530179,SKU-007,Desk Lamp,1,2025-03-01 16:07:00,32.47,10169,Germany,32.47,2025-03,2025-03-01
530179,SKU-012,Phone Stand,1,2024-09-07 09:30:00,12.63,10054,Portugal,12.63,2024-09,2024-09-07
530180,SKU-008,Yoga Mat,1,2024-04-05 20:23:00,24.02,10128,Germany,24.02,2024-04,2024-04-05
530180,SKU-009,Running Socks,1,2024-07-06 17:06:00,7.6,10054,Portugal,7.6,2024-07,2024-07-06
530180,SKU-008,Yoga Mat,1,2025-01-26 16:14:00,23.53,10165,Italy,23.53,2025-01,2025-01-26
530181,SKU-010,Bluetooth Speaker,1,2024-10-15 08:46:00,51.51,10088,France,51.51,2024-10,2024-10-15
530181,SKU-011,Cotton Tote Bag,1,2024-10-17 16:19:00,9.21,10107,Italy,9.21,2024-10,2024-10-17
530181,SKU-008,Yoga Mat,1,2024-08-24 18:01:00,25.12,10158,Germany,25.12,2024-08,2024-08-24
530182,SKU-001,Premium Coffee Beans,1,2024-10-27 15:54:00,12.39,10112,France,12.39,2024-10,2024-10-27
530182,SKU-007,Desk Lamp,3,2024-12-09 14:43:00,32.7,10129,France,98.1,2024-12,2024-12-09
530182,SKU-002,Organic Green Tea,1,2024-11-28 15:45:00,8.23,10095,France,8.23,2024-11,2024-11-28
530183,SKU-008,Yoga Mat,1,2024-05-09 09:57:00,25.38,10090,Italy,25.38,2024-05,2024-05-09
530183,SKU-002,Organic Green Tea,2,2024-07-18 13:38:00,7.65,10008,Italy,15.3,2024-07,2024-07-18
530183,SKU-003,Ceramic Mug,1,2024-07-04 09:08:00,7.75,10094,France,7.75,2024-07,2024-07-04
530184,SKU-005,Notebook A5,3,2024-01-22 17:40:00,5.19,10011,Italy,15.57,2024-01,2024-01-22
530184,SKU-010,Bluetooth Speaker,1,2024-04-22 16:45:00,44.55,10132,Netherlands,44.55,2024-04,2024-04-22
530184,SKU-006,Wireless Charger,3,2024-07-16 14:38:00,25.13,10049,United Kingdom,75.39,2024-07,2024-07-16
530185,SKU-009,Running Socks,1,2025-01-28 12:29:00,6.86,10159,United Kingdom,6.86,2025-01,2025-01-28
530185,SKU-009,Running Socks,1,2024-10-29 17:27:00,7.06,10173,Germany,7.06,2024-10,2024-10-29
530185,SKU-002,Organic Green Tea,2,2024-11-03 20:44:00,7.66,10070,Netherlands,15.32,2024-11,2024-11-03
530186,SKU-002,Organic Green Tea,2,2024-10-22 21:41:00,9.7,10032,Germany,19.4,2024-10,2024-10-22
530186,SKU-011,Cotton Tote Bag,6,2024-11-03 22:49:00,9.65,10135,Spain,57.9,2024-11,2024-11-03
530186,SKU-009,Running Socks,3,2024-10-16 19:55:00,6.29,10020,Spain,18.87,2024-10,2024-10-16
530187,SKU-004,Reusable Bottle,6,2024-09-07 14:28:00,15.12,10068,Portugal,90.72,2024-09,2024-09-07
530187,SKU-004,Reusable Bottle,1,2024-08-02 14:21:00,14.89,10083,Portugal,14.89,2024-08,2024-08-02
530187,SKU-008,Yoga Mat,2,2024-08-16 14:26:00,26.53,10008,Italy,53.06,2024-08,2024-08-16
530188,SKU-012,Phone Stand,1,2024-10-20 09:20:00,11.71,10150,Netherlands,11.71,2024-10,2024-10-20
530188,SKU-007,Desk Lamp,1,2024-10-26 13:42:00,33.14,10154,France,33.14,2024-10,2024-10-26
530188,SKU-005,Notebook A5,1,2024-10-18 13:09:00,5.86,10054,Portugal,5.86,2024-10,2024-10-18
530189,SKU-011,Cotton Tote Bag,2,2024-08-10 22:30:00,10.68,10058,Portugal,21.36,2024-08,2024-08-10
530189,SKU-002,Organic Green Tea,4,2024-07-08 09:53:00,8.43,10038,Portugal,33.72,2024-07,2024-07-08
530189,SKU-002,Organic Green Tea,1,2024-09-10 09:27:00,8.22,10010,Italy,8.22,2024-09,2024-09-10
530190,SKU-002,Organic Green Tea,1,2024-08-05 19:47:00,8.37,10149,Italy,8.37,2024-08,2024-08-05
530190,SKU-006,Wireless Charger,1,2024-08-15 20:08:00,23.43,10004,France,23.43,2024-08,2024-08-15
530190,SKU-009,Running Socks,2,2024-10-02 08:37:00,6.23,10072,France,12.46,2024-10,2024-10-02
530191,SKU-009,Running Socks,6,2024-09-11 16:21:00,7.38,10084,Spain,44.28,2024-09,2024-09-11
530191,SKU-011,Cotton Tote Bag,2,2024-11-27 09:26:00,10.2,10057,France,20.4,2024-11,2024-11-27
530191,SKU-006,Wireless Charger,1,2024-02-16 21:42:00,25.02,10174,Netherlands,25.02,2024-02,2024-02-16
530192,SKU-007,Desk Lamp,1,2024-07-01 21:58:00,28.49,10144,Spain,28.49,2024-07,2024-07-01
530192,SKU-012,Phone Stand,2,2024-09-11 08:18:00,11.35,10053,France,22.7,2024-09,2024-09-11
530192,SKU-010,Bluetooth Speaker,1,2024-07-12 12:22:00,47.77,10068,Portugal,47.77,2024-07,2024-07-12
530193,SKU-002,Organic Green Tea,3,2024-02-24 17:32:00,9.56,10174,Netherlands,28.68,2024-02,2024-02-24
530193,SKU-004,Reusable Bottle,3,2024-08-27 10:42:00,14.99,10140,Germany,44.97,2024-08,2024-08-27
530193,SKU-008,Yoga Mat,1,2024-06-17 11:54:00,23.08,10054,Portugal,23.08,2024-06,2024-06-17
530194,SKU-002,Organic Green Tea,2,2024-08-31 13:54:00,7.77,10088,France,15.54,2024-08,2024-08-31
530194,SKU-009,Running Socks,5,2024-12-02 13:07:00,7.92,10171,United Kingdom,39.6,2024-12,2024-12-02
530194,SKU-005,Notebook A5,6,2024-04-07 17:14:00,5.35,10098,France,32.1,2024-04,2024-04-07
530195,SKU-007,Desk Lamp,1,2024-05-12 21:35:00,33.25,10041,Italy,33.25,2024-05,2024-05-12
530195,SKU-010,Bluetooth Speaker,2,2024-05-15 17:43:00,49.63,10140,Germany,99.26,2024-05,2024-05-15
530195,SKU-011,Cotton Tote Bag,1,2024-10-25 16:01:00,9.55,10114,Italy,9.55,2024-10,2024-10-25
530196,SKU-010,Bluetooth Speaker,5,2024-07-09 22:42:00,45.79,10066,Netherlands,228.95,2024-07,2024-07-09
530196,SKU-012,Phone Stand,2,2024-03-29 12:01:00,10.77,10158,Germany,21.54,2024-03,2024-03-29
530196,SKU-003,Ceramic Mug,2,2024-08-24 12:44:00,6.72,10001,United Kingdom,13.44,2024-08,2024-08-24
530197,SKU-005,Notebook A5,2,2024-06-22 22:21:00,5.54,10172,Germany,11.08,2024-06,2024-06-22
530197,SKU-006,Wireless Charger,1,2024-07-04 08:11:00,25.23,10124,Portugal,25.23,2024-07,2024-07-04
530197,SKU-003,Ceramic Mug,2,2024-08-20 17:42:00,6.56,10083,Portugal,13.12,2024-08,2024-08-20
530198,SKU-007,Desk Lamp,1,2024-06-10 09:09:00,28.74,10032,Germany,28.74,2024-06,2024-06-10
530198,SKU-012,Phone Stand,8,2024-12-05 18:01:00,12.8,10149,Italy,102.4,2024-12,2024-12-05
530198,SKU-002,Organic Green Tea,6,2024-06-05 19:33:00,9.67,10044,France,58.02,2024-06,2024-06-05
530199,SKU-004,Reusable Bottle,2,2025-03-27 14:26:00,15.64,10178,Netherlands,31.28,2025-03,2025-03-27
530199,SKU-008,Yoga Mat,1,2024-10-01 13:10:00,22.04,10047,Portugal,22.04,2024-10,2024-10-01
530199,SKU-006,Wireless Charger,8,2024-06-03 12:46:00,25.15,10112,France,201.2,2024-06,2024-06-03
530200,SKU-006,Wireless Charger,5,2025-03-05 20:36:00,23.6,10161,United Kingdom,118.0,2025-03,2025-03-05
530200,SKU-010,Bluetooth Speaker,2,2024-05-22 09:56:00,45.87,10174,Netherlands,91.74,2024-05,2024-05-22
530200,SKU-001,Premium Coffee Beans,1,2024-10-15 10:10:00,13.76,10129,France,13.76,2024-10,2024-10-15
530201,SKU-010,Bluetooth Speaker,2,2024-11-27 08:43:00,46.11,10032,Germany,92.22,2024-11,2024-11-27
530201,SKU-002,Organic Green Tea,1,2024-07-30 12:28:00,9.62,10002,United Kingdom,9.62,2024-07,2024-07-30
530201,SKU-011,Cotton Tote Bag,2,2024-06-15 14:31:00,9.71,10041,Italy,19.42,2024-06,2024-06-15
530202,SKU-010,Bluetooth Speaker,2,2024-04-19 15:26:00,45.32,10150,Netherlands,90.64,2024-04,2024-04-19
530202,SKU-005,Notebook A5,1,2024-10-21 11:48:00,5.02,10004,France,5.02,2024-10,2024-10-21
530202,SKU-009,Running Socks,1,2025-02-03 09:22:00,7.92,10052,United Kingdom,7.92,2025-02,2025-02-03
530203,SKU-007,Desk Lamp,2,2024-08-03 09:18:00,31.44,10007,Spain,62.88,2024-08,2024-08-03
530203,SKU-011,Cotton Tote Bag,5,2025-02-25 18:37:00,10.34,10135,Spain,51.7,2025-02,2025-02-25
530203,SKU-008,Yoga Mat,3,2024-06-26 16:42:00,24.98,10068,Portugal,74.94,2024-06,2024-06-26
530204,SKU-005,Notebook A5,2,2024-06-22 08:14:00,5.12,10068,Portugal,10.24,2024-06,2024-06-22
530204,SKU-007,Desk Lamp,1,2024-09-08 17:03:00,30.09,10163,United Kingdom,30.09,2024-09,2024-09-08
530204,SKU-001,Premium Coffee Beans,1,2024-05-27 11:19:00,14.41,10005,Spain,14.41,2024-05,2024-05-27
530205,SKU-004,Reusable Bottle,6,2024-09-28 20:08:00,15.14,10051,Germany,90.84,2024-09,2024-09-28
530205,SKU-005,Notebook A5,1,2024-11-22 12:20:00,5.24,10104,Italy,5.24,2024-11,2024-11-22
530205,SKU-002,Organic Green Tea,4,2025-02-22 08:31:00,9.55,10067,France,38.2,2025-02,2025-02-22
530206,SKU-012,Phone Stand,3,2024-09-01 14:11:00,11.78,10073,Netherlands,35.34,2024-09,2024-09-01
530206,SKU-003,Ceramic Mug,2,2024-06-01 14:34:00,7.08,10039,Portugal,14.16,2024-06,2024-06-01
530206,SKU-012,Phone Stand,1,2024-04-04 11:32:00,10.55,10150,Netherlands,10.55,2024-04,2024-04-04
530207,SKU-009,Running Socks,1,2024-08-14 21:42:00,7.61,10167,Portugal,7.61,2024-08,2024-08-14
530207,SKU-006,Wireless Charger,1,2024-10-31 09:25:00,25.02,10149,Italy,25.02,2024-10,2024-10-31
530207,SKU-012,Phone Stand,1,2025-01-10 08:27:00,11.9,10121,Portugal,11.9,2025-01,2025-01-10
530208,SKU-001,Premium Coffee Beans,1,2024-03-09 15:58:00,12.02,10051,Germany,12.02,2024-03,2024-03-09
530208,SKU-002,Organic Green Tea,1,2024-08-16 21:20:00,8.76,10136,Italy,8.76,2024-08,2024-08-16
530208,SKU-010,Bluetooth Speaker,6,2024-06-17 14:36:00,43.92,10008,Italy,263.52,2024-06,2024-06-17
530209,SKU-007,Desk Lamp,1,2024-01-14 19:40:00,34.09,10054,Portugal,34.09,2024-01,2024-01-14
530209,SKU-007,Desk Lamp,1,2024-10-21 12:07:00,34.19,10173,Germany,34.19,2024-10,2024-10-21
530209,SKU-007,Desk Lamp,1,2024-07-13 08:20:00,30.91,10150,Netherlands,30.91,2024-07,2024-07-13
530210,SKU-003,Ceramic Mug,3,2024-05-30 20:39:00,7.15,10128,Germany,21.45,2024-05,2024-05-30
530210,SKU-008,Yoga Mat,3,2025-04-01 21:44:00,26.13,10161,United Kingdom,78.39,2025-04,2025-04-01
530210,SKU-006,Wireless Charger,2,2024-10-21 09:27:00,21.06,10071,Portugal,42.12,2024-10,2024-10-21
530211,SKU-002,Organic Green Tea,2,2024-05-24 11:27:00,9.31,10098,France,18.62,2024-05,2024-05-24
530211,SKU-010,Bluetooth Speaker,6,2024-03-13 14:33:00,43.48,10105,Spain,260.88,2024-03,2024-03-13
530211,SKU-002,Organic Green Tea,1,2024-11-07 14:55:00,9.26,10107,Italy,9.26,2024-11,2024-11-07
530212,SKU-005,Notebook A5,1,2024-09-09 19:21:00,5.36,10020,Spain,5.36,2024-09,2024-09-09
530212,SKU-004,Reusable Bottle,3,2024-11-01 13:49:00,16.18,10166,Spain,48.54,2024-11,2024-11-01
530212,SKU-003,Ceramic Mug,5,2024-10-31 09:32:00,7.79,10083,Portugal,38.95,2024-10,2024-10-31
530213,SKU-011,Cotton Tote Bag,1,2024-12-10 09:33:00,9.39,10151,Germany,9.39,2024-12,2024-12-10
530213,SKU-009,Running Socks,1,2025-03-24 11:57:00,7.69,10066,Netherlands,7.69,2025-03,2025-03-24
530213,SKU-006,Wireless Charger,2,2024-09-23 13:46:00,26.03,10127,France,52.06,2024-09,2024-09-23
530214,SKU-011,Cotton Tote Bag,1,2024-05-22 21:09:00,10.86,10090,Italy,10.86,2024-05,2024-05-22
530214,SKU-004,Reusable Bottle,1,2024-02-26 09:09:00,16.65,10132,Netherlands,16.65,2024-02,2024-02-26
530214,SKU-005,Notebook A5,2,2025-03-15 11:11:00,5.45,10002,United Kingdom,10.9,2025-03,2025-03-15
530215,SKU-010,Bluetooth Speaker,2,2024-12-14 10:48:00,46.65,10043,France,93.3,2024-12,2024-12-14
530215,SKU-011,Cotton Tote Bag,1,2024-09-08 09:11:00,10.69,10173,Germany,10.69,2024-09,2024-09-08
530215,SKU-011,Cotton Tote Bag,1,2024-12-07 15:29:00,10.28,10151,Germany,10.28,2024-12,2024-12-07
530216,SKU-010,Bluetooth Speaker,1,2025-01-05 20:37:00,42.27,10071,Portugal,42.27,2025-01,2025-01-05
530216,SKU-008,Yoga Mat,1,2025-01-08 18:59:00,25.64,10057,France,25.64,2025-01,2025-01-08
530216,SKU-010,Bluetooth Speaker,1,2024-10-10 18:40:00,46.93,10143,Spain,46.93,2024-10,2024-10-10
530217,SKU-010,Bluetooth Speaker,4,2024-02-08 13:55:00,48.08,10149,Italy,192.32,2024-02,2024-02-08
530217,SKU-011,Cotton Tote Bag,2,2024-07-08 13:09:00,9.67,10008,Italy,19.34,2024-07,2024-07-08
530217,SKU-008,Yoga Mat,2,2024-07-23 09:30:00,26.0,10067,France,52.0,2024-07,2024-07-23
530218,SKU-008,Yoga Mat,1,2024-12-01 18:19:00,23.31,10072,France,23.31,2024-12,2024-12-01
530218,SKU-005,Notebook A5,2,2024-07-22 17:03:00,4.94,10079,Spain,9.88,2024-07,2024-07-22
530218,SKU-006,Wireless Charger,5,2024-10-15 16:04:00,24.45,10068,Portugal,122.25,2024-10,2024-10-15
530219,SKU-005,Notebook A5,1,2024-08-16 15:28:00,5.87,10113,Italy,5.87,2024-08,2024-08-16
530219,SKU-001,Premium Coffee Beans,1,2024-07-04 08:23:00,13.0,10020,Spain,13.0,2024-07,2024-07-04
530219,SKU-005,Notebook A5,1,2024-09-11 09:41:00,5.1,10175,Germany,5.1,2024-09,2024-09-11
530220,SKU-002,Organic Green Tea,1,2024-08-12 17:38:00,9.22,10173,Germany,9.22,2024-08,2024-08-12
530220,SKU-009,Running Socks,1,2024-07-27 14:29:00,6.9,10128,Germany,6.9,2024-07,2024-07-27
530220,SKU-010,Bluetooth Speaker,1,2024-09-02 16:50:00,43.52,10048,France,43.52,2024-09,2024-09-02
530221,SKU-012,Phone Stand,2,2025-03-13 22:02:00,12.09,10052,United Kingdom,24.18,2025-03,2025-03-13
530221,SKU-008,Yoga Mat,1,2025-02-26 22:51:00,23.38,10012,Netherlands,23.38,2025-02,2025-02-26
530221,SKU-010,Bluetooth Speaker,2,2024-10-10 18:12:00,47.8,10016,United Kingdom,95.6,2024-10,2024-10-10
530222,SKU-006,Wireless Charger,1,2025-03-09 17:30:00,22.05,10048,France,22.05,2025-03,2025-03-09
530222,SKU-009,Running Socks,2,2024-10-06 10:03:00,6.75,10124,Portugal,13.5,2024-10,2024-10-06
530222,SKU-008,Yoga Mat,2,2025-01-05 09:51:00,27.28,10050,United Kingdom,54.56,2025-01,2025-01-05
530223,SKU-006,Wireless Charger,1,2025-02-20 19:05:00,24.83,10020,Spain,24.83,2025-02,2025-02-20
530223,SKU-009,Running Socks,1,2024-09-29 18:11:00,7.42,10154,France,7.42,2024-09,2024-09-29
530223,SKU-001,Premium Coffee Beans,1,2024-02-13 11:45:00,13.49,10124,Portugal,13.49,2024-02,2024-02-13
530224,SKU-008,Yoga Mat,1,2025-03-03 15:33:00,23.99,10045,Spain,23.99,2025-03,2025-03-03
530224,SKU-009,Running Socks,1,2024-10-24 17:10:00,7.9,10149,Italy,7.9,2024-10,2024-10-24
530224,SKU-006,Wireless Charger,1,2024-08-20 13:58:00,21.14,10020,Spain,21.14,2024-08,2024-08-20
530225,SKU-005,Notebook A5,5,2024-08-20 14:26:00,5.21,10132,Netherlands,26.05,2024-08,2024-08-20
530225,SKU-006,Wireless Charger,2,2024-02-03 18:38:00,23.98,10080,Portugal,47.96,2024-02,2024-02-03
530225,SKU-001,Premium Coffee Beans,2,2024-06-22 20:40:00,13.91,10110,Germany,27.82,2024-06,2024-06-22
530226,SKU-011,Cotton Tote Bag,1,2025-01-11 13:04:00,10.74,10016,United Kingdom,10.74,2025-01,2025-01-11
530226,SKU-006,Wireless Charger,1,2024-06-12 09:35:00,22.16,10002,United Kingdom,22.16,2024-06,2024-06-12
530226,SKU-011,Cotton Tote Bag,1,2024-08-27 14:18:00,10.72,10044,France,10.72,2024-08,2024-08-27
530227,SKU-005,Notebook A5,2,2024-04-10 19:54:00,6.14,10108,Spain,12.28,2024-04,2024-04-10
530227,SKU-011,Cotton Tote Bag,3,2024-12-17 22:38:00,11.22,10149,Italy,33.66,2024-12,2024-12-17
530227,SKU-003,Ceramic Mug,1,2024-10-08 13:05:00,7.82,10098,France,7.82,2024-10,2024-10-08
530228,SKU-010,Bluetooth Speaker,2,2024-04-02 18:09:00,44.68,10132,Netherlands,89.36,2024-04,2024-04-02
530228,SKU-006,Wireless Charger,2,2024-09-16 12:41:00,22.15,10165,Italy,44.3,2024-09,2024-09-16
530228,SKU-012,Phone Stand,4,2024-10-22 18:25:00,12.61,10068,Portugal,50.44,2024-10,2024-10-22
530229,SKU-003,Ceramic Mug,2,2024-06-25 17:45:00,7.75,10083,Portugal,15.5,2024-06,2024-06-25
530229,SKU-002,Organic Green Tea,1,2024-10-17 12:35:00,9.64,10077,United Kingdom,9.64,2024-10,2024-10-17
530229,SKU-007,Desk Lamp,3,2024-07-10 18:50:00,31.85,10011,Italy,95.55,2024-07,2024-07-10
530230,SKU-006,Wireless Charger,1,2024-09-07 21:08:00,20.93,10004,France,20.93,2024-09,2024-09-07
530230,SKU-011,Cotton Tote Bag,5,2024-04-24 19:53:00,10.8,10089,Germany,54.0,2024-04,2024-04-24
530230,SKU-012,Phone Stand,2,2024-06-29 18:58:00,10.81,10073,Netherlands,21.62,2024-06,2024-06-29
530231,SKU-009,Running Socks,1,2024-06-01 09:41:00,7.36,10031,Spain,7.36,2024-06,2024-06-01
530231,SKU-011,Cotton Tote Bag,3,2024-10-28 14:32:00,9.18,10154,France,27.54,2024-10,2024-10-28
530231,SKU-006,Wireless Charger,1,2024-06-25 08:23:00,23.56,10052,United Kingdom,23.56,2024-06,2024-06-25
530232,SKU-005,Notebook A5,1,2024-07-29 10:13:00,5.98,10096,Spain,5.98,2024-07,2024-07-29
530232,SKU-006,Wireless Charger,1,2025-01-31 20:31:00,26.06,10142,France,26.06,2025-01,2025-01-31
530232,SKU-004,Reusable Bottle,1,2024-09-08 11:08:00,17.03,10061,Germany,17.03,2024-09,2024-09-08
530233,SKU-003,Ceramic Mug,1,2024-08-09 09:18:00,7.48,10153,Germany,7.48,2024-08,2024-08-09
530233,SKU-002,Organic Green Tea,1,2025-01-02 16:49:00,9.09,10092,France,9.09,2025-01,2025-01-02
530233,SKU-009,Running Socks,3,2024-11-18 21:47:00,6.97,10149,Italy,20.91,2024-11,2024-11-18
530234,SKU-009,Running Socks,1,2024-10-25 08:42:00,6.52,10110,Germany,6.52,2024-10,2024-10-25
530234,SKU-006,Wireless Charger,1,2024-05-01 22:49:00,21.56,10126,Portugal,21.56,2024-05,2024-05-01
530234,SKU-010,Bluetooth Speaker,2,2024-11-13 10:38:00,46.29,10000,Italy,92.58,2024-11,2024-11-13
530235,SKU-007,Desk Lamp,1,2024-02-18 10:10:00,29.66,10031,Spain,29.66,2024-02,2024-02-18
530235,SKU-003,Ceramic Mug,1,2024-07-29 21:44:00,6.67,10158,Germany,6.67,2024-07,2024-07-29
530235,SKU-010,Bluetooth Speaker,1,2024-10-05 20:57:00,43.26,10040,Spain,43.26,2024-10,2024-10-05
530236,SKU-003,Ceramic Mug,1,2024-06-20 19:28:00,6.88,10010,Italy,6.88,2024-06,2024-06-20
530236,SKU-001,Premium Coffee Beans,2,2024-09-21 14:23:00,12.95,10172,Germany,25.9,2024-09,2024-09-21
530236,SKU-011,Cotton Tote Bag,2,2024-11-01 19:15:00,10.65,10078,Italy,21.3,2024-11,2024-11-01
530237,SKU-008,Yoga Mat,1,2024-08-14 17:18:00,26.82,10033,Netherlands,26.82,2024-08,2024-08-14
530237,SKU-012,Phone Stand,2,2024-04-30 20:28:00,12.09,10113,Italy,24.18,2024-04,2024-04-30
530237,SKU-004,Reusable Bottle,1,2024-05-13 16:15:00,16.1,10023,United Kingdom,16.1,2024-05,2024-05-13
530238,SKU-005,Notebook A5,1,2025-01-20 20:50:00,5.14,10039,Portugal,5.14,2025-01,2025-01-20
530238,SKU-008,Yoga Mat,1,2024-02-17 22:53:00,26.36,10093,Spain,26.36,2024-02,2024-02-17
530238,SKU-004,Reusable Bottle,1,2024-09-22 13:43:00,15.86,10012,Netherlands,15.86,2024-09,2024-09-22
530239,SKU-010,Bluetooth Speaker,1,2024-02-05 15:29:00,48.64,10125,United Kingdom,48.64,2024-02,2024-02-05
530239,SKU-005,Notebook A5,3,2024-12-16 20:24:00,6.0,10096,Spain,18.0,2024-12,2024-12-16
530239,SKU-009,Running Socks,1,2024-12-04 16:26:00,6.99,10089,Germany,6.99,2024-12,2024-12-04
530240,SKU-003,Ceramic Mug,3,2025-01-13 21:12:00,7.32,10034,France,21.96,2025-01,2025-01-13
530240,SKU-010,Bluetooth Speaker,1,2024-12-09 10:55:00,50.64,10012,Netherlands,50.64,2024-12,2024-12-09
530240,SKU-005,Notebook A5,1,2025-01-11 08:41:00,5.39,10039,Portugal,5.39,2025-01,2025-01-11
530241,SKU-008,Yoga Mat,6,2024-04-01 21:23:00,25.49,10098,France,152.94,2024-04,2024-04-01
530241,SKU-009,Running Socks,1,2024-12-09 22:06:00,6.96,10012,Netherlands,6.96,2024-12,2024-12-09
530241,SKU-012,Phone Stand,2,2024-07-19 21:33:00,10.98,10178,Netherlands,21.96,2024-07,2024-07-19
530242,SKU-002,Organic Green Tea,1,2024-04-02 12:05:00,8.44,10067,France,8.44,2024-04,2024-04-02
530242,SKU-003,Ceramic Mug,2,2024-10-19 12:28:00,7.76,10085,Portugal,15.52,2024-10,2024-10-19
530242,SKU-009,Running Socks,1,2024-10-21 10:53:00,7.04,10001,United Kingdom,7.04,2024-10,2024-10-21
530243,SKU-007,Desk Lamp,3,2024-11-27 09:58:00,32.67,10000,Italy,98.01,2024-11,2024-11-27
530243,SKU-004,Reusable Bottle,2,2024-09-28 21:28:00,16.43,10012,Netherlands,32.86,2024-09,2024-09-28
530243,SKU-006,Wireless Charger,3,2024-09-11 22:01:00,21.41,10134,France,64.23,2024-09,2024-09-11
530244,SKU-007,Desk Lamp,2,2024-11-16 08:25:00,29.69,10123,Spain,59.38,2024-11,2024-11-16
530244,SKU-009,Running Socks,4,2024-11-19 13:15:00,7.78,10036,Portugal,31.12,2024-11,2024-11-19
530244,SKU-007,Desk Lamp,2,2024-10-19 09:23:00,35.35,10135,Spain,70.7,2024-10,2024-10-19
530245,SKU-004,Reusable Bottle,2,2024-05-19 08:20:00,15.28,10104,Italy,30.56,2024-05,2024-05-19
530245,SKU-002,Organic Green Tea,1,2024-06-08 21:45:00,8.32,10129,France,8.32,2024-06,2024-06-08
530245,SKU-011,Cotton Tote Bag,1,2024-08-18 13:50:00,11.16,10044,France,11.16,2024-08,2024-08-18
530246,SKU-003,Ceramic Mug,1,2024-04-08 10:02:00,7.73,10093,Spain,7.73,2024-04,2024-04-08
530246,SKU-005,Notebook A5,3,2024-10-20 22:53:00,5.93,10069,Italy,17.79,2024-10,2024-10-20
530246,SKU-008,Yoga Mat,2,2024-06-30 19:53:00,27.23,10050,United Kingdom,54.46,2024-06,2024-06-30
530247,SKU-003,Ceramic Mug,1,2024-07-02 20:45:00,6.82,10114,Italy,6.82,2024-07,2024-07-02
530247,SKU-008,Yoga Mat,1,2024-10-02 15:39:00,23.19,10126,Portugal,23.19,2024-10,2024-10-02
530247,SKU-001,Premium Coffee Beans,3,2024-11-29 22:05:00,14.06,10123,Spain,42.18,2024-11,2024-11-29
530248,SKU-001,Premium Coffee Beans,1,2024-11-02 12:13:00,12.8,10034,France,12.8,2024-11,2024-11-02
530248,SKU-003,Ceramic Mug,1,2024-06-29 16:46:00,6.54,10078,Italy,6.54,2024-06,2024-06-29
530248,SKU-010,Bluetooth Speaker,1,2024-09-21 16:27:00,40.94,10154,France,40.94,2024-09,2024-09-21
530249,SKU-002,Organic Green Tea,1,2025-01-22 20:18:00,9.54,10123,Spain,9.54,2025-01,2025-01-22
530249,SKU-004,Reusable Bottle,4,2025-04-23 12:07:00,16.6,10061,Germany,66.4,2025-04,2025-04-23
530249,SKU-001,Premium Coffee Beans,1,2024-09-26 11:26:00,11.83,10149,Italy,11.83,2024-09,2024-09-26
530250,SKU-011,Cotton Tote Bag,10,2024-07-21 20:39:00,10.76,10017,United Kingdom,107.6,2024-07,2024-07-21
530250,SKU-008,Yoga Mat,3,2025-04-27 09:07:00,23.05,10144,Spain,69.15,2025-04,2025-04-27
530250,SKU-008,Yoga Mat,1,2024-05-07 17:34:00,21.73,10005,Spain,21.73,2024-05,2024-05-07
530251,SKU-001,Premium Coffee Beans,3,2024-09-24 18:32:00,12.62,10068,Portugal,37.86,2024-09,2024-09-24
530251,SKU-010,Bluetooth Speaker,1,2024-02-12 11:45:00,49.1,10120,Portugal,49.1,2024-02,2024-02-12
530251,SKU-003,Ceramic Mug,2,2024-03-10 12:27:00,7.99,10112,France,15.98,2024-03,2024-03-10
530252,SKU-001,Premium Coffee Beans,2,2024-10-10 17:22:00,14.4,10111,Germany,28.8,2024-10,2024-10-10
530252,SKU-004,Reusable Bottle,2,2025-04-10 17:26:00,16.34,10106,Netherlands,32.68,2025-04,2025-04-10
530252,SKU-003,Ceramic Mug,2,2024-08-08 18:42:00,6.89,10080,Portugal,13.78,2024-08,2024-08-08
530253,SKU-002,Organic Green Tea,5,2025-02-09 16:23:00,8.38,10106,Netherlands,41.9,2025-02,2025-02-09
530253,SKU-002,Organic Green Tea,1,2025-04-21 16:34:00,9.73,10095,France,9.73,2025-04,2025-04-21
530253,SKU-009,Running Socks,3,2024-11-07 20:32:00,7.23,10120,Portugal,21.69,2024-11,2024-11-07
530254,SKU-009,Running Socks,1,2024-10-25 08:24:00,7.38,10008,Italy,7.38,2024-10,2024-10-25
530254,SKU-008,Yoga Mat,5,2024-05-24 08:40:00,24.6,10068,Portugal,123.0,2024-05,2024-05-24
530254,SKU-007,Desk Lamp,2,2024-10-17 13:16:00,30.52,10126,Portugal,61.04,2024-10,2024-10-17
530255,SKU-012,Phone Stand,2,2024-10-03 08:22:00,10.87,10029,Netherlands,21.74,2024-10,2024-10-03
530255,SKU-002,Organic Green Tea,1,2024-10-23 13:15:00,9.43,10128,Germany,9.43,2024-10,2024-10-23
530255,SKU-012,Phone Stand,1,2024-11-29 18:40:00,12.1,10032,Germany,12.1,2024-11,2024-11-29
530256,SKU-002,Organic Green Tea,3,2024-12-09 20:37:00,9.69,10127,France,29.07,2024-12,2024-12-09
530256,SKU-012,Phone Stand,1,2024-08-12 20:21:00,10.79,10096,Spain,10.79,2024-08,2024-08-12
530256,SKU-003,Ceramic Mug,1,2025-02-04 08:22:00,7.53,10103,Netherlands,7.53,2025-02,2025-02-04
530257,SKU-009,Running Socks,1,2024-03-21 13:52:00,6.26,10106,Netherlands,6.26,2024-03,2024-03-21
530257,SKU-011,Cotton Tote Bag,1,2024-10-05 10:53:00,11.09,10074,Spain,11.09,2024-10,2024-10-05
530257,SKU-011,Cotton Tote Bag,2,2024-06-11 15:44:00,11.05,10154,France,22.1,2024-06,2024-06-11
530258,SKU-008,Yoga Mat,1,2024-11-14 18:11:00,23.32,10155,Spain,23.32,2024-11,2024-11-14
530258,SKU-003,Ceramic Mug,10,2024-03-02 09:45:00,8.1,10144,Spain,81.0,2024-03,2024-03-02
530258,SKU-008,Yoga Mat,6,2024-08-29 08:18:00,26.68,10112,France,160.08,2024-08,2024-08-29
530259,SKU-004,Reusable Bottle,1,2024-04-01 08:50:00,17.16,10011,Italy,17.16,2024-04,2024-04-01
530259,SKU-004,Reusable Bottle,3,2025-02-15 22:02:00,13.82,10148,France,41.46,2025-02,2025-02-15
530259,SKU-006,Wireless Charger,1,2024-06-11 22:19:00,21.92,10070,Netherlands,21.92,2024-06,2024-06-11
530260,SKU-009,Running Socks,1,2024-04-22 14:52:00,6.5,10086,United Kingdom,6.5,2024-04,2024-04-22
530260,SKU-009,Running Socks,6,2024-11-22 15:16:00,7.88,10028,Italy,47.28,2024-11,2024-11-22
530260,SKU-001,Premium Coffee Beans,1,2024-12-07 20:41:00,12.66,10080,Portugal,12.66,2024-12,2024-12-07
530261,SKU-004,Reusable Bottle,1,2024-05-07 12:22:00,14.46,10054,Portugal,14.46,2024-05,2024-05-07
530261,SKU-001,Premium Coffee Beans,2,2024-03-29 21:41:00,12.29,10068,Portugal,24.58,2024-03,2024-03-29
530261,SKU-006,Wireless Charger,1,2024-07-25 12:07:00,25.56,10145,Italy,25.56,2024-07,2024-07-25
530262,SKU-006,Wireless Charger,1,2024-09-03 14:56:00,22.34,10029,Netherlands,22.34,2024-09,2024-09-03
530262,SKU-007,Desk Lamp,3,2024-05-10 19:28:00,32.92,10100,Italy,98.76,2024-05,2024-05-10
530262,SKU-007,Desk Lamp,1,2024-10-10 13:11:00,30.5,10093,Spain,30.5,2024-10,2024-10-10
530263,SKU-008,Yoga Mat,1,2024-08-27 19:31:00,23.44,10089,Germany,23.44,2024-08,2024-08-27
530263,SKU-006,Wireless Charger,1,2024-08-16 22:51:00,23.23,10148,France,23.23,2024-08,2024-08-16
530263,SKU-009,Running Socks,2,2024-10-23 12:51:00,7.55,10131,Spain,15.1,2024-10,2024-10-23
530264,SKU-002,Organic Green Tea,1,2024-09-16 19:27:00,9.44,10151,Germany,9.44,2024-09,2024-09-16
530264,SKU-002,Organic Green Tea,4,2024-08-03 14:38:00,8.06,10178,Netherlands,32.24,2024-08,2024-08-03
530264,SKU-003,Ceramic Mug,2,2024-09-05 16:18:00,7.35,10089,Germany,14.7,2024-09,2024-09-05
530265,SKU-006,Wireless Charger,1,2025-01-02 09:05:00,22.94,10149,Italy,22.94,2025-01,2025-01-02
530265,SKU-006,Wireless Charger,1,2024-11-23 18:18:00,21.33,10061,Germany,21.33,2024-11,2024-11-23
530265,SKU-005,Notebook A5,6,2024-05-28 15:38:00,5.63,10037,United Kingdom,33.78,2024-05,2024-05-28
530266,SKU-012,Phone Stand,1,2024-10-16 14:10:00,11.01,10104,Italy,11.01,2024-10,2024-10-16
530266,SKU-012,Phone Stand,1,2024-10-21 15:22:00,10.76,10099,Italy,10.76,2024-10,2024-10-21
530266,SKU-008,Yoga Mat,1,2024-07-05 08:46:00,22.91,10103,Netherlands,22.91,2024-07,2024-07-05
530267,SKU-006,Wireless Charger,3,2024-07-07 17:27:00,25.92,10034,France,77.76,2024-07,2024-07-07
530267,SKU-005,Notebook A5,2,2024-05-13 18:50:00,5.37,10173,Germany,10.74,2024-05,2024-05-13
530267,SKU-001,Premium Coffee Beans,1,2024-04-14 09:42:00,13.41,10143,Spain,13.41,2024-04,2024-04-14
530268,SKU-011,Cotton Tote Bag,3,2024-05-27 14:23:00,10.58,10150,Netherlands,31.74,2024-05,2024-05-27
530268,SKU-009,Running Socks,1,2025-01-09 20:47:00,6.64,10040,Spain,6.64,2025-01,2025-01-09
530268,SKU-011,Cotton Tote Bag,1,2025-01-07 10:01:00,10.87,10048,France,10.87,2025-01,2025-01-07
530269,SKU-003,Ceramic Mug,2,2024-05-17 21:38:00,7.3,10112,France,14.6,2024-05,2024-05-17
530269,SKU-011,Cotton Tote Bag,1,2024-09-03 20:28:00,11.19,10067,France,11.19,2024-09,2024-09-03
530269,SKU-001,Premium Coffee Beans,1,2024-06-10 10:04:00,12.38,10005,Spain,12.38,2024-06,2024-06-10
530270,SKU-004,Reusable Bottle,1,2024-08-29 20:41:00,16.35,10161,United Kingdom,16.35,2024-08,2024-08-29
530270,SKU-006,Wireless Charger,1,2024-08-19 13:24:00,24.03,10029,Netherlands,24.03,2024-08,2024-08-19
530270,SKU-010,Bluetooth Speaker,2,2024-08-11 08:38:00,49.81,10179,Portugal,99.62,2024-08,2024-08-11
530271,SKU-003,Ceramic Mug,1,2024-06-08 18:28:00,7.09,10033,Netherlands,7.09,2024-06,2024-06-08
530271,SKU-006,Wireless Charger,2,2025-01-29 13:28:00,23.53,10093,Spain,47.06,2025-01,2025-01-29
530271,SKU-002,Organic Green Tea,1,2024-03-07 17:08:00,8.82,10092,France,8.82,2024-03,2024-03-07
530272,SKU-009,Running Socks,3,2024-05-21 13:25:00,6.25,10080,Portugal,18.75,2024-05,2024-05-21
530272,SKU-006,Wireless Charger,1,2024-03-19 18:17:00,24.76,10080,Portugal,24.76,2024-03,2024-03-19
530272,SKU-004,Reusable Bottle,2,2024-07-06 09:01:00,14.15,10022,Netherlands,28.3,2024-07,2024-07-06
530273,SKU-012,Phone Stand,3,2024-08-09 10:31:00,12.51,10069,Italy,37.53,2024-08,2024-08-09
530273,SKU-009,Running Socks,2,2024-06-21 14:58:00,7.38,10024,Netherlands,14.76,2024-06,2024-06-21
530273,SKU-009,Running Socks,5,2024-08-08 09:16:00,6.32,10101,Italy,31.6,2024-08,2024-08-08
530274,SKU-005,Notebook A5,3,2024-09-13 19:28:00,5.91,10004,France,17.73,2024-09,2024-09-13
530274,SKU-004,Reusable Bottle,1,2024-03-02 17:18:00,17.11,10043,France,17.11,2024-03,2024-03-02
530274,SKU-012,Phone Stand,5,2024-07-01 22:31:00,12.11,10123,Spain,60.55,2024-07,2024-07-01
530275,SKU-004,Reusable Bottle,1,2024-12-28 09:08:00,17.05,10124,Portugal,17.05,2024-12,2024-12-28
530275,SKU-002,Organic Green Tea,2,2024-07-05 15:11:00,8.25,10154,France,16.5,2024-07,2024-07-05
530275,SKU-012,Phone Stand,1,2024-11-07 15:05:00,12.38,10172,Germany,12.38,2024-11,2024-11-07
530276,SKU-011,Cotton Tote Bag,10,2024-07-16 21:20:00,9.75,10112,France,97.5,2024-07,2024-07-16
530276,SKU-011,Cotton Tote Bag,1,2024-06-29 13:45:00,9.76,10012,Netherlands,9.76,2024-06,2024-06-29
530276,SKU-002,Organic Green Tea,5,2024-06-01 16:34:00,8.44,10149,Italy,42.2,2024-06,2024-06-01
530277,SKU-005,Notebook A5,1,2024-04-17 22:19:00,5.08,10165,Italy,5.08,2024-04,2024-04-17
530277,SKU-003,Ceramic Mug,1,2025-03-12 19:45:00,7.28,10106,Netherlands,7.28,2025-03,2025-03-12
530277,SKU-012,Phone Stand,1,2024-08-30 18:11:00,12.25,10092,France,12.25,2024-08,2024-08-30
530278,SKU-006,Wireless Charger,2,2024-09-27 16:14:00,25.79,10134,France,51.58,2024-09,2024-09-27
530278,SKU-002,Organic Green Tea,2,2024-03-24 11:50:00,7.66,10148,France,15.32,2024-03,2024-03-24
530278,SKU-003,Ceramic Mug,2,2024-08-14 11:50:00,7.2,10040,Spain,14.4,2024-08,2024-08-14
530279,SKU-008,Yoga Mat,4,2025-01-28 08:23:00,23.48,10154,France,93.92,2025-01,2025-01-28
530279,SKU-009,Running Socks,1,2024-06-03 17:23:00,6.53,10126,Portugal,6.53,2024-06,2024-06-03
530279,SKU-008,Yoga Mat,1,2024-12-20 20:35:00,22.32,10064,Germany,22.32,2024-12,2024-12-20
530280,SKU-003,Ceramic Mug,2,2024-07-08 17:56:00,7.37,10132,Netherlands,14.74,2024-07,2024-07-08
530280,SKU-002,Organic Green Tea,2,2024-08-20 09:19:00,8.0,10054,Portugal,16.0,2024-08,2024-08-20
530280,SKU-007,Desk Lamp,2,2025-01-24 19:46:00,31.06,10022,Netherlands,62.12,2025-01,2025-01-24
530281,SKU-008,Yoga Mat,2,2025-02-11 16:26:00,26.53,10132,Netherlands,53.06,2025-02,2025-02-11
530281,SKU-007,Desk Lamp,2,2025-01-22 21:36:00,31.5,10101,Italy,63.0,2025-01,2025-01-22
530281,SKU-002,Organic Green Tea,1,2024-12-18 10:20:00,9.35,10061,Germany,9.35,2024-12,2024-12-18
530282,SKU-011,Cotton Tote Bag,2,2024-08-28 09:28:00,9.2,10020,Spain,18.4,2024-08,2024-08-28
530282,SKU-008,Yoga Mat,1,2024-04-01 18:33:00,25.17,10175,Germany,25.17,2024-04,2024-04-01
530282,SKU-006,Wireless Charger,1,2024-10-20 10:56:00,23.66,10132,Netherlands,23.66,2024-10,2024-10-20
530283,SKU-009,Running Socks,1,2024-09-24 18:37:00,6.72,10020,Spain,6.72,2024-09,2024-09-24
530283,SKU-003,Ceramic Mug,3,2025-03-30 20:08:00,6.95,10166,Spain,20.85,2025-03,2025-03-30
530283,SKU-007,Desk Lamp,1,2024-07-27 16:58:00,28.75,10173,Germany,28.75,2024-07,2024-07-27
530284,SKU-001,Premium Coffee Beans,2,2024-08-27 21:07:00,12.34,10008,Italy,24.68,2024-08,2024-08-27
530284,SKU-009,Running Socks,1,2024-09-27 10:19:00,6.83,10110,Germany,6.83,2024-09,2024-09-27
530284,SKU-003,Ceramic Mug,3,2024-09-01 10:20:00,7.11,10148,France,21.33,2024-09,2024-09-01
530285,SKU-012,Phone Stand,3,2024-07-21 11:22:00,10.95,10068,Portugal,32.85,2024-07,2024-07-21
530285,SKU-009,Running Socks,1,2024-09-02 22:18:00,7.66,10014,Netherlands,7.66,2024-09,2024-09-02
530285,SKU-002,Organic Green Tea,1,2024-12-11 12:12:00,9.4,10040,Spain,9.4,2024-12,2024-12-11
530286,SKU-011,Cotton Tote Bag,1,2024-07-13 16:17:00,11.22,10070,Netherlands,11.22,2024-07,2024-07-13
530286,SKU-003,Ceramic Mug,5,2024-10-28 18:19:00,7.44,10023,United Kingdom,37.2,2024-10,2024-10-28
530286,SKU-010,Bluetooth Speaker,1,2024-08-13 16:05:00,42.31,10004,France,42.31,2024-08,2024-08-13
530287,SKU-009,Running Socks,6,2024-09-23 18:10:00,7.44,10121,Portugal,44.64,2024-09,2024-09-23
530287,SKU-010,Bluetooth Speaker,1,2024-04-30 17:09:00,47.39,10012,Netherlands,47.39,2024-04,2024-04-30
530287,SKU-003,Ceramic Mug,2,2024-04-07 18:39:00,7.12,10166,Spain,14.24,2024-04,2024-04-07
530288,SKU-012,Phone Stand,1,2024-12-21 22:38:00,12.69,10099,Italy,12.69,2024-12,2024-12-21
530288,SKU-006,Wireless Charger,1,2024-06-27 21:59:00,21.22,10110,Germany,21.22,2024-06,2024-06-27
530288,SKU-010,Bluetooth Speaker,1,2024-10-25 08:52:00,47.9,10068,Portugal,47.9,2024-10,2024-10-25
530289,SKU-001,Premium Coffee Beans,1,2024-05-30 09:02:00,12.12,10012,Netherlands,12.12,2024-05,2024-05-30
530289,SKU-011,Cotton Tote Bag,1,2024-08-16 20:36:00,9.33,10149,Italy,9.33,2024-08,2024-08-16
530289,SKU-005,Notebook A5,2,2024-06-19 18:13:00,5.54,10154,France,11.08,2024-06,2024-06-19
530290,SKU-010,Bluetooth Speaker,6,2024-06-14 14:39:00,50.47,10132,Netherlands,302.82,2024-06,2024-06-14
530290,SKU-011,Cotton Tote Bag,5,2024-10-13 08:31:00,10.47,10166,Spain,52.35,2024-10,2024-10-13
530290,SKU-011,Cotton Tote Bag,2,2024-09-14 16:18:00,10.59,10072,France,21.18,2024-09,2024-09-14
530291,SKU-011,Cotton Tote Bag,2,2024-12-17 12:30:00,9.27,10078,Italy,18.54,2024-12,2024-12-17
530291,SKU-004,Reusable Bottle,2,2024-12-26 20:51:00,15.12,10149,Italy,30.24,2024-12,2024-12-26
530291,SKU-011,Cotton Tote Bag,5,2024-06-26 14:19:00,11.0,10068,Portugal,55.0,2024-06,2024-06-26
530292,SKU-008,Yoga Mat,1,2024-07-15 09:44:00,25.04,10088,France,25.04,2024-07,2024-07-15
530292,SKU-001,Premium Coffee Beans,1,2024-07-03 10:28:00,11.63,10061,Germany,11.63,2024-07,2024-07-03
530292,SKU-007,Desk Lamp,6,2024-08-10 15:29:00,34.09,10174,Netherlands,204.54,2024-08,2024-08-10
530293,SKU-004,Reusable Bottle,2,2024-12-10 13:38:00,17.05,10066,Netherlands,34.1,2024-12,2024-12-10
530293,SKU-003,Ceramic Mug,3,2024-07-01 13:55:00,8.26,10071,Portugal,24.78,2024-07,2024-07-01
530293,SKU-012,Phone Stand,2,2024-10-20 13:46:00,12.33,10004,France,24.66,2024-10,2024-10-20
530294,SKU-006,Wireless Charger,5,2024-05-30 14:08:00,24.18,10023,United Kingdom,120.9,2024-05,2024-05-30
530294,SKU-006,Wireless Charger,1,2024-09-18 16:35:00,23.0,10040,Spain,23.0,2024-09,2024-09-18
530294,SKU-002,Organic Green Tea,1,2024-08-16 13:15:00,9.26,10031,Spain,9.26,2024-08,2024-08-16
530295,SKU-008,Yoga Mat,1,2024-08-09 09:17:00,22.2,10160,Portugal,22.2,2024-08,2024-08-09
530295,SKU-008,Yoga Mat,2,2024-10-04 11:09:00,22.58,10003,Italy,45.16,2024-10,2024-10-04
530295,SKU-002,Organic Green Tea,1,2024-12-22 08:18:00,9.72,10043,France,9.72,2024-12,2024-12-22
530296,SKU-007,Desk Lamp,1,2025-01-06 21:39:00,35.65,10026,Italy,35.65,2025-01,2025-01-06
530296,SKU-007,Desk Lamp,1,2024-03-11 11:55:00,32.87,10073,Netherlands,32.87,2024-03,2024-03-11
530296,SKU-003,Ceramic Mug,1,2024-09-28 21:20:00,6.5,10071,Portugal,6.5,2024-09,2024-09-28
530297,SKU-010,Bluetooth Speaker,1,2024-03-11 19:20:00,47.12,10141,Spain,47.12,2024-03,2024-03-11
530297,SKU-004,Reusable Bottle,6,2024-09-18 20:10:00,14.53,10071,Portugal,87.18,2024-09,2024-09-18
530297,SKU-008,Yoga Mat,1,2025-01-25 16:29:00,23.85,10128,Germany,23.85,2025-01,2025-01-25
530298,SKU-008,Yoga Mat,1,2024-08-18 22:19:00,26.59,10099,Italy,26.59,2024-08,2024-08-18
530298,SKU-008,Yoga Mat,1,2024-06-17 08:05:00,26.5,10144,Spain,26.5,2024-06,2024-06-17
530298,SKU-007,Desk Lamp,1,2024-08-25 16:29:00,31.01,10165,Italy,31.01,2024-08,2024-08-25
530299,SKU-004,Reusable Bottle,1,2024-06-11 11:37:00,16.32,10153,Germany,16.32,2024-06,2024-06-11
530299,SKU-006,Wireless Charger,1,2024-08-23 08:03:00,22.52,10007,Spain,22.52,2024-08,2024-08-23
530299,SKU-005,Notebook A5,2,2024-05-22 15:38:00,5.63,10071,Portugal,11.26,2024-05,2024-05-22
530300,SKU-011,Cotton Tote Bag,2,2024-05-18 18:30:00,9.28,10144,Spain,18.56,2024-05,2024-05-18
530300,SKU-005,Notebook A5,1,2024-08-13 16:00:00,5.78,10048,France,5.78,2024-08,2024-08-13
530300,SKU-002,Organic Green Tea,1,2024-08-09 14:08:00,9.13,10008,Italy,9.13,2024-08,2024-08-09
530301,SKU-005,Notebook A5,2,2024-06-29 19:23:00,6.06,10036,Portugal,12.12,2024-06,2024-06-29
530301,SKU-007,Desk Lamp,1,2024-06-18 13:02:00,31.59,10160,Portugal,31.59,2024-06,2024-06-18
530301,SKU-007,Desk Lamp,2,2024-12-18 08:36:00,33.65,10044,France,67.3,2024-12,2024-12-18
530302,SKU-009,Running Socks,1,2024-05-19 11:23:00,7.48,10149,Italy,7.48,2024-05,2024-05-19
530302,SKU-009,Running Socks,2,2024-07-02 12:04:00,6.35,10068,Portugal,12.7,2024-07,2024-07-02
530302,SKU-007,Desk Lamp,1,2025-04-06 16:28:00,36.05,10178,Netherlands,36.05,2025-04,2025-04-06
530303,SKU-009,Running Socks,2,2024-09-27 12:52:00,7.7,10143,Spain,15.4,2024-09,2024-09-27
530303,SKU-010,Bluetooth Speaker,1,2024-10-08 18:39:00,45.13,10053,France,45.13,2024-10,2024-10-08
530303,SKU-002,Organic Green Tea,1,2024-09-23 10:06:00,9.46,10077,United Kingdom,9.46,2024-09,2024-09-23
530304,SKU-007,Desk Lamp,5,2024-10-29 13:50:00,34.83,10039,Portugal,174.15,2024-10,2024-10-29
530304,SKU-006,Wireless Charger,2,2024-02-15 16:23:00,25.3,10099,Italy,50.6,2024-02,2024-02-15
530304,SKU-003,Ceramic Mug,4,2025-04-13 11:38:00,7.01,10005,Spain,28.04,2025-04,2025-04-13
530305,SKU-009,Running Socks,2,2024-06-26 14:32:00,7.7,10039,Portugal,15.4,2024-06,2024-06-26
530305,SKU-001,Premium Coffee Beans,1,2025-03-24 08:02:00,13.78,10020,Spain,13.78,2025-03,2025-03-24
530305,SKU-003,Ceramic Mug,1,2024-10-25 19:21:00,7.55,10150,Netherlands,7.55,2024-10,2024-10-25
530306,SKU-008,Yoga Mat,2,2024-09-26 16:29:00,24.17,10107,Italy,48.34,2024-09,2024-09-26
530306,SKU-003,Ceramic Mug,2,2024-06-17 17:57:00,7.73,10051,Germany,15.46,2024-06,2024-06-17
530306,SKU-009,Running Socks,2,2024-11-18 10:20:00,6.59,10043,France,13.18,2024-11,2024-11-18
530307,SKU-010,Bluetooth Speaker,1,2024-10-05 13:10:00,50.06,10011,Italy,50.06,2024-10,2024-10-05
530307,SKU-007,Desk Lamp,2,2024-07-25 17:47:00,32.12,10007,Spain,64.24,2024-07,2024-07-25
530307,SKU-005,Notebook A5,1,2024-08-29 17:21:00,4.88,10165,Italy,4.88,2024-08,2024-08-29
530308,SKU-009,Running Socks,1,2024-02-29 21:32:00,7.3,10013,United Kingdom,7.3,2024-02,2024-02-29
530308,SKU-009,Running Socks,2,2024-05-27 15:45:00,6.72,10076,United Kingdom,13.44,2024-05,2024-05-27
530308,SKU-010,Bluetooth Speaker,6,2024-03-20 12:30:00,50.52,10123,Spain,303.12,2024-03,2024-03-20
530309,SKU-001,Premium Coffee Beans,2,2024-09-07 13:21:00,11.83,10104,Italy,23.66,2024-09,2024-09-07
530309,SKU-011,Cotton Tote Bag,2,2024-07-25 09:26:00,11.18,10015,Germany,22.36,2024-07,2024-07-25
530309,SKU-010,Bluetooth Speaker,1,2024-11-07 12:50:00,43.8,10072,France,43.8,2024-11,2024-11-07
530310,SKU-012,Phone Stand,2,2025-01-23 21:44:00,12.63,10095,France,25.26,2025-01,2025-01-23
530310,SKU-011,Cotton Tote Bag,2,2025-02-21 08:38:00,9.64,10124,Portugal,19.28,2025-02,2025-02-21
530310,SKU-008,Yoga Mat,1,2024-06-14 12:41:00,25.57,10000,Italy,25.57,2024-06,2024-06-14
530311,SKU-010,Bluetooth Speaker,2,2024-02-15 17:14:00,48.7,10113,Italy,97.4,2024-02,2024-02-15
530311,SKU-012,Phone Stand,2,2024-09-21 08:37:00,11.34,10060,Italy,22.68,2024-09,2024-09-21
530311,SKU-008,Yoga Mat,1,2024-12-20 10:33:00,27.11,10026,Italy,27.11,2024-12,2024-12-20
530312,SKU-011,Cotton Tote Bag,1,2024-08-12 19:39:00,10.71,10120,Portugal,10.71,2024-08,2024-08-12
530312,SKU-007,Desk Lamp,1,2024-01-02 10:52:00,33.96,10139,Italy,33.96,2024-01,2024-01-02
530312,SKU-011,Cotton Tote Bag,1,2024-02-10 11:02:00,10.25,10068,Portugal,10.25,2024-02,2024-02-10
530313,SKU-010,Bluetooth Speaker,6,2024-09-24 19:07:00,46.29,10150,Netherlands,277.74,2024-09,2024-09-24
530313,SKU-004,Reusable Bottle,2,2024-08-05 08:28:00,15.78,10014,Netherlands,31.56,2024-08,2024-08-05
530313,SKU-006,Wireless Charger,1,2024-04-18 14:09:00,22.41,10070,Netherlands,22.41,2024-04,2024-04-18
530314,SKU-007,Desk Lamp,1,2025-04-05 19:13:00,31.85,10018,United Kingdom,31.85,2025-04,2025-04-05
530314,SKU-007,Desk Lamp,4,2025-04-21 16:49:00,32.94,10096,Spain,131.76,2025-04,2025-04-21
530314,SKU-010,Bluetooth Speaker,1,2024-07-14 22:30:00,45.03,10146,Netherlands,45.03,2024-07,2024-07-14
530315,SKU-012,Phone Stand,2,2024-07-17 19:03:00,10.73,10124,Portugal,21.46,2024-07,2024-07-17
530315,SKU-012,Phone Stand,1,2024-09-27 10:33:00,12.34,10113,Italy,12.34,2024-09,2024-09-27
530315,SKU-004,Reusable Bottle,2,2025-01-08 16:20:00,15.37,10127,France,30.74,2025-01,2025-01-08
530316,SKU-011,Cotton Tote Bag,2,2024-06-01 15:33:00,8.97,10132,Netherlands,17.94,2024-06,2024-06-01
530316,SKU-007,Desk Lamp,1,2024-10-08 13:11:00,35.04,10052,United Kingdom,35.04,2024-10,2024-10-08
530316,SKU-008,Yoga Mat,1,2025-03-08 22:34:00,22.25,10037,United Kingdom,22.25,2025-03,2025-03-08
530317,SKU-006,Wireless Charger,2,2024-09-17 16:22:00,21.1,10088,France,42.2,2024-09,2024-09-17
530317,SKU-011,Cotton Tote Bag,1,2024-09-29 20:55:00,10.26,10008,Italy,10.26,2024-09,2024-09-29
530317,SKU-012,Phone Stand,2,2024-12-16 18:41:00,10.47,10043,France,20.94,2024-12,2024-12-16
530318,SKU-012,Phone Stand,2,2024-06-26 12:39:00,11.23,10091,Portugal,22.46,2024-06,2024-06-26
530318,SKU-008,Yoga Mat,4,2024-12-11 11:15:00,25.1,10110,Germany,100.4,2024-12,2024-12-11
530318,SKU-005,Notebook A5,1,2024-10-15 16:19:00,5.49,10132,Netherlands,5.49,2024-10,2024-10-15
530319,SKU-004,Reusable Bottle,2,2024-09-21 12:49:00,14.84,10034,France,29.68,2024-09,2024-09-21
530319,SKU-005,Notebook A5,1,2024-07-17 19:13:00,4.94,10162,Portugal,4.94,2024-07,2024-07-17
530319,SKU-012,Phone Stand,2,2024-07-22 19:31:00,12.29,10137,Germany,24.58,2024-07,2024-07-22
530320,SKU-006,Wireless Charger,2,2024-08-26 15:22:00,22.97,10071,Portugal,45.94,2024-08,2024-08-26
530320,SKU-009,Running Socks,1,2024-05-02 22:59:00,7.22,10166,Spain,7.22,2024-05,2024-05-02
530320,SKU-012,Phone Stand,1,2024-03-29 12:18:00,11.33,10173,Germany,11.33,2024-03,2024-03-29
530321,SKU-002,Organic Green Tea,1,2024-10-20 17:43:00,9.77,10093,Spain,9.77,2024-10,2024-10-20
530321,SKU-009,Running Socks,1,2024-08-11 14:57:00,6.41,10082,United Kingdom,6.41,2024-08,2024-08-11
530321,SKU-007,Desk Lamp,1,2024-08-08 21:22:00,33.55,10154,France,33.55,2024-08,2024-08-08
530322,SKU-003,Ceramic Mug,2,2024-03-28 12:02:00,7.94,10080,Portugal,15.88,2024-03,2024-03-28
530322,SKU-005,Notebook A5,2,2025-02-28 19:05:00,5.06,10167,Portugal,10.12,2025-02,2025-02-28
530322,SKU-006,Wireless Charger,2,2024-09-28 22:28:00,22.91,10088,France,45.82,2024-09,2024-09-28
530323,SKU-011,Cotton Tote Bag,1,2024-08-09 12:47:00,9.31,10063,United Kingdom,9.31,2024-08,2024-08-09
530323,SKU-008,Yoga Mat,1,2024-03-26 11:12:00,24.91,10132,Netherlands,24.91,2024-03,2024-03-26
530323,SKU-009,Running Socks,4,2024-09-27 12:59:00,6.81,10106,Netherlands,27.24,2024-09,2024-09-27
530324,SKU-009,Running Socks,2,2024-04-09 19:17:00,7.19,10144,Spain,14.38,2024-04,2024-04-09
530324,SKU-003,Ceramic Mug,1,2024-07-11 09:39:00,6.74,10161,United Kingdom,6.74,2024-07,2024-07-11
530324,SKU-012,Phone Stand,1,2024-10-02 17:15:00,10.58,10029,Netherlands,10.58,2024-10,2024-10-02
530325,SKU-004,Reusable Bottle,2,2024-09-29 08:42:00,16.61,10166,Spain,33.22,2024-09,2024-09-29
530325,SKU-009,Running Socks,1,2024-10-11 11:40:00,7.64,10013,United Kingdom,7.64,2024-10,2024-10-11
530325,SKU-004,Reusable Bottle,1,2025-02-18 08:06:00,13.97,10140,Germany,13.97,2025-02,2025-02-18
530326,SKU-007,Desk Lamp,6,2024-05-28 13:45:00,34.04,10153,Germany,204.24,2024-05,2024-05-28
530326,SKU-008,Yoga Mat,1,2024-09-11 09:43:00,25.08,10005,Spain,25.08,2024-09,2024-09-11
530326,SKU-003,Ceramic Mug,2,2024-09-02 08:35:00,7.94,10166,Spain,15.88,2024-09,2024-09-02
530327,SKU-003,Ceramic Mug,1,2025-03-29 14:41:00,6.64,10169,Germany,6.64,2025-03,2025-03-29
530327,SKU-008,Yoga Mat,1,2024-05-08 15:41:00,24.24,10148,France,24.24,2024-05,2024-05-08
530327,SKU-004,Reusable Bottle,1,2024-03-23 20:18:00,15.75,10117,Italy,15.75,2024-03,2024-03-23
530328,SKU-006,Wireless Charger,1,2024-06-13 12:41:00,23.14,10161,United Kingdom,23.14,2024-06,2024-06-13
530328,SKU-001,Premium Coffee Beans,3,2024-12-18 22:49:00,13.51,10007,Spain,40.53,2024-12,2024-12-18
530328,SKU-002,Organic Green Tea,3,2024-09-21 18:36:00,9.41,10067,France,28.23,2024-09,2024-09-21
530329,SKU-004,Reusable Bottle,3,2024-10-02 16:47:00,15.05,10113,Italy,45.15,2024-10,2024-10-02
530329,SKU-012,Phone Stand,2,2024-10-04 21:59:00,10.98,10172,Germany,21.96,2024-10,2024-10-04
530329,SKU-001,Premium Coffee Beans,2,2024-06-01 22:58:00,11.8,10112,France,23.6,2024-06,2024-06-01
530330,SKU-003,Ceramic Mug,2,2024-09-12 14:56:00,6.89,10107,Italy,13.78,2024-09,2024-09-12
530330,SKU-003,Ceramic Mug,1,2024-08-23 22:58:00,6.77,10123,Spain,6.77,2024-08,2024-08-23
530330,SKU-001,Premium Coffee Beans,1,2024-08-07 21:25:00,11.77,10034,France,11.77,2024-08,2024-08-07
530331,SKU-008,Yoga Mat,1,2024-09-02 10:59:00,23.9,10071,Portugal,23.9,2024-09,2024-09-02
530331,SKU-012,Phone Stand,1,2024-09-08 21:59:00,10.53,10149,Italy,10.53,2024-09,2024-09-08
530331,SKU-005,Notebook A5,2,2024-09-24 22:02:00,6.05,10012,Netherlands,12.1,2024-09,2024-09-24
530332,SKU-001,Premium Coffee Beans,6,2024-03-19 12:36:00,11.93,10099,Italy,71.58,2024-03,2024-03-19
530332,SKU-010,Bluetooth Speaker,1,2024-09-17 09:59:00,47.76,10006,Spain,47.76,2024-09,2024-09-17
530332,SKU-006,Wireless Charger,5,2024-12-25 12:29:00,22.31,10007,Spain,111.55,2024-12,2024-12-25
530333,SKU-011,Cotton Tote Bag,1,2024-05-05 16:33:00,9.22,10012,Netherlands,9.22,2024-05,2024-05-05
530333,SKU-008,Yoga Mat,1,2024-07-30 22:08:00,27.54,10095,France,27.54,2024-07,2024-07-30
530333,SKU-009,Running Socks,5,2024-05-13 15:17:00,6.87,10125,United Kingdom,34.35,2024-05,2024-05-13
530334,SKU-004,Reusable Bottle,1,2024-01-23 20:07:00,16.01,10099,Italy,16.01,2024-01,2024-01-23
530334,SKU-006,Wireless Charger,1,2024-09-04 10:46:00,22.99,10117,Italy,22.99,2024-09,2024-09-04
530334,SKU-008,Yoga Mat,1,2024-05-28 18:16:00,22.19,10004,France,22.19,2024-05,2024-05-28
530335,SKU-012,Phone Stand,2,2024-11-11 10:00:00,11.26,10171,United Kingdom,22.52,2024-11,2024-11-11
530335,SKU-012,Phone Stand,1,2024-04-20 13:50:00,10.86,10071,Portugal,10.86,2024-04,2024-04-20
530335,SKU-005,Notebook A5,2,2024-09-19 17:43:00,5.5,10143,Spain,11.0,2024-09,2024-09-19
530336,SKU-004,Reusable Bottle,1,2024-07-06 10:39:00,14.81,10165,Italy,14.81,2024-07,2024-07-06
530336,SKU-011,Cotton Tote Bag,10,2024-06-22 22:25:00,11.07,10140,Germany,110.7,2024-06,2024-06-22
530336,SKU-007,Desk Lamp,1,2024-08-11 16:20:00,31.58,10149,Italy,31.58,2024-08,2024-08-11
530337,SKU-002,Organic Green Tea,1,2024-12-07 14:42:00,8.36,10174,Netherlands,8.36,2024-12,2024-12-07
530337,SKU-002,Organic Green Tea,1,2024-09-27 10:08:00,9.42,10132,Netherlands,9.42,2024-09,2024-09-27
530337,SKU-008,Yoga Mat,4,2024-03-27 13:59:00,25.75,10144,Spain,103.0,2024-03,2024-03-27
530338,SKU-004,Reusable Bottle,1,2024-09-19 08:16:00,15.01,10027,Italy,15.01,2024-09,2024-09-19
530338,SKU-007,Desk Lamp,10,2024-05-10 11:28:00,33.67,10095,France,336.7,2024-05,2024-05-10
530338,SKU-005,Notebook A5,1,2024-05-20 13:19:00,6.14,10071,Portugal,6.14,2024-05,2024-05-20
530339,SKU-010,Bluetooth Speaker,4,2025-04-12 19:36:00,42.84,10154,France,171.36,2025-04,2025-04-12
530339,SKU-001,Premium Coffee Beans,2,2024-09-02 12:41:00,12.96,10068,Portugal,25.92,2024-09,2024-09-02
530339,SKU-006,Wireless Charger,2,2024-09-26 19:15:00,21.53,10068,Portugal,43.06,2024-09,2024-09-26
530340,SKU-001,Premium Coffee Beans,2,2024-09-25 18:07:00,12.29,10087,Germany,24.58,2024-09,2024-09-25
530340,SKU-008,Yoga Mat,1,2024-07-29 12:10:00,26.28,10132,Netherlands,26.28,2024-07,2024-07-29
530340,SKU-007,Desk Lamp,1,2024-10-31 18:32:00,32.82,10100,Italy,32.82,2024-10,2024-10-31
530341,SKU-012,Phone Stand,2,2024-10-06 20:19:00,11.75,10143,Spain,23.5,2024-10,2024-10-06
530341,SKU-012,Phone Stand,1,2024-08-16 09:40:00,12.07,10025,Spain,12.07,2024-08,2024-08-16
530341,SKU-005,Notebook A5,1,2024-01-29 13:39:00,5.53,10095,France,5.53,2024-01,2024-01-29
530342,SKU-004,Reusable Bottle,2,2024-02-24 11:08:00,15.69,10052,United Kingdom,31.38,2024-02,2024-02-24
530342,SKU-008,Yoga Mat,1,2024-08-30 10:29:00,22.15,10167,Portugal,22.15,2024-08,2024-08-30
530342,SKU-012,Phone Stand,2,2024-08-13 17:23:00,11.85,10112,France,23.7,2024-08,2024-08-13
530343,SKU-007,Desk Lamp,1,2024-02-23 19:35:00,35.14,10160,Portugal,35.14,2024-02,2024-02-23
530343,SKU-008,Yoga Mat,4,2024-10-02 20:34:00,26.46,10104,Italy,105.84,2024-10,2024-10-02
530343,SKU-011,Cotton Tote Bag,2,2025-01-30 21:13:00,10.33,10078,Italy,20.66,2025-01,2025-01-30
530344,SKU-004,Reusable Bottle,1,2024-06-06 18:48:00,14.43,10034,France,14.43,2024-06,2024-06-06
530344,SKU-010,Bluetooth Speaker,2,2024-09-30 21:50:00,45.3,10056,Netherlands,90.6,2024-09,2024-09-30
530344,SKU-002,Organic Green Tea,1,2024-04-14 16:28:00,8.02,10110,Germany,8.02,2024-04,2024-04-14
530345,SKU-009,Running Socks,1,2024-07-07 19:23:00,6.9,10095,France,6.9,2024-07,2024-07-07
530345,SKU-002,Organic Green Tea,1,2024-10-17 22:36:00,9.07,10146,Netherlands,9.07,2024-10,2024-10-17
530345,SKU-002,Organic Green Tea,5,2024-02-20 08:53:00,7.98,10143,Spain,39.9,2024-02,2024-02-20
530346,SKU-009,Running Socks,1,2024-09-23 22:32:00,7.35,10155,Spain,7.35,2024-09,2024-09-23
530346,SKU-004,Reusable Bottle,5,2025-04-25 17:34:00,16.2,10124,Portugal,81.0,2025-04,2025-04-25
530346,SKU-003,Ceramic Mug,4,2024-03-19 10:20:00,6.9,10052,United Kingdom,27.6,2024-03,2024-03-19
530347,SKU-009,Running Socks,1,2024-06-15 15:07:00,6.45,10160,Portugal,6.45,2024-06,2024-06-15
530347,SKU-011,Cotton Tote Bag,1,2024-10-25 11:45:00,9.5,10151,Germany,9.5,2024-10,2024-10-25
530347,SKU-010,Bluetooth Speaker,2,2024-07-16 15:05:00,45.12,10135,Spain,90.24,2024-07,2024-07-16
530348,SKU-009,Running Socks,8,2024-10-16 15:51:00,7.82,10039,Portugal,62.56,2024-10,2024-10-16
530348,SKU-001,Premium Coffee Beans,3,2024-11-24 15:08:00,13.84,10054,Portugal,41.52,2024-11,2024-11-24
530348,SKU-009,Running Socks,1,2024-05-07 14:29:00,7.37,10173,Germany,7.37,2024-05,2024-05-07
530349,SKU-010,Bluetooth Speaker,2,2024-06-09 08:35:00,46.18,10132,Netherlands,92.36,2024-06,2024-06-09
530349,SKU-008,Yoga Mat,1,2024-10-16 18:51:00,26.07,10057,France,26.07,2024-10,2024-10-16
530349,SKU-005,Notebook A5,1,2024-07-02 19:01:00,5.13,10043,France,5.13,2024-07,2024-07-02
530350,SKU-007,Desk Lamp,4,2024-08-03 12:52:00,34.27,10140,Germany,137.08,2024-08,2024-08-03
530350,SKU-001,Premium Coffee Beans,3,2024-05-31 19:13:00,14.69,10160,Portugal,44.07,2024-05,2024-05-31
530350,SKU-010,Bluetooth Speaker,1,2024-03-29 09:02:00,45.97,10068,Portugal,45.97,2024-03,2024-03-29
530351,SKU-007,Desk Lamp,1,2024-07-18 13:44:00,34.72,10020,Spain,34.72,2024-07,2024-07-18
530351,SKU-002,Organic Green Tea,1,2025-01-02 16:03:00,9.47,10153,Germany,9.47,2025-01,2025-01-02
530351,SKU-002,Organic Green Tea,1,2024-10-30 22:30:00,9.66,10136,Italy,9.66,2024-10,2024-10-30
530352,SKU-001,Premium Coffee Beans,1,2024-09-07 12:26:00,13.69,10125,United Kingdom,13.69,2024-09,2024-09-07
530352,SKU-003,Ceramic Mug,1,2024-07-16 20:08:00,7.92,10093,Spain,7.92,2024-07,2024-07-16
530352,SKU-011,Cotton Tote Bag,1,2025-02-26 19:41:00,9.72,10151,Germany,9.72,2025-02,2025-02-26
530353,SKU-007,Desk Lamp,2,2024-12-12 13:57:00,35.8,10123,Spain,71.6,2024-12,2024-12-12
530353,SKU-007,Desk Lamp,3,2024-05-08 15:55:00,33.9,10057,France,101.7,2024-05,2024-05-08
530353,SKU-007,Desk Lamp,2,2024-06-26 14:05:00,35.23,10132,Netherlands,70.46,2024-06,2024-06-26
530354,SKU-011,Cotton Tote Bag,1,2024-11-08 18:55:00,10.09,10032,Germany,10.09,2024-11,2024-11-08
530354,SKU-009,Running Socks,1,2024-05-25 10:41:00,7.65,10150,Netherlands,7.65,2024-05,2024-05-25
530354,SKU-006,Wireless Charger,1,2024-11-09 09:11:00,23.54,10099,Italy,23.54,2024-11,2024-11-09
530355,SKU-009,Running Socks,1,2024-12-19 14:33:00,7.64,10107,Italy,7.64,2024-12,2024-12-19
530355,SKU-003,Ceramic Mug,1,2024-12-24 19:14:00,7.69,10128,Germany,7.69,2024-12,2024-12-24
530355,SKU-001,Premium Coffee Beans,1,2025-01-12 20:01:00,13.95,10127,France,13.95,2025-01,2025-01-12
530356,SKU-005,Notebook A5,1,2025-01-15 15:43:00,4.92,10022,Netherlands,4.92,2025-01,2025-01-15
530356,SKU-012,Phone Stand,2,2024-10-12 16:27:00,11.13,10172,Germany,22.26,2024-10,2024-10-12
530356,SKU-009,Running Socks,5,2024-07-12 14:52:00,7.55,10044,France,37.75,2024-07,2024-07-12
530357,SKU-004,Reusable Bottle,1,2024-02-06 11:29:00,15.54,10071,Portugal,15.54,2024-02,2024-02-06
530357,SKU-006,Wireless Charger,1,2024-07-30 10:17:00,22.58,10174,Netherlands,22.58,2024-07,2024-07-30
530357,SKU-004,Reusable Bottle,1,2025-01-12 22:56:00,15.4,10095,France,15.4,2025-01,2025-01-12
530358,SKU-012,Phone Stand,1,2025-03-29 20:07:00,11.07,10093,Spain,11.07,2025-03,2025-03-29
530358,SKU-001,Premium Coffee Beans,2,2024-10-02 20:42:00,12.95,10012,Netherlands,25.9,2024-10,2024-10-02
530358,SKU-007,Desk Lamp,3,2024-06-05 17:49:00,34.81,10073,Netherlands,104.43,2024-06,2024-06-05
530359,SKU-001,Premium Coffee Beans,1,2024-08-27 11:13:00,12.44,10119,Portugal,12.44,2024-08,2024-08-27
530359,SKU-002,Organic Green Tea,1,2024-07-19 09:38:00,8.92,10134,France,8.92,2024-07,2024-07-19
530359,SKU-001,Premium Coffee Beans,1,2025-02-04 15:38:00,12.72,10178,Netherlands,12.72,2025-02,2025-02-04
530360,SKU-011,Cotton Tote Bag,1,2024-08-16 19:55:00,9.45,10008,Italy,9.45,2024-08,2024-08-16
530360,SKU-001,Premium Coffee Beans,5,2024-12-26 11:47:00,14.0,10000,Italy,70.0,2024-12,2024-12-26
530360,SKU-001,Premium Coffee Beans,1,2024-04-01 14:28:00,13.94,10032,Germany,13.94,2024-04,2024-04-01
530361,SKU-004,Reusable Bottle,1,2024-05-02 16:13:00,15.42,10165,Italy,15.42,2024-05,2024-05-02
530361,SKU-001,Premium Coffee Beans,1,2024-10-09 10:32:00,13.93,10066,Netherlands,13.93,2024-10,2024-10-09
530361,SKU-005,Notebook A5,1,2025-04-18 11:52:00,5.17,10021,Netherlands,5.17,2025-04,2025-04-18
530362,SKU-012,Phone Stand,1,2024-03-10 17:20:00,11.48,10008,Italy,11.48,2024-03,2024-03-10
530362,SKU-010,Bluetooth Speaker,1,2024-08-23 17:49:00,48.1,10144,Spain,48.1,2024-08,2024-08-23
530362,SKU-011,Cotton Tote Bag,4,2025-01-05 21:20:00,8.93,10093,Spain,35.72,2025-01,2025-01-05
530363,SKU-004,Reusable Bottle,1,2025-04-07 12:56:00,15.31,10138,Germany,15.31,2025-04,2025-04-07
530363,SKU-003,Ceramic Mug,2,2024-06-25 18:33:00,7.45,10178,Netherlands,14.9,2024-06,2024-06-25
530363,SKU-004,Reusable Bottle,3,2024-04-20 14:19:00,16.15,10178,Netherlands,48.45,2024-04,2024-04-20
530364,SKU-005,Notebook A5,1,2024-08-12 08:35:00,5.18,10066,Netherlands,5.18,2024-08,2024-08-12
530364,SKU-010,Bluetooth Speaker,1,2024-12-19 22:47:00,40.51,10148,France,40.51,2024-12,2024-12-19
530364,SKU-003,Ceramic Mug,1,2024-06-19 18:43:00,6.6,10056,Netherlands,6.6,2024-06,2024-06-19
530365,SKU-007,Desk Lamp,2,2024-07-09 16:31:00,31.64,10034,France,63.28,2024-07,2024-07-09
530365,SKU-001,Premium Coffee Beans,4,2025-01-26 13:41:00,13.2,10068,Portugal,52.8,2025-01,2025-01-26
530365,SKU-011,Cotton Tote Bag,1,2025-02-27 14:50:00,9.06,10062,Netherlands,9.06,2025-02,2025-02-27
530366,SKU-009,Running Socks,1,2024-07-19 13:44:00,6.49,10054,Portugal,6.49,2024-07,2024-07-19
530366,SKU-007,Desk Lamp,1,2024-10-13 14:09:00,29.33,10140,Germany,29.33,2024-10,2024-10-13
530366,SKU-005,Notebook A5,4,2024-06-03 14:11:00,5.97,10012,Netherlands,23.88,2024-06,2024-06-03
530367,SKU-009,Running Socks,1,2025-03-01 15:15:00,6.64,10098,France,6.64,2025-03,2025-03-01
530367,SKU-004,Reusable Bottle,1,2024-12-30 12:54:00,13.55,10151,Germany,13.55,2024-12,2024-12-30
530367,SKU-012,Phone Stand,2,2025-02-13 10:51:00,12.96,10094,France,25.92,2025-02,2025-02-13
530368,SKU-008,Yoga Mat,4,2024-06-06 22:03:00,23.31,10148,France,93.24,2024-06,2024-06-06
530368,SKU-009,Running Socks,1,2024-08-09 14:26:00,7.15,10052,United Kingdom,7.15,2024-08,2024-08-09
530368,SKU-009,Running Socks,2,2024-05-24 16:08:00,6.75,10030,Germany,13.5,2024-05,2024-05-24
530369,SKU-007,Desk Lamp,3,2024-11-15 11:16:00,33.43,10092,France,100.29,2024-11,2024-11-15
530369,SKU-004,Reusable Bottle,2,2024-04-14 13:41:00,14.92,10029,Netherlands,29.84,2024-04,2024-04-14
530369,SKU-002,Organic Green Tea,1,2024-07-04 22:28:00,9.68,10073,Netherlands,9.68,2024-07,2024-07-04
530370,SKU-006,Wireless Charger,1,2024-03-14 09:34:00,21.64,10170,Netherlands,21.64,2024-03,2024-03-14
530370,SKU-012,Phone Stand,5,2024-05-12 21:12:00,12.55,10071,Portugal,62.75,2024-05,2024-05-12
530370,SKU-001,Premium Coffee Beans,8,2024-08-06 12:24:00,14.11,10020,Spain,112.88,2024-08,2024-08-06
530371,SKU-011,Cotton Tote Bag,2,2024-06-03 17:38:00,9.27,10064,Germany,18.54,2024-06,2024-06-03
530371,SKU-001,Premium Coffee Beans,5,2025-01-16 21:04:00,13.63,10166,Spain,68.15,2025-01,2025-01-16
530371,SKU-004,Reusable Bottle,1,2024-07-23 20:48:00,14.68,10145,Italy,14.68,2024-07,2024-07-23
530372,SKU-010,Bluetooth Speaker,1,2024-05-16 19:42:00,47.21,10114,Italy,47.21,2024-05,2024-05-16
530372,SKU-009,Running Socks,1,2024-05-08 11:30:00,6.55,10148,France,6.55,2024-05,2024-05-08
530372,SKU-004,Reusable Bottle,1,2024-10-15 21:58:00,15.75,10044,France,15.75,2024-10,2024-10-15
530373,SKU-006,Wireless Charger,1,2024-12-17 12:58:00,21.78,10127,France,21.78,2024-12,2024-12-17
530373,SKU-001,Premium Coffee Beans,3,2024-05-30 11:59:00,11.96,10086,United Kingdom,35.88,2024-05,2024-05-30
530373,SKU-004,Reusable Bottle,1,2024-10-28 19:07:00,13.6,10154,France,13.6,2024-10,2024-10-28
530374,SKU-012,Phone Stand,1,2024-03-24 20:30:00,12.1,10126,Portugal,12.1,2024-03,2024-03-24
530374,SKU-004,Reusable Bottle,1,2024-04-10 19:38:00,14.05,10044,France,14.05,2024-04,2024-04-10
530374,SKU-012,Phone Stand,1,2025-01-29 11:25:00,10.37,10054,Portugal,10.37,2025-01,2025-01-29
530375,SKU-004,Reusable Bottle,1,2024-07-15 16:20:00,16.97,10088,France,16.97,2024-07,2024-07-15
530375,SKU-005,Notebook A5,6,2024-06-09 14:29:00,5.86,10031,Spain,35.16,2024-06,2024-06-09
530375,SKU-009,Running Socks,4,2024-09-20 18:22:00,7.13,10098,France,28.52,2024-09,2024-09-20
530376,SKU-005,Notebook A5,1,2025-02-01 12:23:00,5.3,10037,United Kingdom,5.3,2025-02,2025-02-01
530376,SKU-009,Running Socks,2,2024-07-24 22:31:00,7.85,10068,Portugal,15.7,2024-07,2024-07-24
530376,SKU-008,Yoga Mat,2,2025-01-12 09:51:00,21.9,10132,Netherlands,43.8,2025-01,2025-01-12
530377,SKU-012,Phone Stand,1,2024-06-17 15:48:00,12.49,10046,Spain,12.49,2024-06,2024-06-17
530377,SKU-006,Wireless Charger,1,2024-07-25 22:13:00,26.11,10165,Italy,26.11,2024-07,2024-07-25
530377,SKU-006,Wireless Charger,1,2024-07-28 13:26:00,25.82,10080,Portugal,25.82,2024-07,2024-07-28
530378,SKU-001,Premium Coffee Beans,2,2024-12-12 17:55:00,12.71,10102,United Kingdom,25.42,2024-12,2024-12-12
530378,SKU-004,Reusable Bottle,3,2024-08-01 19:09:00,16.48,10079,Spain,49.44,2024-08,2024-08-01
530378,SKU-001,Premium Coffee Beans,2,2024-11-16 12:35:00,14.21,10167,Portugal,28.42,2024-11,2024-11-16
530379,SKU-010,Bluetooth Speaker,1,2024-03-21 17:46:00,45.02,10150,Netherlands,45.02,2024-03,2024-03-21
530379,SKU-007,Desk Lamp,1,2024-11-18 12:09:00,31.16,10124,Portugal,31.16,2024-11,2024-11-18
530379,SKU-004,Reusable Bottle,1,2024-11-19 13:14:00,15.55,10113,Italy,15.55,2024-11,2024-11-19
530380,SKU-007,Desk Lamp,1,2024-11-18 17:53:00,32.15,10039,Portugal,32.15,2024-11,2024-11-18
530380,SKU-004,Reusable Bottle,6,2024-11-07 15:35:00,17.09,10040,Spain,102.54,2024-11,2024-11-07
530380,SKU-011,Cotton Tote Bag,1,2025-01-22 18:21:00,10.21,10076,United Kingdom,10.21,2025-01,2025-01-22
530381,SKU-005,Notebook A5,1,2024-08-24 20:52:00,5.03,10128,Germany,5.03,2024-08,2024-08-24
530381,SKU-008,Yoga Mat,1,2024-03-11 19:41:00,27.46,10039,Portugal,27.46,2024-03,2024-03-11
530381,SKU-012,Phone Stand,2,2024-12-24 15:29:00,11.93,10044,France,23.86,2024-12,2024-12-24
530382,SKU-003,Ceramic Mug,2,2024-10-03 19:50:00,7.8,10029,Netherlands,15.6,2024-10,2024-10-03
530382,SKU-006,Wireless Charger,8,2024-09-26 10:08:00,22.57,10137,Germany,180.56,2024-09,2024-09-26
530382,SKU-012,Phone Stand,1,2025-01-21 16:31:00,10.69,10119,Portugal,10.69,2025-01,2025-01-21
530383,SKU-003,Ceramic Mug,3,2024-10-02 22:56:00,7.19,10061,Germany,21.57,2024-10,2024-10-02
530383,SKU-009,Running Socks,3,2024-07-25 18:03:00,7.71,10087,Germany,23.13,2024-07,2024-07-25
530383,SKU-009,Running Socks,2,2024-12-27 08:53:00,6.52,10015,Germany,13.04,2024-12,2024-12-27
530384,SKU-002,Organic Green Tea,1,2024-11-04 21:42:00,8.79,10078,Italy,8.79,2024-11,2024-11-04
530384,SKU-001,Premium Coffee Beans,1,2024-06-11 20:00:00,11.74,10114,Italy,11.74,2024-06,2024-06-11
530384,SKU-007,Desk Lamp,2,2025-01-01 10:53:00,33.6,10060,Italy,67.2,2025-01,2025-01-01
530385,SKU-011,Cotton Tote Bag,6,2024-11-08 11:04:00,11.21,10080,Portugal,67.26,2024-11,2024-11-08
530385,SKU-012,Phone Stand,1,2024-03-22 10:00:00,12.44,10095,France,12.44,2024-03,2024-03-22
530385,SKU-004,Reusable Bottle,1,2024-09-15 16:29:00,15.62,10023,United Kingdom,15.62,2024-09,2024-09-15
530386,SKU-006,Wireless Charger,1,2024-08-05 08:39:00,24.14,10107,Italy,24.14,2024-08,2024-08-05
530386,SKU-011,Cotton Tote Bag,2,2025-02-05 18:59:00,10.8,10173,Germany,21.6,2025-02,2025-02-05
530386,SKU-010,Bluetooth Speaker,1,2024-10-22 22:30:00,47.51,10106,Netherlands,47.51,2024-10,2024-10-22
530387,SKU-011,Cotton Tote Bag,1,2024-09-14 15:01:00,9.74,10107,Italy,9.74,2024-09,2024-09-14
530387,SKU-001,Premium Coffee Beans,1,2024-12-09 16:35:00,12.21,10095,France,12.21,2024-12,2024-12-09
530387,SKU-007,Desk Lamp,1,2024-10-20 08:01:00,31.8,10014,Netherlands,31.8,2024-10,2024-10-20
530388,SKU-009,Running Socks,2,2024-07-27 19:17:00,7.82,10051,Germany,15.64,2024-07,2024-07-27
530388,SKU-009,Running Socks,1,2024-07-21 12:01:00,7.48,10165,Italy,7.48,2024-07,2024-07-21
530388,SKU-009,Running Socks,1,2024-07-24 21:44:00,7.8,10005,Spain,7.8,2024-07,2024-07-24
530389,SKU-011,Cotton Tote Bag,2,2024-11-15 14:51:00,10.11,10002,United Kingdom,20.22,2024-11,2024-11-15
530389,SKU-003,Ceramic Mug,6,2024-09-11 09:58:00,7.59,10015,Germany,45.54,2024-09,2024-09-11
530389,SKU-002,Organic Green Tea,1,2024-08-19 16:09:00,7.81,10044,France,7.81,2024-08,2024-08-19
530390,SKU-004,Reusable Bottle,3,2024-06-22 11:39:00,14.23,10020,Spain,42.69,2024-06,2024-06-22
530390,SKU-009,Running Socks,2,2024-03-28 12:52:00,7.2,10093,Spain,14.4,2024-03,2024-03-28
530390,SKU-006,Wireless Charger,1,2024-03-22 12:50:00,25.39,10023,United Kingdom,25.39,2024-03,2024-03-22
530391,SKU-007,Desk Lamp,1,2024-08-21 09:23:00,35.0,10023,United Kingdom,35.0,2024-08,2024-08-21
530391,SKU-007,Desk Lamp,1,2024-03-11 15:36:00,31.89,10047,Portugal,31.89,2024-03,2024-03-11
530391,SKU-004,Reusable Bottle,2,2024-07-22 19:14:00,14.68,10104,Italy,29.36,2024-07,2024-07-22
530392,SKU-005,Notebook A5,1,2024-04-21 18:52:00,5.89,10020,Spain,5.89,2024-04,2024-04-21
530392,SKU-002,Organic Green Tea,6,2025-01-05 18:54:00,8.93,10173,Germany,53.58,2025-01,2025-01-05
530392,SKU-011,Cotton Tote Bag,1,2024-10-12 20:02:00,10.04,10127,France,10.04,2024-10,2024-10-12
530393,SKU-002,Organic Green Tea,2,2024-07-06 14:24:00,8.33,10088,France,16.66,2024-07,2024-07-06
530393,SKU-007,Desk Lamp,1,2024-09-03 16:30:00,35.54,10165,Italy,35.54,2024-09,2024-09-03
530393,SKU-001,Premium Coffee Beans,2,2024-06-25 18:00:00,12.72,10110,Germany,25.44,2024-06,2024-06-25
530394,SKU-012,Phone Stand,2,2024-09-10 10:05:00,10.64,10150,Netherlands,21.28,2024-09,2024-09-10
530394,SKU-008,Yoga Mat,6,2024-08-05 21:27:00,25.22,10003,Italy,151.32,2024-08,2024-08-05
530394,SKU-011,Cotton Tote Bag,2,2025-02-12 20:21:00,10.33,10013,United Kingdom,20.66,2025-02,2025-02-12
530395,SKU-010,Bluetooth Speaker,2,2024-11-25 21:06:00,45.07,10024,Netherlands,90.14,2024-11,2024-11-25
530395,SKU-009,Running Socks,2,2025-01-22 22:02:00,7.29,10154,France,14.58,2025-01,2025-01-22
530395,SKU-004,Reusable Bottle,1,2024-06-07 11:57:00,16.91,10025,Spain,16.91,2024-06,2024-06-07
530396,SKU-012,Phone Stand,2,2024-07-12 22:36:00,10.88,10135,Spain,21.76,2024-07,2024-07-12
530396,SKU-008,Yoga Mat,1,2024-06-16 12:02:00,25.3,10135,Spain,25.3,2024-06,2024-06-16
530396,SKU-002,Organic Green Tea,1,2024-08-30 18:59:00,7.96,10005,Spain,7.96,2024-08,2024-08-30
530397,SKU-005,Notebook A5,1,2024-05-07 22:34:00,5.13,10178,Netherlands,5.13,2024-05,2024-05-07
530397,SKU-010,Bluetooth Speaker,1,2024-09-23 18:02:00,40.74,10137,Germany,40.74,2024-09,2024-09-23
530397,SKU-003,Ceramic Mug,1,2024-12-14 22:54:00,8.07,10005,Spain,8.07,2024-12,2024-12-14
530398,SKU-006,Wireless Charger,2,2025-01-30 08:13:00,22.83,10015,Germany,45.66,2025-01,2025-01-30
530398,SKU-010,Bluetooth Speaker,1,2025-02-14 10:48:00,48.95,10149,Italy,48.95,2025-02,2025-02-14
530398,SKU-012,Phone Stand,2,2024-08-01 21:25:00,13.05,10167,Portugal,26.1,2024-08,2024-08-01
530399,SKU-002,Organic Green Tea,1,2024-11-02 12:10:00,9.28,10051,Germany,9.28,2024-11,2024-11-02
530399,SKU-010,Bluetooth Speaker,1,2024-12-07 11:36:00,48.81,10165,Italy,48.81,2024-12,2024-12-07
530399,SKU-007,Desk Lamp,1,2024-07-07 18:57:00,30.75,10011,Italy,30.75,2024-07,2024-07-07
530400,SKU-009,Running Socks,2,2024-11-08 13:24:00,7.89,10178,Netherlands,15.78,2024-11,2024-11-08
530400,SKU-012,Phone Stand,3,2024-08-21 10:50:00,12.85,10068,Portugal,38.55,2024-08,2024-08-21
530400,SKU-012,Phone Stand,5,2024-06-14 19:05:00,11.29,10034,France,56.45,2024-06,2024-06-14
530401,SKU-009,Running Socks,1,2024-10-05 19:22:00,6.98,10135,Spain,6.98,2024-10,2024-10-05
530401,SKU-001,Premium Coffee Beans,1,2024-03-26 09:27:00,12.58,10132,Netherlands,12.58,2024-03,2024-03-26
530401,SKU-004,Reusable Bottle,1,2024-07-29 21:04:00,15.0,10087,Germany,15.0,2024-07,2024-07-29
530402,SKU-006,Wireless Charger,2,2025-01-14 17:49:00,21.48,10009,United Kingdom,42.96,2025-01,2025-01-14
530402,SKU-010,Bluetooth Speaker,2,2024-08-16 17:25:00,48.39,10106,Netherlands,96.78,2024-08,2024-08-16
530402,SKU-006,Wireless Charger,1,2024-01-31 08:40:00,24.57,10073,Netherlands,24.57,2024-01,2024-01-31
530403,SKU-005,Notebook A5,1,2024-08-02 20:28:00,6.18,10123,Spain,6.18,2024-08,2024-08-02
530403,SKU-008,Yoga Mat,1,2025-01-28 11:22:00,25.9,10073,Netherlands,25.9,2025-01,2025-01-28
530403,SKU-009,Running Socks,3,2025-01-04 14:27:00,7.0,10105,Spain,21.0,2025-01,2025-01-04
530404,SKU-003,Ceramic Mug,1,2025-03-11 18:37:00,7.73,10087,Germany,7.73,2025-03,2025-03-11
530404,SKU-011,Cotton Tote Bag,4,2024-09-02 14:05:00,9.08,10014,Netherlands,36.32,2024-09,2024-09-02
530404,SKU-010,Bluetooth Speaker,1,2025-01-11 12:51:00,42.79,10099,Italy,42.79,2025-01,2025-01-11
530405,SKU-004,Reusable Bottle,2,2024-03-23 19:04:00,17.14,10149,Italy,34.28,2024-03,2024-03-23
530405,SKU-002,Organic Green Tea,1,2024-08-30 12:09:00,9.47,10094,France,9.47,2024-08,2024-08-30
530405,SKU-007,Desk Lamp,1,2024-05-07 19:50:00,30.7,10055,France,30.7,2024-05,2024-05-07
530406,SKU-011,Cotton Tote Bag,1,2024-06-17 10:47:00,9.32,10139,Italy,9.32,2024-06,2024-06-17
530406,SKU-007,Desk Lamp,5,2024-07-26 13:23:00,36.13,10062,Netherlands,180.65,2024-07,2024-07-26
530406,SKU-002,Organic Green Tea,1,2025-01-18 09:00:00,8.63,10089,Germany,8.63,2025-01,2025-01-18
530407,SKU-005,Notebook A5,8,2024-03-20 15:23:00,4.99,10128,Germany,39.92,2024-03,2024-03-20
530407,SKU-005,Notebook A5,1,2024-05-31 09:08:00,4.91,10129,France,4.91,2024-05,2024-05-31
530407,SKU-002,Organic Green Tea,2,2024-05-09 10:27:00,8.64,10004,France,17.28,2024-05,2024-05-09
530408,SKU-008,Yoga Mat,1,2024-02-28 16:35:00,26.3,10107,Italy,26.3,2024-02,2024-02-28
530408,SKU-009,Running Socks,2,2025-01-19 14:06:00,6.96,10001,United Kingdom,13.92,2025-01,2025-01-19
530408,SKU-001,Premium Coffee Beans,1,2024-08-08 09:22:00,14.47,10096,Spain,14.47,2024-08,2024-08-08
530409,SKU-009,Running Socks,1,2024-10-07 09:38:00,7.81,10159,United Kingdom,7.81,2024-10,2024-10-07
530409,SKU-010,Bluetooth Speaker,1,2024-08-25 20:20:00,43.64,10172,Germany,43.64,2024-08,2024-08-25
530409,SKU-007,Desk Lamp,1,2024-09-27 08:18:00,30.58,10172,Germany,30.58,2024-09,2024-09-27
530410,SKU-007,Desk Lamp,1,2025-05-02 14:49:00,28.78,10051,Germany,28.78,2025-05,2025-05-02
530410,SKU-002,Organic Green Tea,1,2024-05-18 19:57:00,8.58,10104,Italy,8.58,2024-05,2024-05-18
530410,SKU-009,Running Socks,1,2024-07-17 22:15:00,6.36,10093,Spain,6.36,2024-07,2024-07-17
530411,SKU-010,Bluetooth Speaker,6,2025-02-20 16:10:00,44.27,10054,Portugal,265.62,2025-02,2025-02-20
530411,SKU-011,Cotton Tote Bag,4,2024-01-28 14:10:00,10.92,10103,Netherlands,43.68,2024-01,2024-01-28
530411,SKU-003,Ceramic Mug,1,2024-05-22 12:19:00,8.21,10169,Germany,8.21,2024-05,2024-05-22
530412,SKU-005,Notebook A5,1,2024-06-28 15:09:00,5.47,10096,Spain,5.47,2024-06,2024-06-28
530412,SKU-002,Organic Green Tea,2,2025-04-21 10:27:00,8.26,10126,Portugal,16.52,2025-04,2025-04-21
530412,SKU-005,Notebook A5,2,2024-08-13 14:19:00,5.09,10097,Italy,10.18,2024-08,2024-08-13
530413,SKU-008,Yoga Mat,3,2024-09-06 20:04:00,25.22,10174,Netherlands,75.66,2024-09,2024-09-06
530413,SKU-006,Wireless Charger,2,2024-10-31 12:15:00,23.56,10041,Italy,47.12,2024-10,2024-10-31
530413,SKU-012,Phone Stand,2,2024-08-03 18:31:00,12.57,10178,Netherlands,25.14,2024-08,2024-08-03
530414,SKU-010,Bluetooth Speaker,1,2024-07-27 17:12:00,45.36,10033,Netherlands,45.36,2024-07,2024-07-27
530414,SKU-008,Yoga Mat,1,2024-12-05 09:08:00,25.06,10140,Germany,25.06,2024-12,2024-12-05
530414,SKU-005,Notebook A5,3,2024-06-21 08:25:00,5.16,10064,Germany,15.48,2024-06,2024-06-21
530415,SKU-006,Wireless Charger,1,2024-02-03 21:39:00,24.32,10092,France,24.32,2024-02,2024-02-03
530415,SKU-007,Desk Lamp,1,2025-03-11 20:55:00,32.85,10094,France,32.85,2025-03,2025-03-11
530415,SKU-006,Wireless Charger,1,2024-09-24 15:21:00,25.58,10151,Germany,25.58,2024-09,2024-09-24
530416,SKU-007,Desk Lamp,2,2024-08-03 21:52:00,29.08,10105,Spain,58.16,2024-08,2024-08-03
530416,SKU-011,Cotton Tote Bag,1,2025-01-06 17:08:00,9.51,10083,Portugal,9.51,2025-01,2025-01-06
530416,SKU-005,Notebook A5,6,2024-06-24 13:38:00,5.33,10173,Germany,31.98,2024-06,2024-06-24
530417,SKU-012,Phone Stand,6,2024-08-23 11:30:00,11.27,10160,Portugal,67.62,2024-08,2024-08-23
530417,SKU-006,Wireless Charger,2,2024-07-03 10:25:00,24.83,10095,France,49.66,2024-07,2024-07-03
530417,SKU-006,Wireless Charger,1,2024-08-07 12:47:00,22.63,10007,Spain,22.63,2024-08,2024-08-07
530418,SKU-012,Phone Stand,1,2024-07-19 18:31:00,10.9,10058,Portugal,10.9,2024-07,2024-07-19
530418,SKU-010,Bluetooth Speaker,6,2024-08-14 20:15:00,45.5,10056,Netherlands,273.0,2024-08,2024-08-14
530418,SKU-006,Wireless Charger,8,2024-06-22 14:17:00,24.51,10104,Italy,196.08,2024-06,2024-06-22
530419,SKU-007,Desk Lamp,2,2024-04-15 13:07:00,33.68,10129,France,67.36,2024-04,2024-04-15
530419,SKU-010,Bluetooth Speaker,2,2024-11-15 11:37:00,42.87,10011,Italy,85.74,2024-11,2024-11-15
530419,SKU-009,Running Socks,1,2024-12-26 10:43:00,7.0,10149,Italy,7.0,2024-12,2024-12-26
530420,SKU-009,Running Socks,1,2025-02-27 08:46:00,6.34,10040,Spain,6.34,2025-02,2025-02-27
530420,SKU-008,Yoga Mat,1,2024-10-09 19:13:00,24.87,10038,Portugal,24.87,2024-10,2024-10-09
530420,SKU-008,Yoga Mat,1,2024-06-21 20:18:00,22.88,10024,Netherlands,22.88,2024-06,2024-06-21
530421,SKU-012,Phone Stand,2,2024-06-13 09:52:00,11.4,10073,Netherlands,22.8,2024-06,2024-06-13
530421,SKU-007,Desk Lamp,8,2025-02-28 18:31:00,34.65,10071,Portugal,277.2,2025-02,2025-02-28
530421,SKU-003,Ceramic Mug,1,2024-07-18 18:19:00,6.96,10044,France,6.96,2024-07,2024-07-18
530422,SKU-004,Reusable Bottle,2,2025-01-01 12:42:00,16.67,10093,Spain,33.34,2025-01,2025-01-01
530422,SKU-003,Ceramic Mug,2,2024-07-16 19:27:00,6.59,10068,Portugal,13.18,2024-07,2024-07-16
530422,SKU-007,Desk Lamp,1,2024-08-14 09:28:00,30.94,10127,France,30.94,2024-08,2024-08-14
530423,SKU-010,Bluetooth Speaker,2,2024-07-13 15:37:00,49.63,10126,Portugal,99.26,2024-07,2024-07-13
530423,SKU-007,Desk Lamp,1,2024-11-11 16:32:00,33.81,10053,France,33.81,2024-11,2024-11-11
530423,SKU-012,Phone Stand,1,2024-10-21 14:34:00,12.1,10178,Netherlands,12.1,2024-10,2024-10-21
530424,SKU-001,Premium Coffee Beans,1,2024-11-19 20:23:00,13.44,10163,United Kingdom,13.44,2024-11,2024-11-19
530424,SKU-012,Phone Stand,1,2024-07-23 22:51:00,12.02,10051,Germany,12.02,2024-07,2024-07-23
530424,SKU-009,Running Socks,2,2024-10-12 17:40:00,7.1,10158,Germany,14.2,2024-10,2024-10-12
530425,SKU-002,Organic Green Tea,1,2024-09-04 09:49:00,8.31,10007,Spain,8.31,2024-09,2024-09-04
530425,SKU-004,Reusable Bottle,1,2024-07-19 18:42:00,14.47,10034,France,14.47,2024-07,2024-07-19
530425,SKU-006,Wireless Charger,1,2025-02-08 10:41:00,25.58,10084,Spain,25.58,2025-02,2025-02-08
530426,SKU-010,Bluetooth Speaker,1,2024-11-28 08:36:00,49.59,10128,Germany,49.59,2024-11,2024-11-28
530426,SKU-011,Cotton Tote Bag,1,2024-10-16 18:41:00,10.97,10137,Germany,10.97,2024-10,2024-10-16
530426,SKU-007,Desk Lamp,2,2024-08-27 20:21:00,32.51,10104,Italy,65.02,2024-08,2024-08-27
530427,SKU-007,Desk Lamp,2,2024-04-10 09:00:00,31.78,10005,Spain,63.56,2024-04,2024-04-10
530427,SKU-002,Organic Green Tea,2,2024-05-09 12:14:00,9.12,10053,France,18.24,2024-05,2024-05-09
530427,SKU-009,Running Socks,1,2024-04-24 19:33:00,6.46,10143,Spain,6.46,2024-04,2024-04-24
530428,SKU-009,Running Socks,2,2024-08-29 17:44:00,6.39,10154,France,12.78,2024-08,2024-08-29
530428,SKU-010,Bluetooth Speaker,4,2024-12-19 11:28:00,47.54,10120,Portugal,190.16,2024-12,2024-12-19
530428,SKU-006,Wireless Charger,1,2024-03-19 14:29:00,22.08,10012,Netherlands,22.08,2024-03,2024-03-19
530429,SKU-011,Cotton Tote Bag,1,2024-08-07 17:44:00,11.24,10026,Italy,11.24,2024-08,2024-08-07
530429,SKU-009,Running Socks,3,2024-11-05 10:22:00,6.4,10110,Germany,19.2,2024-11,2024-11-05
530429,SKU-001,Premium Coffee Beans,1,2024-10-14 15:06:00,12.71,10132,Netherlands,12.71,2024-10,2024-10-14
530430,SKU-005,Notebook A5,1,2024-07-05 14:58:00,6.12,10179,Portugal,6.12,2024-07,2024-07-05
530430,SKU-002,Organic Green Tea,2,2024-11-10 09:53:00,9.43,10004,France,18.86,2024-11,2024-11-10
530430,SKU-012,Phone Stand,8,2024-03-31 10:22:00,12.71,10174,Netherlands,101.68,2024-03,2024-03-31
530431,SKU-005,Notebook A5,2,2024-05-06 13:29:00,5.74,10117,Italy,11.48,2024-05,2024-05-06
530431,SKU-004,Reusable Bottle,5,2024-08-22 16:30:00,13.65,10178,Netherlands,68.25,2024-08,2024-08-22
530431,SKU-006,Wireless Charger,3,2024-11-02 15:06:00,23.24,10068,Portugal,69.72,2024-11,2024-11-02
530432,SKU-008,Yoga Mat,1,2024-08-30 19:44:00,27.17,10008,Italy,27.17,2024-08,2024-08-30
530432,SKU-008,Yoga Mat,1,2024-09-13 13:04:00,22.0,10116,Spain,22.0,2024-09,2024-09-13
530432,SKU-005,Notebook A5,1,2024-09-01 08:51:00,5.34,10174,Netherlands,5.34,2024-09,2024-09-01
530433,SKU-012,Phone Stand,2,2024-11-07 09:01:00,11.12,10125,United Kingdom,22.24,2024-11,2024-11-07
530433,SKU-006,Wireless Charger,1,2024-10-19 18:06:00,20.84,10058,Portugal,20.84,2024-10,2024-10-19
530433,SKU-011,Cotton Tote Bag,4,2025-01-18 20:10:00,10.02,10106,Netherlands,40.08,2025-01,2025-01-18
530434,SKU-012,Phone Stand,1,2024-10-24 11:33:00,12.71,10083,Portugal,12.71,2024-10,2024-10-24
530434,SKU-003,Ceramic Mug,1,2024-12-24 16:10:00,8.06,10044,France,8.06,2024-12,2024-12-24
530434,SKU-006,Wireless Charger,2,2024-06-04 16:27:00,21.19,10044,France,42.38,2024-06,2024-06-04
530435,SKU-008,Yoga Mat,3,2024-11-22 11:51:00,21.89,10162,Portugal,65.67,2024-11,2024-11-22
530435,SKU-007,Desk Lamp,1,2024-07-25 18:11:00,32.65,10149,Italy,32.65,2024-07,2024-07-25
530435,SKU-003,Ceramic Mug,2,2024-09-28 18:42:00,6.82,10016,United Kingdom,13.64,2024-09,2024-09-28
530436,SKU-007,Desk Lamp,1,2024-03-25 14:01:00,32.98,10034,France,32.98,2024-03,2024-03-25
530436,SKU-012,Phone Stand,1,2024-03-19 17:56:00,12.0,10149,Italy,12.0,2024-03,2024-03-19
530436,SKU-004,Reusable Bottle,1,2024-07-28 15:37:00,15.74,10148,France,15.74,2024-07,2024-07-28
530437,SKU-007,Desk Lamp,1,2024-11-14 14:00:00,33.28,10051,Germany,33.28,2024-11,2024-11-14
530437,SKU-012,Phone Stand,2,2024-10-25 11:13:00,10.94,10105,Spain,21.88,2024-10,2024-10-25
530437,SKU-005,Notebook A5,1,2024-05-07 20:45:00,5.77,10067,France,5.77,2024-05,2024-05-07
530438,SKU-002,Organic Green Tea,6,2024-10-11 17:06:00,8.04,10151,Germany,48.24,2024-10,2024-10-11
530438,SKU-009,Running Socks,3,2024-09-27 10:23:00,7.28,10020,Spain,21.84,2024-09,2024-09-27
530438,SKU-006,Wireless Charger,2,2024-12-22 11:29:00,20.93,10140,Germany,41.86,2024-12,2024-12-22
530439,SKU-002,Organic Green Tea,3,2024-07-08 12:42:00,9.01,10132,Netherlands,27.03,2024-07,2024-07-08
530439,SKU-008,Yoga Mat,6,2024-03-05 16:40:00,25.08,10057,France,150.48,2024-03,2024-03-05
530439,SKU-006,Wireless Charger,2,2024-05-28 17:24:00,21.96,10032,Germany,43.92,2024-05,2024-05-28
530440,SKU-010,Bluetooth Speaker,5,2024-06-11 14:37:00,42.12,10090,Italy,210.6,2024-06,2024-06-11
530440,SKU-002,Organic Green Tea,1,2025-01-29 13:22:00,7.96,10135,Spain,7.96,2025-01,2025-01-29
530440,SKU-008,Yoga Mat,1,2024-05-19 17:11:00,25.7,10117,Italy,25.7,2024-05,2024-05-19
530441,SKU-011,Cotton Tote Bag,2,2024-07-15 19:51:00,10.02,10106,Netherlands,20.04,2024-07,2024-07-15
530441,SKU-005,Notebook A5,8,2024-07-10 22:39:00,5.26,10072,France,42.08,2024-07,2024-07-10
530441,SKU-010,Bluetooth Speaker,2,2024-06-26 09:43:00,50.8,10068,Portugal,101.6,2024-06,2024-06-26
530442,SKU-003,Ceramic Mug,4,2024-04-23 13:07:00,7.66,10048,France,30.64,2024-04,2024-04-23
530442,SKU-004,Reusable Bottle,1,2025-03-13 12:07:00,15.2,10161,United Kingdom,15.2,2025-03,2025-03-13
530442,SKU-003,Ceramic Mug,2,2024-07-13 13:44:00,6.82,10168,Italy,13.64,2024-07,2024-07-13
530443,SKU-003,Ceramic Mug,1,2024-05-14 16:24:00,6.67,10054,Portugal,6.67,2024-05,2024-05-14
530443,SKU-007,Desk Lamp,3,2024-05-12 17:08:00,29.38,10074,Spain,88.14,2024-05,2024-05-12
530443,SKU-010,Bluetooth Speaker,1,2024-04-20 14:27:00,42.38,10117,Italy,42.38,2024-04,2024-04-20
530444,SKU-003,Ceramic Mug,3,2024-07-29 15:40:00,7.66,10165,Italy,22.98,2024-07,2024-07-29
530444,SKU-009,Running Socks,2,2024-10-27 19:58:00,7.29,10096,Spain,14.58,2024-10,2024-10-27
530444,SKU-011,Cotton Tote Bag,1,2024-08-26 22:11:00,11.12,10048,France,11.12,2024-08,2024-08-26
530445,SKU-009,Running Socks,3,2025-04-12 10:31:00,6.49,10102,United Kingdom,19.47,2025-04,2025-04-12
530445,SKU-005,Notebook A5,2,2025-03-25 10:11:00,6.19,10126,Portugal,12.38,2025-03,2025-03-25
530445,SKU-006,Wireless Charger,1,2024-12-07 21:28:00,21.22,10125,United Kingdom,21.22,2024-12,2024-12-07
530446,SKU-010,Bluetooth Speaker,5,2024-08-06 08:55:00,47.59,10139,Italy,237.95,2024-08,2024-08-06
530446,SKU-006,Wireless Charger,1,2024-07-15 08:31:00,24.97,10078,Italy,24.97,2024-07,2024-07-15
530446,SKU-003,Ceramic Mug,5,2024-05-27 11:52:00,8.05,10166,Spain,40.25,2024-05,2024-05-27
530447,SKU-007,Desk Lamp,1,2024-04-01 16:32:00,30.46,10132,Netherlands,30.46,2024-04,2024-04-01
530447,SKU-011,Cotton Tote Bag,2,2024-11-09 15:26:00,9.55,10162,Portugal,19.1,2024-11,2024-11-09
530447,SKU-011,Cotton Tote Bag,1,2024-08-04 15:26:00,10.46,10129,France,10.46,2024-08,2024-08-04
530448,SKU-012,Phone Stand,3,2024-06-20 21:28:00,12.23,10028,Italy,36.69,2024-06,2024-06-20
530448,SKU-008,Yoga Mat,2,2024-04-25 10:05:00,21.7,10072,France,43.4,2024-04,2024-04-25
530448,SKU-010,Bluetooth Speaker,1,2024-12-15 08:50:00,51.74,10161,United Kingdom,51.74,2024-12,2024-12-15
530449,SKU-004,Reusable Bottle,1,2024-10-21 12:02:00,17.12,10040,Spain,17.12,2024-10,2024-10-21
530449,SKU-005,Notebook A5,1,2024-12-05 11:34:00,5.04,10163,United Kingdom,5.04,2024-12,2024-12-05
530449,SKU-005,Notebook A5,6,2024-05-23 10:49:00,5.26,10174,Netherlands,31.56,2024-05,2024-05-23
530450,SKU-008,Yoga Mat,1,2024-12-14 17:47:00,23.87,10019,Spain,23.87,2024-12,2024-12-14
530450,SKU-008,Yoga Mat,1,2025-03-27 16:32:00,25.38,10015,Germany,25.38,2025-03,2025-03-27
530450,SKU-002,Organic Green Tea,1,2025-04-03 17:07:00,9.39,10073,Netherlands,9.39,2025-04,2025-04-03
530451,SKU-005,Notebook A5,1,2024-03-25 20:34:00,5.02,10051,Germany,5.02,2024-03,2024-03-25
530451,SKU-006,Wireless Charger,5,2024-09-06 16:52:00,25.44,10105,Spain,127.2,2024-09,2024-09-06
530451,SKU-001,Premium Coffee Beans,2,2024-11-12 20:46:00,12.17,10080,Portugal,24.34,2024-11,2024-11-12
530452,SKU-008,Yoga Mat,2,2024-04-04 16:13:00,23.77,10068,Portugal,47.54,2024-04,2024-04-04
530452,SKU-007,Desk Lamp,10,2024-08-31 09:47:00,34.78,10096,Spain,347.8,2024-08,2024-08-31
530452,SKU-011,Cotton Tote Bag,3,2024-10-02 20:15:00,11.1,10078,Italy,33.3,2024-10,2024-10-02
530453,SKU-005,Notebook A5,2,2024-10-11 21:02:00,5.42,10073,Netherlands,10.84,2024-10,2024-10-11
530453,SKU-008,Yoga Mat,1,2024-02-15 12:22:00,26.84,10028,Italy,26.84,2024-02,2024-02-15
530453,SKU-002,Organic Green Tea,1,2024-11-14 15:55:00,8.33,10044,France,8.33,2024-11,2024-11-14
530454,SKU-002,Organic Green Tea,1,2025-03-05 20:51:00,9.46,10093,Spain,9.46,2025-03,2025-03-05
530454,SKU-004,Reusable Bottle,1,2024-11-23 11:51:00,14.04,10151,Germany,14.04,2024-11,2024-11-23
530454,SKU-012,Phone Stand,1,2024-09-29 17:44:00,11.66,10001,United Kingdom,11.66,2024-09,2024-09-29
530455,SKU-006,Wireless Charger,1,2024-08-17 21:45:00,24.72,10095,France,24.72,2024-08,2024-08-17
530455,SKU-010,Bluetooth Speaker,2,2024-06-19 18:27:00,49.65,10080,Portugal,99.3,2024-06,2024-06-19
530455,SKU-003,Ceramic Mug,1,2024-06-21 17:08:00,7.61,10106,Netherlands,7.61,2024-06,2024-06-21
530456,SKU-004,Reusable Bottle,1,2024-06-28 21:13:00,16.75,10149,Italy,16.75,2024-06,2024-06-28
530456,SKU-001,Premium Coffee Beans,1,2024-09-03 17:22:00,12.27,10123,Spain,12.27,2024-09,2024-09-03
530456,SKU-009,Running Socks,1,2025-04-21 12:38:00,7.04,10112,France,7.04,2025-04,2025-04-21
530457,SKU-009,Running Socks,2,2025-02-01 10:20:00,7.59,10089,Germany,15.18,2025-02,2025-02-01
530457,SKU-012,Phone Stand,2,2024-09-29 12:18:00,11.77,10082,United Kingdom,23.54,2024-09,2024-09-29
530457,SKU-010,Bluetooth Speaker,1,2024-06-24 12:54:00,50.79,10036,Portugal,50.79,2024-06,2024-06-24
530458,SKU-009,Running Socks,6,2024-09-15 22:43:00,7.3,10063,United Kingdom,43.8,2024-09,2024-09-15
530458,SKU-002,Organic Green Tea,1,2024-08-04 10:48:00,7.86,10098,France,7.86,2024-08,2024-08-04
530458,SKU-007,Desk Lamp,1,2024-11-29 22:03:00,30.09,10112,France,30.09,2024-11,2024-11-29
530459,SKU-005,Notebook A5,1,2025-02-08 21:41:00,5.82,10032,Germany,5.82,2025-02,2025-02-08
530459,SKU-003,Ceramic Mug,1,2024-04-12 19:55:00,8.25,10073,Netherlands,8.25,2024-04,2024-04-12
530459,SKU-003,Ceramic Mug,1,2024-09-29 11:09:00,6.68,10123,Spain,6.68,2024-09,2024-09-29
530460,SKU-012,Phone Stand,1,2024-10-17 13:53:00,11.06,10173,Germany,11.06,2024-10,2024-10-17
530460,SKU-004,Reusable Bottle,2,2024-10-24 20:53:00,15.8,10129,France,31.6,2024-10,2024-10-24
530460,SKU-011,Cotton Tote Bag,1,2024-07-22 14:31:00,9.52,10159,United Kingdom,9.52,2024-07,2024-07-22
530461,SKU-003,Ceramic Mug,1,2024-11-13 17:40:00,7.71,10178,Netherlands,7.71,2024-11,2024-11-13
530461,SKU-005,Notebook A5,1,2024-07-06 18:26:00,5.42,10040,Spain,5.42,2024-07,2024-07-06
530461,SKU-007,Desk Lamp,1,2025-01-12 15:04:00,35.95,10043,France,35.95,2025-01,2025-01-12
530462,SKU-011,Cotton Tote Bag,1,2024-01-30 20:56:00,10.59,10064,Germany,10.59,2024-01,2024-01-30
530462,SKU-002,Organic Green Tea,1,2024-05-21 14:32:00,9.33,10149,Italy,9.33,2024-05,2024-05-21
530462,SKU-012,Phone Stand,1,2024-10-09 12:44:00,11.24,10111,Germany,11.24,2024-10,2024-10-09
530463,SKU-006,Wireless Charger,2,2024-12-12 15:31:00,22.9,10068,Portugal,45.8,2024-12,2024-12-12
530463,SKU-006,Wireless Charger,1,2024-11-27 17:00:00,23.38,10169,Germany,23.38,2024-11,2024-11-27
530463,SKU-012,Phone Stand,4,2024-04-14 09:46:00,13.04,10160,Portugal,52.16,2024-04,2024-04-14
530464,SKU-008,Yoga Mat,3,2024-06-07 18:42:00,26.43,10149,Italy,79.29,2024-06,2024-06-07
530464,SKU-012,Phone Stand,1,2025-02-26 13:54:00,10.49,10150,Netherlands,10.49,2025-02,2025-02-26
530464,SKU-002,Organic Green Tea,2,2024-09-26 20:34:00,9.02,10028,Italy,18.04,2024-09,2024-09-26
530465,SKU-007,Desk Lamp,6,2024-03-15 11:27:00,29.48,10003,Italy,176.88,2024-03,2024-03-15
530465,SKU-004,Reusable Bottle,2,2025-02-11 15:17:00,16.0,10002,United Kingdom,32.0,2025-02,2025-02-11
530465,SKU-006,Wireless Charger,1,2024-09-17 21:18:00,23.24,10148,France,23.24,2024-09,2024-09-17
530466,SKU-006,Wireless Charger,1,2024-10-28 16:36:00,23.49,10091,Portugal,23.49,2024-10,2024-10-28
530466,SKU-003,Ceramic Mug,1,2024-05-16 17:54:00,7.65,10136,Italy,7.65,2024-05,2024-05-16
530466,SKU-008,Yoga Mat,4,2024-10-07 20:21:00,22.54,10033,Netherlands,90.16,2024-10,2024-10-07
530467,SKU-011,Cotton Tote Bag,1,2024-04-05 20:03:00,10.46,10172,Germany,10.46,2024-04,2024-04-05
530467,SKU-001,Premium Coffee Beans,3,2024-12-15 09:40:00,14.77,10045,Spain,44.31,2024-12,2024-12-15
530467,SKU-008,Yoga Mat,1,2024-11-20 08:07:00,22.39,10092,France,22.39,2024-11,2024-11-20
530468,SKU-003,Ceramic Mug,2,2024-04-15 15:29:00,7.23,10098,France,14.46,2024-04,2024-04-15
530468,SKU-001,Premium Coffee Beans,3,2024-04-21 14:12:00,11.9,10150,Netherlands,35.7,2024-04,2024-04-21
530468,SKU-012,Phone Stand,4,2024-05-06 22:08:00,12.42,10047,Portugal,49.68,2024-05,2024-05-06
530469,SKU-011,Cotton Tote Bag,2,2024-07-29 12:10:00,10.86,10019,Spain,21.72,2024-07,2024-07-29
530469,SKU-005,Notebook A5,2,2024-06-20 09:41:00,5.82,10043,France,11.64,2024-06,2024-06-20
530469,SKU-006,Wireless Charger,1,2025-01-05 12:05:00,24.01,10153,Germany,24.01,2025-01,2025-01-05
530470,SKU-006,Wireless Charger,1,2024-05-21 18:57:00,24.62,10024,Netherlands,24.62,2024-05,2024-05-21
530470,SKU-011,Cotton Tote Bag,1,2024-09-08 10:03:00,10.93,10135,Spain,10.93,2024-09,2024-09-08
530470,SKU-007,Desk Lamp,1,2025-02-25 18:19:00,32.57,10166,Spain,32.57,2025-02,2025-02-25
530471,SKU-012,Phone Stand,3,2024-09-05 19:48:00,11.71,10071,Portugal,35.13,2024-09,2024-09-05
530471,SKU-004,Reusable Bottle,3,2024-12-21 14:41:00,15.01,10089,Germany,45.03,2024-12,2024-12-21
530471,SKU-002,Organic Green Tea,1,2024-09-25 19:06:00,8.16,10062,Netherlands,8.16,2024-09,2024-09-25
530472,SKU-001,Premium Coffee Beans,1,2024-07-23 11:30:00,11.95,10143,Spain,11.95,2024-07,2024-07-23
530472,SKU-002,Organic Green Tea,5,2024-07-14 10:37:00,8.01,10044,France,40.05,2024-07,2024-07-14
530472,SKU-004,Reusable Bottle,1,2024-03-07 16:43:00,14.71,10083,Portugal,14.71,2024-03,2024-03-07
530473,SKU-008,Yoga Mat,2,2024-07-30 08:00:00,24.28,10098,France,48.56,2024-07,2024-07-30
530473,SKU-012,Phone Stand,1,2024-06-28 13:52:00,11.05,10173,Germany,11.05,2024-06,2024-06-28
530473,SKU-002,Organic Green Tea,2,2024-06-09 21:27:00,9.16,10083,Portugal,18.32,2024-06,2024-06-09
530474,SKU-012,Phone Stand,1,2024-11-28 10:30:00,11.32,10004,France,11.32,2024-11,2024-11-28
530474,SKU-002,Organic Green Tea,1,2024-11-16 11:24:00,7.76,10100,Italy,7.76,2024-11,2024-11-16
530474,SKU-002,Organic Green Tea,1,2025-01-09 19:51:00,8.4,10150,Netherlands,8.4,2025-01,2025-01-09
530475,SKU-002,Organic Green Tea,1,2025-01-26 09:20:00,7.92,10130,United Kingdom,7.92,2025-01,2025-01-26
530475,SKU-006,Wireless Charger,1,2024-04-11 22:19:00,21.73,10033,Netherlands,21.73,2024-04,2024-04-11
530475,SKU-003,Ceramic Mug,8,2024-08-04 14:49:00,8.14,10167,Portugal,65.12,2024-08,2024-08-04
530476,SKU-003,Ceramic Mug,1,2024-11-03 18:43:00,7.67,10098,France,7.67,2024-11,2024-11-03
530476,SKU-003,Ceramic Mug,1,2024-10-24 09:33:00,6.57,10178,Netherlands,6.57,2024-10,2024-10-24
530476,SKU-010,Bluetooth Speaker,1,2025-05-06 08:39:00,49.53,10022,Netherlands,49.53,2025-05,2025-05-06
530477,SKU-011,Cotton Tote Bag,1,2024-07-12 10:28:00,9.28,10141,Spain,9.28,2024-07,2024-07-12
530477,SKU-006,Wireless Charger,1,2024-11-21 19:13:00,23.7,10052,United Kingdom,23.7,2024-11,2024-11-21
530477,SKU-011,Cotton Tote Bag,1,2024-04-23 19:09:00,9.93,10012,Netherlands,9.93,2024-04,2024-04-23
530478,SKU-007,Desk Lamp,2,2024-12-08 17:43:00,32.02,10166,Spain,64.04,2024-12,2024-12-08
530478,SKU-008,Yoga Mat,1,2025-01-10 21:13:00,26.3,10068,Portugal,26.3,2025-01,2025-01-10
530478,SKU-002,Organic Green Tea,1,2024-09-03 22:06:00,8.98,10032,Germany,8.98,2024-09,2024-09-03
530479,SKU-003,Ceramic Mug,2,2024-09-17 20:07:00,6.57,10168,Italy,13.14,2024-09,2024-09-17
530479,SKU-010,Bluetooth Speaker,1,2024-03-04 19:24:00,48.86,10011,Italy,48.86,2024-03,2024-03-04
530479,SKU-006,Wireless Charger,1,2024-12-22 14:20:00,21.5,10131,Spain,21.5,2024-12,2024-12-22
530480,SKU-003,Ceramic Mug,1,2024-08-03 11:17:00,6.94,10054,Portugal,6.94,2024-08,2024-08-03
530480,SKU-011,Cotton Tote Bag,1,2025-04-04 09:15:00,9.05,10089,Germany,9.05,2025-04,2025-04-04
530480,SKU-009,Running Socks,1,2024-10-10 17:38:00,6.3,10028,Italy,6.3,2024-10,2024-10-10
530481,SKU-012,Phone Stand,1,2024-09-13 17:18:00,11.96,10149,Italy,11.96,2024-09,2024-09-13
530481,SKU-012,Phone Stand,1,2024-07-18 08:54:00,12.06,10033,Netherlands,12.06,2024-07,2024-07-18
530481,SKU-011,Cotton Tote Bag,1,2025-03-14 22:19:00,8.96,10039,Portugal,8.96,2025-03,2025-03-14
530482,SKU-004,Reusable Bottle,3,2024-07-11 16:38:00,14.01,10144,Spain,42.03,2024-07,2024-07-11
530482,SKU-009,Running Socks,2,2024-10-15 11:47:00,7.56,10028,Italy,15.12,2024-10,2024-10-15
530482,SKU-007,Desk Lamp,2,2024-05-19 12:41:00,30.27,10166,Spain,60.54,2024-05,2024-05-19
530483,SKU-001,Premium Coffee Beans,1,2024-04-05 20:57:00,13.88,10149,Italy,13.88,2024-04,2024-04-05
530483,SKU-004,Reusable Bottle,5,2024-10-17 15:24:00,13.84,10072,France,69.2,2024-10,2024-10-17
530483,SKU-002,Organic Green Tea,1,2024-07-24 11:31:00,8.5,10169,Germany,8.5,2024-07,2024-07-24
530484,SKU-011,Cotton Tote Bag,1,2024-05-04 17:04:00,9.9,10007,Spain,9.9,2024-05,2024-05-04
530484,SKU-009,Running Socks,2,2024-12-09 22:00:00,6.47,10067,France,12.94,2024-12,2024-12-09
530484,SKU-006,Wireless Charger,1,2024-05-17 22:20:00,25.18,10068,Portugal,25.18,2024-05,2024-05-17
530485,SKU-003,Ceramic Mug,1,2024-08-02 14:55:00,6.67,10128,Germany,6.67,2024-08,2024-08-02
530485,SKU-010,Bluetooth Speaker,1,2025-04-03 14:23:00,49.28,10113,Italy,49.28,2025-04,2025-04-03
530485,SKU-009,Running Socks,2,2025-01-29 18:11:00,7.17,10071,Portugal,14.34,2025-01,2025-01-29
530486,SKU-008,Yoga Mat,1,2024-12-25 20:04:00,25.47,10033,Netherlands,25.47,2024-12,2024-12-25
530486,SKU-001,Premium Coffee Beans,4,2025-01-19 17:04:00,14.58,10120,Portugal,58.32,2025-01,2025-01-19
530486,SKU-001,Premium Coffee Beans,2,2024-11-15 12:13:00,14.05,10017,United Kingdom,28.1,2024-11,2024-11-15
530487,SKU-001,Premium Coffee Beans,1,2024-12-06 22:03:00,13.93,10108,Spain,13.93,2024-12,2024-12-06
530487,SKU-007,Desk Lamp,1,2024-05-27 16:18:00,31.01,10015,Germany,31.01,2024-05,2024-05-27
530487,SKU-011,Cotton Tote Bag,1,2024-09-19 19:32:00,10.44,10004,France,10.44,2024-09,2024-09-19
530488,SKU-007,Desk Lamp,3,2024-06-13 14:44:00,29.3,10123,Spain,87.9,2024-06,2024-06-13
530488,SKU-007,Desk Lamp,1,2025-03-19 09:40:00,34.98,10150,Netherlands,34.98,2025-03,2025-03-19
530488,SKU-009,Running Socks,8,2024-04-20 16:39:00,6.73,10092,France,53.84,2024-04,2024-04-20
530489,SKU-003,Ceramic Mug,1,2025-02-09 12:05:00,6.6,10114,Italy,6.6,2025-02,2025-02-09
530489,SKU-005,Notebook A5,2,2024-10-18 09:32:00,5.21,10099,Italy,10.42,2024-10,2024-10-18
530489,SKU-004,Reusable Bottle,3,2024-06-05 20:09:00,16.6,10068,Portugal,49.8,2024-06,2024-06-05
530490,SKU-009,Running Socks,2,2024-11-06 13:25:00,6.57,10100,Italy,13.14,2024-11,2024-11-06
530490,SKU-010,Bluetooth Speaker,4,2024-08-20 18:48:00,51.37,10102,United Kingdom,205.48,2024-08,2024-08-20
530490,SKU-011,Cotton Tote Bag,1,2024-08-08 18:41:00,11.27,10082,United Kingdom,11.27,2024-08,2024-08-08
530491,SKU-002,Organic Green Tea,4,2025-01-13 12:44:00,8.39,10058,Portugal,33.56,2025-01,2025-01-13
530491,SKU-007,Desk Lamp,2,2024-07-16 19:54:00,34.52,10014,Netherlands,69.04,2024-07,2024-07-16
530491,SKU-004,Reusable Bottle,1,2024-11-29 08:15:00,14.93,10080,Portugal,14.93,2024-11,2024-11-29
530492,SKU-002,Organic Green Tea,1,2024-08-02 22:27:00,8.77,10080,Portugal,8.77,2024-08,2024-08-02
530492,SKU-002,Organic Green Tea,1,2024-09-13 15:39:00,9.08,10145,Italy,9.08,2024-09,2024-09-13
530492,SKU-010,Bluetooth Speaker,1,2025-02-12 08:19:00,48.64,10049,United Kingdom,48.64,2025-02,2025-02-12
530493,SKU-011,Cotton Tote Bag,2,2024-03-01 19:42:00,10.44,10104,Italy,20.88,2024-03,2024-03-01
530493,SKU-012,Phone Stand,2,2024-07-30 10:07:00,10.58,10093,Spain,21.16,2024-07,2024-07-30
530493,SKU-001,Premium Coffee Beans,6,2024-08-14 19:08:00,13.12,10036,Portugal,78.72,2024-08,2024-08-14
530494,SKU-012,Phone Stand,1,2024-11-07 08:10:00,11.9,10008,Italy,11.9,2024-11,2024-11-07
530494,SKU-008,Yoga Mat,1,2024-11-17 13:33:00,22.61,10093,Spain,22.61,2024-11,2024-11-17
530494,SKU-009,Running Socks,1,2024-07-08 20:52:00,6.64,10034,France,6.64,2024-07,2024-07-08
530495,SKU-012,Phone Stand,2,2024-12-17 12:10:00,11.55,10117,Italy,23.1,2024-12,2024-12-17
530495,SKU-006,Wireless Charger,1,2025-03-26 10:47:00,24.02,10012,Netherlands,24.02,2025-03,2025-03-26
530495,SKU-005,Notebook A5,1,2024-09-11 19:56:00,4.91,10128,Germany,4.91,2024-09,2024-09-11
530496,SKU-002,Organic Green Tea,5,2025-03-13 20:57:00,8.8,10102,United Kingdom,44.0,2025-03,2025-03-13
530496,SKU-001,Premium Coffee Beans,5,2024-10-25 13:51:00,11.82,10083,Portugal,59.1,2024-10,2024-10-25
530496,SKU-007,Desk Lamp,1,2024-08-30 12:33:00,31.94,10086,United Kingdom,31.94,2024-08,2024-08-30
530497,SKU-002,Organic Green Tea,1,2024-05-23 12:45:00,8.72,10105,Spain,8.72,2024-05,2024-05-23
530497,SKU-010,Bluetooth Speaker,2,2024-07-24 18:04:00,51.02,10149,Italy,102.04,2024-07,2024-07-24
530497,SKU-008,Yoga Mat,1,2024-03-11 15:32:00,26.05,10162,Portugal,26.05,2024-03,2024-03-11
530498,SKU-006,Wireless Charger,6,2025-01-17 08:31:00,24.05,10149,Italy,144.3,2025-01,2025-01-17
530498,SKU-010,Bluetooth Speaker,1,2024-06-24 10:23:00,45.67,10095,France,45.67,2024-06,2024-06-24
530498,SKU-003,Ceramic Mug,2,2024-11-16 12:49:00,6.98,10113,Italy,13.96,2024-11,2024-11-16
530499,SKU-002,Organic Green Tea,1,2024-08-15 22:36:00,9.24,10101,Italy,9.24,2024-08,2024-08-15
530499,SKU-011,Cotton Tote Bag,10,2024-07-05 19:07:00,10.14,10126,Portugal,101.4,2024-07,2024-07-05
530499,SKU-004,Reusable Bottle,1,2025-01-01 19:32:00,16.07,10062,Netherlands,16.07,2025-01,2025-01-01
530500,SKU-001,Premium Coffee Beans,1,2025-01-09 08:54:00,11.8,10154,France,11.8,2025-01,2025-01-09
530500,SKU-001,Premium Coffee Beans,1,2024-07-17 11:02:00,13.26,10158,Germany,13.26,2024-07,2024-07-17
530500,SKU-008,Yoga Mat,1,2024-07-28 13:24:00,26.74,10167,Portugal,26.74,2024-07,2024-07-28
530501,SKU-003,Ceramic Mug,1,2024-08-18 10:59:00,7.17,10071,Portugal,7.17,2024-08,2024-08-18
530501,SKU-001,Premium Coffee Beans,2,2024-09-08 16:51:00,14.8,10163,United Kingdom,29.6,2024-09,2024-09-08
530501,SKU-012,Phone Stand,1,2024-06-30 19:41:00,11.6,10086,United Kingdom,11.6,2024-06,2024-06-30
530502,SKU-007,Desk Lamp,5,2024-11-25 11:20:00,30.46,10029,Netherlands,152.3,2024-11,2024-11-25
530502,SKU-004,Reusable Bottle,2,2025-02-18 14:58:00,16.81,10106,Netherlands,33.62,2025-02,2025-02-18
530502,SKU-012,Phone Stand,2,2024-09-23 13:17:00,11.94,10095,France,23.88,2024-09,2024-09-23
530503,SKU-002,Organic Green Tea,1,2024-09-14 17:23:00,8.22,10022,Netherlands,8.22,2024-09,2024-09-14
530503,SKU-002,Organic Green Tea,2,2024-03-04 16:43:00,8.91,10004,France,17.82,2024-03,2024-03-04
530503,SKU-001,Premium Coffee Beans,6,2024-09-03 10:14:00,11.82,10097,Italy,70.92,2024-09,2024-09-03
530504,SKU-009,Running Socks,3,2025-04-25 08:25:00,6.95,10099,Italy,20.85,2025-04,2025-04-25
530504,SKU-002,Organic Green Tea,4,2024-06-03 22:29:00,8.96,10058,Portugal,35.84,2024-06,2024-06-03
530504,SKU-005,Notebook A5,1,2024-07-27 20:54:00,5.22,10072,France,5.22,2024-07,2024-07-27
530505,SKU-005,Notebook A5,5,2024-07-02 13:05:00,5.96,10125,United Kingdom,29.8,2024-07,2024-07-02
530505,SKU-009,Running Socks,2,2024-04-03 15:00:00,7.82,10008,Italy,15.64,2024-04,2024-04-03
530505,SKU-006,Wireless Charger,2,2024-12-17 11:18:00,24.32,10137,Germany,48.64,2024-12,2024-12-17
530506,SKU-010,Bluetooth Speaker,2,2025-02-06 20:19:00,46.32,10173,Germany,92.64,2025-02,2025-02-06
530506,SKU-012,Phone Stand,2,2024-05-05 17:15:00,12.05,10023,United Kingdom,24.1,2024-05,2024-05-05
530506,SKU-008,Yoga Mat,2,2024-02-05 13:37:00,22.77,10088,France,45.54,2024-02,2024-02-05
530507,SKU-008,Yoga Mat,6,2024-08-06 20:49:00,24.15,10089,Germany,144.9,2024-08,2024-08-06
530507,SKU-004,Reusable Bottle,2,2024-07-12 19:57:00,15.04,10129,France,30.08,2024-07,2024-07-12
530507,SKU-009,Running Socks,6,2024-05-07 20:50:00,6.85,10040,Spain,41.1,2024-05,2024-05-07
530508,SKU-004,Reusable Bottle,1,2024-11-30 10:00:00,14.25,10004,France,14.25,2024-11,2024-11-30
530508,SKU-007,Desk Lamp,1,2024-02-05 08:14:00,29.02,10013,United Kingdom,29.02,2024-02,2024-02-05
530508,SKU-009,Running Socks,2,2025-02-01 13:40:00,7.68,10144,Spain,15.36,2025-02,2025-02-01
530509,SKU-012,Phone Stand,1,2024-12-01 22:00:00,12.78,10125,United Kingdom,12.78,2024-12,2024-12-01
530509,SKU-006,Wireless Charger,1,2024-06-19 08:48:00,25.45,10144,Spain,25.45,2024-06,2024-06-19
530509,SKU-011,Cotton Tote Bag,8,2024-05-19 14:54:00,9.47,10132,Netherlands,75.76,2024-05,2024-05-19
530510,SKU-012,Phone Stand,3,2024-06-01 19:19:00,10.54,10040,Spain,31.62,2024-06,2024-06-01
530510,SKU-002,Organic Green Tea,1,2024-12-22 11:33:00,8.43,10179,Portugal,8.43,2024-12,2024-12-22
530510,SKU-004,Reusable Bottle,2,2025-01-24 14:31:00,16.97,10149,Italy,33.94,2025-01,2025-01-24
530511,SKU-001,Premium Coffee Beans,1,2024-06-25 10:45:00,13.77,10001,United Kingdom,13.77,2024-06,2024-06-25
530511,SKU-005,Notebook A5,1,2024-10-05 09:02:00,5.11,10158,Germany,5.11,2024-10,2024-10-05
530511,SKU-004,Reusable Bottle,6,2024-07-02 22:54:00,15.36,10144,Spain,92.16,2024-07,2024-07-02
530512,SKU-009,Running Socks,2,2024-09-07 14:44:00,6.46,10015,Germany,12.92,2024-09,2024-09-07
530512,SKU-006,Wireless Charger,1,2024-09-12 15:47:00,23.96,10080,Portugal,23.96,2024-09,2024-09-12
530512,SKU-002,Organic Green Tea,2,2024-11-06 17:06:00,8.43,10001,United Kingdom,16.86,2024-11,2024-11-06
530513,SKU-009,Running Socks,2,2025-03-01 10:40:00,6.62,10008,Italy,13.24,2025-03,2025-03-01
530513,SKU-007,Desk Lamp,1,2024-09-27 09:37:00,29.57,10060,Italy,29.57,2024-09,2024-09-27
530513,SKU-010,Bluetooth Speaker,2,2024-09-22 08:27:00,44.85,10068,Portugal,89.7,2024-09,2024-09-22
530514,SKU-011,Cotton Tote Bag,2,2024-01-28 10:15:00,9.1,10073,Netherlands,18.2,2024-01,2024-01-28
530514,SKU-005,Notebook A5,1,2024-11-04 12:54:00,6.1,10154,France,6.1,2024-11,2024-11-04
530514,SKU-006,Wireless Charger,1,2024-09-24 22:51:00,25.66,10049,United Kingdom,25.66,2024-09,2024-09-24
530515,SKU-007,Desk Lamp,2,2024-04-14 19:53:00,33.62,10167,Portugal,67.24,2024-04,2024-04-14
530515,SKU-012,Phone Stand,1,2024-03-19 13:20:00,10.9,10073,Netherlands,10.9,2024-03,2024-03-19
530515,SKU-008,Yoga Mat,1,2024-07-13 12:14:00,23.9,10142,France,23.9,2024-07,2024-07-13
530516,SKU-002,Organic Green Tea,2,2024-07-03 11:08:00,7.9,10150,Netherlands,15.8,2024-07,2024-07-03
530516,SKU-010,Bluetooth Speaker,5,2024-09-28 09:09:00,46.5,10045,Spain,232.5,2024-09,2024-09-28
530516,SKU-002,Organic Green Tea,1,2024-12-10 10:28:00,8.76,10106,Netherlands,8.76,2024-12,2024-12-10
530517,SKU-008,Yoga Mat,1,2024-09-16 13:26:00,27.22,10023,United Kingdom,27.22,2024-09,2024-09-16
530517,SKU-002,Organic Green Tea,4,2024-11-24 16:22:00,8.18,10056,Netherlands,32.72,2024-11,2024-11-24
530517,SKU-004,Reusable Bottle,1,2024-11-11 15:19:00,14.25,10005,Spain,14.25,2024-11,2024-11-11
530518,SKU-008,Yoga Mat,1,2024-11-10 12:54:00,22.28,10068,Portugal,22.28,2024-11,2024-11-10
530518,SKU-002,Organic Green Tea,1,2024-09-17 09:10:00,9.39,10072,France,9.39,2024-09,2024-09-17
530518,SKU-011,Cotton Tote Bag,3,2024-10-31 12:52:00,10.29,10033,Netherlands,30.87,2024-10,2024-10-31
530519,SKU-012,Phone Stand,1,2024-05-11 19:38:00,12.26,10127,France,12.26,2024-05,2024-05-11
530519,SKU-001,Premium Coffee Beans,2,2024-07-24 11:53:00,14.53,10095,France,29.06,2024-07,2024-07-24
530519,SKU-006,Wireless Charger,1,2024-08-25 10:05:00,24.94,10106,Netherlands,24.94,2024-08,2024-08-25
530520,SKU-012,Phone Stand,1,2025-01-20 11:22:00,11.12,10143,Spain,11.12,2025-01,2025-01-20
530520,SKU-007,Desk Lamp,4,2025-01-21 16:03:00,33.75,10073,Netherlands,135.0,2025-01,2025-01-21
530520,SKU-011,Cotton Tote Bag,1,2025-01-05 12:16:00,9.7,10151,Germany,9.7,2025-01,2025-01-05
530521,SKU-003,Ceramic Mug,1,2024-08-16 08:25:00,6.93,10033,Netherlands,6.93,2024-08,2024-08-16
530521,SKU-008,Yoga Mat,1,2024-07-11 16:47:00,25.03,10058,Portugal,25.03,2024-07,2024-07-11
530521,SKU-009,Running Socks,1,2024-11-17 11:06:00,7.75,10080,Portugal,7.75,2024-11,2024-11-17
530522,SKU-008,Yoga Mat,1,2024-11-17 09:51:00,22.51,10135,Spain,22.51,2024-11,2024-11-17
530522,SKU-003,Ceramic Mug,1,2024-12-10 09:00:00,6.92,10024,Netherlands,6.92,2024-12,2024-12-10
530522,SKU-001,Premium Coffee Beans,1,2025-01-02 21:49:00,13.65,10011,Italy,13.65,2025-01,2025-01-02
530523,SKU-004,Reusable Bottle,2,2024-09-13 10:12:00,15.96,10045,Spain,31.92,2024-09,2024-09-13
530523,SKU-007,Desk Lamp,4,2024-07-15 13:43:00,33.82,10043,France,135.28,2024-07,2024-07-15
530523,SKU-011,Cotton Tote Bag,1,2024-07-28 18:05:00,10.26,10003,Italy,10.26,2024-07,2024-07-28
530524,SKU-010,Bluetooth Speaker,3,2024-06-13 17:16:00,48.12,10012,Netherlands,144.36,2024-06,2024-06-13
530524,SKU-002,Organic Green Tea,2,2024-11-16 08:04:00,9.06,10144,Spain,18.12,2024-11,2024-11-16
530524,SKU-004,Reusable Bottle,3,2024-07-10 22:41:00,15.64,10068,Portugal,46.92,2024-07,2024-07-10
530525,SKU-008,Yoga Mat,1,2024-07-13 20:08:00,24.36,10132,Netherlands,24.36,2024-07,2024-07-13
530525,SKU-002,Organic Green Tea,5,2024-09-18 22:54:00,9.06,10148,France,45.3,2024-09,2024-09-18
530525,SKU-006,Wireless Charger,1,2024-06-19 09:02:00,24.67,10161,United Kingdom,24.67,2024-06,2024-06-19
530526,SKU-008,Yoga Mat,3,2024-08-15 08:10:00,22.14,10149,Italy,66.42,2024-08,2024-08-15
530526,SKU-010,Bluetooth Speaker,1,2024-07-09 14:52:00,49.19,10080,Portugal,49.19,2024-07,2024-07-09
530526,SKU-012,Phone Stand,3,2024-08-19 14:31:00,12.06,10012,Netherlands,36.18,2024-08,2024-08-19
530527,SKU-001,Premium Coffee Beans,1,2024-04-15 14:43:00,14.71,10015,Germany,14.71,2024-04,2024-04-15
530527,SKU-007,Desk Lamp,1,2024-06-16 10:22:00,35.7,10144,Spain,35.7,2024-06,2024-06-16
530527,SKU-004,Reusable Bottle,1,2024-09-23 22:11:00,17.04,10064,Germany,17.04,2024-09,2024-09-23
530528,SKU-005,Notebook A5,1,2025-02-16 12:28:00,5.09,10000,Italy,5.09,2025-02,2025-02-16
530528,SKU-003,Ceramic Mug,2,2025-01-03 08:39:00,7.34,10022,Netherlands,14.68,2025-01,2025-01-03
530528,SKU-010,Bluetooth Speaker,2,2024-04-06 17:15:00,51.67,10178,Netherlands,103.34,2024-04,2024-04-06
530529,SKU-011,Cotton Tote Bag,1,2024-09-21 12:31:00,9.66,10072,France,9.66,2024-09,2024-09-21
530529,SKU-007,Desk Lamp,1,2024-08-25 22:35:00,34.94,10015,Germany,34.94,2024-08,2024-08-25
530529,SKU-008,Yoga Mat,10,2024-07-08 08:05:00,23.28,10103,Netherlands,232.8,2024-07,2024-07-08
530530,SKU-005,Notebook A5,1,2024-07-07 14:08:00,5.93,10030,Germany,5.93,2024-07,2024-07-07
530530,SKU-007,Desk Lamp,8,2024-06-19 11:41:00,35.29,10161,United Kingdom,282.32,2024-06,2024-06-19
530530,SKU-009,Running Socks,1,2025-01-07 11:40:00,7.31,10061,Germany,7.31,2025-01,2025-01-07
530531,SKU-009,Running Socks,1,2024-07-08 20:01:00,7.48,10032,Germany,7.48,2024-07,2024-07-08
530531,SKU-007,Desk Lamp,8,2024-03-23 20:45:00,31.15,10082,United Kingdom,249.2,2024-03,2024-03-23
530531,SKU-006,Wireless Charger,1,2024-07-17 15:34:00,24.78,10088,France,24.78,2024-07,2024-07-17
530532,SKU-008,Yoga Mat,5,2024-12-09 13:58:00,26.7,10153,Germany,133.5,2024-12,2024-12-09
530532,SKU-010,Bluetooth Speaker,3,2024-07-13 16:20:00,44.98,10099,Italy,134.94,2024-07,2024-07-13
530532,SKU-007,Desk Lamp,1,2024-07-07 12:11:00,35.92,10058,Portugal,35.92,2024-07,2024-07-07
530533,SKU-001,Premium Coffee Beans,1,2024-09-13 13:38:00,11.79,10057,France,11.79,2024-09,2024-09-13
530533,SKU-004,Reusable Bottle,1,2024-08-28 08:57:00,15.12,10021,Netherlands,15.12,2024-08,2024-08-28
530533,SKU-005,Notebook A5,2,2024-08-18 08:51:00,5.31,10144,Spain,10.62,2024-08,2024-08-18
530534,SKU-008,Yoga Mat,2,2024-03-21 16:22:00,21.68,10058,Portugal,43.36,2024-03,2024-03-21
530534,SKU-010,Bluetooth Speaker,1,2024-05-07 11:10:00,43.15,10143,Spain,43.15,2024-05,2024-05-07
530534,SKU-002,Organic Green Tea,3,2024-11-05 11:42:00,8.67,10166,Spain,26.01,2024-11,2024-11-05
530535,SKU-004,Reusable Bottle,8,2025-03-10 12:34:00,14.31,10095,France,114.48,2025-03,2025-03-10
530535,SKU-012,Phone Stand,1,2024-06-12 08:48:00,12.29,10146,Netherlands,12.29,2024-06,2024-06-12
530535,SKU-004,Reusable Bottle,5,2024-04-15 17:54:00,15.42,10072,France,77.1,2024-04,2024-04-15
530536,SKU-007,Desk Lamp,4,2024-05-19 13:59:00,31.24,10163,United Kingdom,124.96,2024-05,2024-05-19
530536,SKU-003,Ceramic Mug,1,2025-03-12 10:15:00,8.13,10111,Germany,8.13,2025-03,2025-03-12
530536,SKU-010,Bluetooth Speaker,1,2024-04-13 13:51:00,50.73,10032,Germany,50.73,2024-04,2024-04-13
530537,SKU-012,Phone Stand,1,2024-08-24 19:22:00,12.07,10036,Portugal,12.07,2024-08,2024-08-24
530537,SKU-010,Bluetooth Speaker,1,2025-02-11 08:45:00,50.72,10012,Netherlands,50.72,2025-02,2025-02-11
530537,SKU-012,Phone Stand,1,2024-07-21 13:36:00,12.16,10140,Germany,12.16,2024-07,2024-07-21
530538,SKU-010,Bluetooth Speaker,4,2024-10-13 10:36:00,41.31,10051,Germany,165.24,2024-10,2024-10-13
530538,SKU-004,Reusable Bottle,6,2024-04-08 21:51:00,15.5,10161,United Kingdom,93.0,2024-04,2024-04-08
530538,SKU-008,Yoga Mat,1,2024-05-29 16:19:00,25.07,10054,Portugal,25.07,2024-05,2024-05-29
530539,SKU-003,Ceramic Mug,1,2024-04-11 15:02:00,7.6,10172,Germany,7.6,2024-04,2024-04-11
530539,SKU-002,Organic Green Tea,3,2024-08-21 08:14:00,8.06,10063,United Kingdom,24.18,2024-08,2024-08-21
530539,SKU-010,Bluetooth Speaker,2,2024-07-01 11:01:00,49.13,10035,Portugal,98.26,2024-07,2024-07-01
530540,SKU-009,Running Socks,1,2024-08-29 15:00:00,7.84,10039,Portugal,7.84,2024-08,2024-08-29
530540,SKU-006,Wireless Charger,1,2024-07-30 22:39:00,21.47,10166,Spain,21.47,2024-07,2024-07-30
530540,SKU-004,Reusable Bottle,1,2025-01-23 20:08:00,16.99,10093,Spain,16.99,2025-01,2025-01-23
530541,SKU-006,Wireless Charger,1,2025-01-21 19:11:00,25.23,10070,Netherlands,25.23,2025-01,2025-01-21
530541,SKU-006,Wireless Charger,1,2024-08-17 08:01:00,21.93,10000,Italy,21.93,2024-08,2024-08-17
530541,SKU-003,Ceramic Mug,1,2024-10-15 17:45:00,6.95,10038,Portugal,6.95,2024-10,2024-10-15
530542,SKU-003,Ceramic Mug,1,2024-12-08 20:07:00,8.01,10008,Italy,8.01,2024-12,2024-12-08
530542,SKU-009,Running Socks,1,2025-03-23 21:23:00,6.56,10088,France,6.56,2025-03,2025-03-23
530542,SKU-002,Organic Green Tea,1,2024-05-26 13:45:00,8.46,10040,Spain,8.46,2024-05,2024-05-26
530543,SKU-011,Cotton Tote Bag,2,2024-08-14 14:37:00,11.22,10162,Portugal,22.44,2024-08,2024-08-14
530543,SKU-002,Organic Green Tea,1,2024-09-24 13:19:00,8.96,10007,Spain,8.96,2024-09,2024-09-24
530543,SKU-006,Wireless Charger,1,2024-10-17 10:10:00,24.61,10005,Spain,24.61,2024-10,2024-10-17
530544,SKU-012,Phone Stand,1,2024-04-18 14:50:00,11.58,10114,Italy,11.58,2024-04,2024-04-18
530544,SKU-011,Cotton Tote Bag,5,2024-08-31 15:41:00,9.7,10024,Netherlands,48.5,2024-08,2024-08-31
530544,SKU-006,Wireless Charger,1,2024-07-15 10:45:00,25.26,10137,Germany,25.26,2024-07,2024-07-15
530545,SKU-009,Running Socks,2,2024-03-17 19:56:00,7.19,10151,Germany,14.38,2024-03,2024-03-17
530545,SKU-010,Bluetooth Speaker,1,2024-06-18 20:22:00,50.43,10135,Spain,50.43,2024-06,2024-06-18
530545,SKU-004,Reusable Bottle,2,2024-08-31 18:37:00,15.18,10004,France,30.36,2024-08,2024-08-31
530546,SKU-003,Ceramic Mug,3,2024-07-31 14:19:00,7.45,10001,United Kingdom,22.35,2024-07,2024-07-31
530546,SKU-012,Phone Stand,2,2025-03-01 19:18:00,11.88,10124,Portugal,23.76,2025-03,2025-03-01
530546,SKU-003,Ceramic Mug,6,2024-10-15 10:46:00,7.02,10071,Portugal,42.12,2024-10,2024-10-15
530547,SKU-001,Premium Coffee Beans,3,2024-07-31 19:36:00,13.74,10024,Netherlands,41.22,2024-07,2024-07-31
530547,SKU-007,Desk Lamp,1,2024-10-03 21:49:00,28.83,10087,Germany,28.83,2024-10,2024-10-03
530547,SKU-010,Bluetooth Speaker,2,2024-08-21 08:11:00,48.92,10073,Netherlands,97.84,2024-08,2024-08-21
530548,SKU-010,Bluetooth Speaker,2,2024-03-10 13:58:00,42.68,10149,Italy,85.36,2024-03,2024-03-10
530548,SKU-010,Bluetooth Speaker,5,2024-12-22 11:40:00,49.98,10096,Spain,249.9,2024-12,2024-12-22
530548,SKU-010,Bluetooth Speaker,1,2024-08-30 09:59:00,42.27,10054,Portugal,42.27,2024-08,2024-08-30
530549,SKU-008,Yoga Mat,5,2024-06-22 10:21:00,23.04,10004,France,115.2,2024-06,2024-06-22
530549,SKU-012,Phone Stand,5,2024-09-27 09:15:00,12.27,10014,Netherlands,61.35,2024-09,2024-09-27
530549,SKU-006,Wireless Charger,1,2024-10-09 13:10:00,20.83,10162,Portugal,20.83,2024-10,2024-10-09
530550,SKU-011,Cotton Tote Bag,3,2024-11-25 22:05:00,9.78,10034,France,29.34,2024-11,2024-11-25
530550,SKU-012,Phone Stand,2,2024-01-06 18:40:00,11.04,10068,Portugal,22.08,2024-01,2024-01-06
530550,SKU-012,Phone Stand,1,2024-12-10 22:21:00,11.15,10039,Portugal,11.15,2024-12,2024-12-10
530551,SKU-008,Yoga Mat,1,2025-01-05 08:16:00,23.05,10035,Portugal,23.05,2025-01,2025-01-05
530551,SKU-004,Reusable Bottle,1,2024-11-18 11:44:00,15.57,10012,Netherlands,15.57,2024-11,2024-11-18
530551,SKU-002,Organic Green Tea,6,2024-12-05 13:16:00,8.93,10148,France,53.58,2024-12,2024-12-05
530552,SKU-002,Organic Green Tea,1,2025-03-31 19:00:00,8.46,10090,Italy,8.46,2025-03,2025-03-31
530552,SKU-001,Premium Coffee Beans,2,2024-07-07 14:28:00,13.5,10029,Netherlands,27.0,2024-07,2024-07-07
530552,SKU-012,Phone Stand,1,2024-12-22 14:10:00,11.11,10106,Netherlands,11.11,2024-12,2024-12-22
530553,SKU-007,Desk Lamp,2,2024-10-21 15:56:00,34.52,10080,Portugal,69.04,2024-10,2024-10-21
530553,SKU-007,Desk Lamp,2,2024-05-17 13:34:00,35.69,10071,Portugal,71.38,2024-05,2024-05-17
530553,SKU-007,Desk Lamp,2,2024-02-20 09:53:00,29.97,10069,Italy,59.94,2024-02,2024-02-20
530554,SKU-008,Yoga Mat,4,2024-09-13 20:55:00,27.18,10089,Germany,108.72,2024-09,2024-09-13
530554,SKU-010,Bluetooth Speaker,1,2024-05-02 18:48:00,49.53,10088,France,49.53,2024-05,2024-05-02
530554,SKU-011,Cotton Tote Bag,4,2025-01-29 11:10:00,11.24,10044,France,44.96,2025-01,2025-01-29
530555,SKU-008,Yoga Mat,2,2024-11-29 09:51:00,22.39,10095,France,44.78,2024-11,2024-11-29
530555,SKU-001,Premium Coffee Beans,1,2024-09-06 12:01:00,12.11,10107,Italy,12.11,2024-09,2024-09-06
530555,SKU-006,Wireless Charger,1,2024-08-20 12:06:00,24.18,10034,France,24.18,2024-08,2024-08-20
530556,SKU-002,Organic Green Tea,1,2024-05-31 13:10:00,8.87,10012,Netherlands,8.87,2024-05,2024-05-31
530556,SKU-007,Desk Lamp,2,2024-11-15 10:46:00,30.99,10114,Italy,61.98,2024-11,2024-11-15
530556,SKU-002,Organic Green Tea,1,2024-09-03 16:57:00,9.03,10136,Italy,9.03,2024-09,2024-09-03
530557,SKU-002,Organic Green Tea,2,2024-10-08 13:38:00,8.31,10004,France,16.62,2024-10,2024-10-08
530557,SKU-010,Bluetooth Speaker,1,2025-02-06 22:30:00,48.25,10015,Germany,48.25,2025-02,2025-02-06
530557,SKU-012,Phone Stand,1,2024-10-01 08:27:00,12.75,10024,Netherlands,12.75,2024-10,2024-10-01
530558,SKU-011,Cotton Tote Bag,1,2025-01-17 10:38:00,8.93,10006,Spain,8.93,2025-01,2025-01-17
530558,SKU-007,Desk Lamp,6,2024-10-07 10:03:00,30.41,10038,Portugal,182.46,2024-10,2024-10-07
530558,SKU-002,Organic Green Tea,1,2024-06-23 13:13:00,9.52,10012,Netherlands,9.52,2024-06,2024-06-23
530559,SKU-004,Reusable Bottle,2,2025-02-02 14:44:00,15.03,10073,Netherlands,30.06,2025-02,2025-02-02
530559,SKU-009,Running Socks,1,2025-01-27 19:59:00,7.6,10035,Portugal,7.6,2025-01,2025-01-27
530559,SKU-012,Phone Stand,2,2024-09-25 16:16:00,12.96,10012,Netherlands,25.92,2024-09,2024-09-25
530560,SKU-011,Cotton Tote Bag,2,2025-01-12 12:19:00,9.92,10023,United Kingdom,19.84,2025-01,2025-01-12
530560,SKU-004,Reusable Bottle,1,2024-07-05 09:03:00,14.72,10088,France,14.72,2024-07,2024-07-05
530560,SKU-007,Desk Lamp,1,2024-08-28 17:35:00,33.64,10168,Italy,33.64,2024-08,2024-08-28
530561,SKU-008,Yoga Mat,1,2024-11-15 10:03:00,26.8,10032,Germany,26.8,2024-11,2024-11-15
530561,SKU-006,Wireless Charger,2,2024-05-05 08:27:00,26.02,10112,France,52.04,2024-05,2024-05-05
530561,SKU-002,Organic Green Tea,2,2024-06-30 12:52:00,9.63,10025,Spain,19.26,2024-06,2024-06-30
530562,SKU-011,Cotton Tote Bag,2,2024-06-14 18:38:00,10.01,10129,France,20.02,2024-06,2024-06-14
530562,SKU-008,Yoga Mat,2,2024-04-23 11:06:00,27.37,10111,Germany,54.74,2024-04,2024-04-23
530562,SKU-001,Premium Coffee Beans,1,2024-12-17 11:10:00,13.28,10158,Germany,13.28,2024-12,2024-12-17
530563,SKU-011,Cotton Tote Bag,1,2024-09-28 12:05:00,10.72,10083,Portugal,10.72,2024-09,2024-09-28
530563,SKU-008,Yoga Mat,2,2024-11-02 21:07:00,25.87,10073,Netherlands,51.74,2024-11,2024-11-02
530563,SKU-005,Notebook A5,3,2024-08-27 20:25:00,5.21,10008,Italy,15.63,2024-08,2024-08-27
530564,SKU-008,Yoga Mat,1,2025-01-16 15:57:00,23.87,10044,France,23.87,2025-01,2025-01-16
530564,SKU-011,Cotton Tote Bag,1,2024-08-31 12:05:00,11.36,10132,Netherlands,11.36,2024-08,2024-08-31
530564,SKU-011,Cotton Tote Bag,1,2024-09-07 16:24:00,9.49,10137,Germany,9.49,2024-09,2024-09-07
530565,SKU-003,Ceramic Mug,3,2024-11-26 13:56:00,6.89,10073,Netherlands,20.67,2024-11,2024-11-26
530565,SKU-007,Desk Lamp,2,2024-08-05 13:11:00,32.3,10165,Italy,64.6,2024-08,2024-08-05
530565,SKU-008,Yoga Mat,2,2024-09-03 08:16:00,24.63,10107,Italy,49.26,2024-09,2024-09-03
530566,SKU-008,Yoga Mat,3,2024-09-17 15:16:00,22.39,10033,Netherlands,67.17,2024-09,2024-09-17
530566,SKU-004,Reusable Bottle,5,2025-02-22 21:17:00,14.88,10137,Germany,74.4,2025-02,2025-02-22
530566,SKU-010,Bluetooth Speaker,1,2024-04-28 08:09:00,51.01,10026,Italy,51.01,2024-04,2024-04-28
530567,SKU-012,Phone Stand,1,2024-08-13 18:06:00,11.45,10034,France,11.45,2024-08,2024-08-13
530567,SKU-002,Organic Green Tea,1,2024-05-26 18:22:00,8.22,10143,Spain,8.22,2024-05,2024-05-26
530567,SKU-009,Running Socks,1,2024-10-06 14:48:00,7.19,10093,Spain,7.19,2024-10,2024-10-06
530568,SKU-010,Bluetooth Speaker,5,2025-01-30 11:35:00,51.14,10129,France,255.7,2025-01,2025-01-30
530568,SKU-001,Premium Coffee Beans,1,2024-07-13 21:24:00,14.5,10044,France,14.5,2024-07,2024-07-13
530568,SKU-009,Running Socks,3,2024-04-27 14:34:00,7.84,10174,Netherlands,23.52,2024-04,2024-04-27
530569,SKU-011,Cotton Tote Bag,1,2024-08-23 21:59:00,9.02,10074,Spain,9.02,2024-08,2024-08-23
530569,SKU-008,Yoga Mat,1,2024-08-31 17:56:00,25.28,10098,France,25.28,2024-08,2024-08-31
530569,SKU-004,Reusable Bottle,2,2024-08-20 15:19:00,16.57,10152,Netherlands,33.14,2024-08,2024-08-20
530570,SKU-002,Organic Green Tea,1,2024-09-15 14:57:00,8.25,10161,United Kingdom,8.25,2024-09,2024-09-15
530570,SKU-012,Phone Stand,2,2025-01-04 08:32:00,10.82,10007,Spain,21.64,2025-01,2025-01-04
530570,SKU-010,Bluetooth Speaker,3,2025-01-31 22:33:00,43.48,10146,Netherlands,130.44,2025-01,2025-01-31
530571,SKU-010,Bluetooth Speaker,1,2024-09-20 18:39:00,41.07,10161,United Kingdom,41.07,2024-09,2024-09-20
530571,SKU-003,Ceramic Mug,2,2024-08-23 09:48:00,6.94,10006,Spain,13.88,2024-08,2024-08-23
530571,SKU-008,Yoga Mat,2,2024-01-08 10:10:00,26.44,10035,Portugal,52.88,2024-01,2024-01-08
530572,SKU-004,Reusable Bottle,1,2024-08-07 20:12:00,15.32,10013,United Kingdom,15.32,2024-08,2024-08-07
530572,SKU-003,Ceramic Mug,1,2025-03-08 08:27:00,7.63,10068,Portugal,7.63,2025-03,2025-03-08
530572,SKU-002,Organic Green Tea,1,2025-01-10 18:27:00,8.29,10004,France,8.29,2025-01,2025-01-10
530573,SKU-004,Reusable Bottle,2,2024-10-05 21:40:00,15.64,10017,United Kingdom,31.28,2024-10,2024-10-05
530573,SKU-003,Ceramic Mug,1,2024-10-09 21:38:00,6.85,10008,Italy,6.85,2024-10,2024-10-09
530573,SKU-005,Notebook A5,2,2024-07-07 13:58:00,6.14,10092,France,12.28,2024-07,2024-07-07
530574,SKU-012,Phone Stand,2,2024-04-08 22:51:00,10.66,10149,Italy,21.32,2024-04,2024-04-08
530574,SKU-002,Organic Green Tea,1,2025-03-23 09:24:00,7.99,10090,Italy,7.99,2025-03,2025-03-23
530574,SKU-009,Running Socks,1,2024-10-14 14:35:00,6.43,10089,Germany,6.43,2024-10,2024-10-14
530575,SKU-006,Wireless Charger,1,2025-01-16 21:17:00,20.84,10078,Italy,20.84,2025-01,2025-01-16
530575,SKU-009,Running Socks,3,2024-07-11 15:58:00,7.57,10162,Portugal,22.71,2024-07,2024-07-11
530575,SKU-001,Premium Coffee Beans,6,2024-09-13 20:44:00,12.59,10004,France,75.54,2024-09,2024-09-13
530576,SKU-010,Bluetooth Speaker,1,2025-04-08 17:33:00,40.94,10068,Portugal,40.94,2025-04,2025-04-08
530576,SKU-007,Desk Lamp,1,2025-02-24 09:26:00,30.29,10121,Portugal,30.29,2025-02,2025-02-24
530576,SKU-003,Ceramic Mug,1,2024-11-03 10:36:00,6.6,10096,Spain,6.6,2024-11,2024-11-03
530577,SKU-010,Bluetooth Speaker,1,2024-11-15 17:48:00,42.63,10036,Portugal,42.63,2024-11,2024-11-15
530577,SKU-002,Organic Green Tea,1,2025-01-03 22:06:00,9.65,10103,Netherlands,9.65,2025-01,2025-01-03
530577,SKU-010,Bluetooth Speaker,1,2024-06-20 20:06:00,41.06,10095,France,41.06,2024-06,2024-06-20
530578,SKU-005,Notebook A5,2,2024-09-15 21:34:00,6.13,10048,France,12.26,2024-09,2024-09-15
530578,SKU-006,Wireless Charger,2,2024-09-04 22:26:00,23.54,10071,Portugal,47.08,2024-09,2024-09-04
530578,SKU-005,Notebook A5,1,2024-08-30 14:41:00,5.81,10048,France,5.81,2024-08,2024-08-30
530579,SKU-008,Yoga Mat,1,2024-03-13 17:38:00,24.58,10167,Portugal,24.58,2024-03,2024-03-13
530579,SKU-008,Yoga Mat,1,2024-11-22 08:11:00,27.51,10098,France,27.51,2024-11,2024-11-22
530579,SKU-005,Notebook A5,1,2025-01-10 14:09:00,5.81,10168,Italy,5.81,2025-01,2025-01-10
530580,SKU-010,Bluetooth Speaker,2,2024-12-28 17:43:00,45.9,10082,United Kingdom,91.8,2024-12,2024-12-28
530580,SKU-012,Phone Stand,1,2024-09-27 14:02:00,10.89,10068,Portugal,10.89,2024-09,2024-09-27
530580,SKU-007,Desk Lamp,2,2024-10-12 22:56:00,29.13,10161,United Kingdom,58.26,2024-10,2024-10-12
530581,SKU-006,Wireless Charger,1,2024-04-09 19:15:00,23.63,10107,Italy,23.63,2024-04,2024-04-09
530581,SKU-001,Premium Coffee Beans,2,2024-04-15 19:30:00,13.0,10072,France,26.0,2024-04,2024-04-15
530581,SKU-005,Notebook A5,8,2024-09-22 22:23:00,5.79,10033,Netherlands,46.32,2024-09,2024-09-22
530582,SKU-001,Premium Coffee Beans,1,2025-03-21 13:52:00,12.53,10061,Germany,12.53,2025-03,2025-03-21
530582,SKU-005,Notebook A5,2,2024-02-25 12:17:00,5.95,10075,Italy,11.9,2024-02,2024-02-25
530582,SKU-008,Yoga Mat,1,2024-03-28 21:44:00,22.57,10096,Spain,22.57,2024-03,2024-03-28
530583,SKU-011,Cotton Tote Bag,2,2024-06-25 09:55:00,9.07,10160,Portugal,18.14,2024-06,2024-06-25
530583,SKU-004,Reusable Bottle,2,2024-08-12 10:19:00,14.86,10126,Portugal,29.72,2024-08,2024-08-12
530583,SKU-012,Phone Stand,2,2025-03-15 15:49:00,10.86,10040,Spain,21.72,2025-03,2025-03-15
530584,SKU-006,Wireless Charger,1,2024-08-24 12:46:00,22.06,10106,Netherlands,22.06,2024-08,2024-08-24
530584,SKU-007,Desk Lamp,1,2024-09-18 17:41:00,30.75,10149,Italy,30.75,2024-09,2024-09-18
530584,SKU-002,Organic Green Tea,1,2024-11-06 11:28:00,8.07,10034,France,8.07,2024-11,2024-11-06
530585,SKU-004,Reusable Bottle,1,2024-08-15 22:52:00,15.26,10126,Portugal,15.26,2024-08,2024-08-15
530585,SKU-007,Desk Lamp,1,2024-07-15 19:31:00,33.58,10068,Portugal,33.58,2024-07,2024-07-15
530585,SKU-009,Running Socks,1,2024-08-27 21:23:00,6.54,10123,Spain,6.54,2024-08,2024-08-27
530586,SKU-001,Premium Coffee Beans,1,2025-01-21 16:50:00,12.29,10040,Spain,12.29,2025-01,2025-01-21
530586,SKU-003,Ceramic Mug,1,2024-05-06 09:19:00,7.63,10041,Italy,7.63,2024-05,2024-05-06
530586,SKU-012,Phone Stand,1,2024-10-16 16:25:00,11.33,10012,Netherlands,11.33,2024-10,2024-10-16
530587,SKU-003,Ceramic Mug,2,2024-06-27 20:54:00,7.65,10128,Germany,15.3,2024-06,2024-06-27
530587,SKU-009,Running Socks,2,2024-08-21 22:36:00,6.67,10022,Netherlands,13.34,2024-08,2024-08-21
530587,SKU-001,Premium Coffee Beans,4,2025-05-03 10:12:00,13.57,10107,Italy,54.28,2025-05,2025-05-03
530588,SKU-004,Reusable Bottle,1,2024-06-28 21:03:00,15.3,10072,France,15.3,2024-06,2024-06-28
530588,SKU-004,Reusable Bottle,5,2024-08-02 08:29:00,14.9,10068,Portugal,74.5,2024-08,2024-08-02
530588,SKU-001,Premium Coffee Beans,3,2024-10-18 22:23:00,13.59,10070,Netherlands,40.77,2024-10,2024-10-18
530589,SKU-012,Phone Stand,3,2024-03-10 11:17:00,12.85,10062,Netherlands,38.55,2024-03,2024-03-10
530589,SKU-006,Wireless Charger,1,2024-09-06 21:29:00,24.43,10095,France,24.43,2024-09,2024-09-06
530589,SKU-009,Running Socks,4,2024-08-24 14:40:00,6.8,10002,United Kingdom,27.2,2024-08,2024-08-24
530590,SKU-002,Organic Green Tea,1,2024-09-06 18:01:00,8.51,10027,Italy,8.51,2024-09,2024-09-06
530590,SKU-004,Reusable Bottle,1,2025-03-06 13:31:00,15.75,10124,Portugal,15.75,2025-03,2025-03-06
530590,SKU-010,Bluetooth Speaker,1,2024-08-10 15:11:00,44.29,10144,Spain,44.29,2024-08,2024-08-10
530591,SKU-008,Yoga Mat,4,2024-04-08 17:35:00,22.04,10102,United Kingdom,88.16,2024-04,2024-04-08
530591,SKU-006,Wireless Charger,1,2024-10-23 13:10:00,23.72,10150,Netherlands,23.72,2024-10,2024-10-23
530591,SKU-005,Notebook A5,1,2024-05-07 19:53:00,5.61,10149,Italy,5.61,2024-05,2024-05-07
530592,SKU-012,Phone Stand,1,2024-07-21 09:18:00,12.09,10168,Italy,12.09,2024-07,2024-07-21
530592,SKU-001,Premium Coffee Beans,3,2025-04-21 14:03:00,11.68,10165,Italy,35.04,2025-04,2025-04-21
530592,SKU-003,Ceramic Mug,2,2024-12-16 21:36:00,6.99,10022,Netherlands,13.98,2024-12,2024-12-16
530593,SKU-004,Reusable Bottle,3,2024-03-24 21:14:00,14.89,10044,France,44.67,2024-03,2024-03-24
530593,SKU-011,Cotton Tote Bag,2,2024-11-11 11:43:00,9.79,10093,Spain,19.58,2024-11,2024-11-11
530593,SKU-004,Reusable Bottle,2,2024-09-19 12:41:00,15.9,10110,Germany,31.8,2024-09,2024-09-19
530594,SKU-007,Desk Lamp,1,2024-05-02 16:01:00,30.12,10046,Spain,30.12,2024-05,2024-05-02
530594,SKU-011,Cotton Tote Bag,3,2024-11-02 08:30:00,10.86,10092,France,32.58,2024-11,2024-11-02
530594,SKU-003,Ceramic Mug,1,2024-08-09 18:11:00,6.83,10067,France,6.83,2024-08,2024-08-09
530595,SKU-010,Bluetooth Speaker,2,2025-04-08 20:00:00,42.38,10011,Italy,84.76,2025-04,2025-04-08
530595,SKU-004,Reusable Bottle,2,2024-06-26 12:38:00,16.61,10007,Spain,33.22,2024-06,2024-06-26
530595,SKU-005,Notebook A5,5,2024-08-14 19:45:00,5.75,10128,Germany,28.75,2024-08,2024-08-14
530596,SKU-011,Cotton Tote Bag,2,2024-08-25 12:27:00,9.38,10086,United Kingdom,18.76,2024-08,2024-08-25
530596,SKU-007,Desk Lamp,2,2024-12-12 21:22:00,34.14,10093,Spain,68.28,2024-12,2024-12-12
530596,SKU-008,Yoga Mat,1,2024-11-09 12:13:00,24.6,10123,Spain,24.6,2024-11,2024-11-09
530597,SKU-008,Yoga Mat,5,2024-03-24 12:43:00,26.52,10159,United Kingdom,132.6,2024-03,2024-03-24
530597,SKU-009,Running Socks,1,2024-09-17 21:39:00,6.47,10005,Spain,6.47,2024-09,2024-09-17
530597,SKU-007,Desk Lamp,1,2024-05-25 17:06:00,32.92,10132,Netherlands,32.92,2024-05,2024-05-25
530598,SKU-001,Premium Coffee Beans,5,2024-11-04 16:42:00,13.78,10129,France,68.9,2024-11,2024-11-04
530598,SKU-006,Wireless Charger,1,2024-05-02 16:41:00,23.67,10071,Portugal,23.67,2024-05,2024-05-02
530598,SKU-010,Bluetooth Speaker,1,2024-11-12 17:18:00,46.37,10124,Portugal,46.37,2024-11,2024-11-12
530599,SKU-005,Notebook A5,1,2024-12-24 18:06:00,5.84,10012,Netherlands,5.84,2024-12,2024-12-24
530599,SKU-008,Yoga Mat,1,2025-04-10 09:21:00,22.86,10160,Portugal,22.86,2025-04,2025-04-10
530599,SKU-005,Notebook A5,10,2024-07-06 18:20:00,5.76,10002,United Kingdom,57.6,2024-07,2024-07-06
530600,SKU-005,Notebook A5,2,2025-01-25 12:41:00,5.29,10033,Netherlands,10.58,2025-01,2025-01-25
530600,SKU-012,Phone Stand,1,2024-10-10 22:41:00,11.32,10123,Spain,11.32,2024-10,2024-10-10
530600,SKU-005,Notebook A5,1,2024-05-29 11:09:00,6.08,10040,Spain,6.08,2024-05,2024-05-29
530601,SKU-009,Running Socks,1,2024-08-24 20:15:00,6.76,10071,Portugal,6.76,2024-08,2024-08-24
530601,SKU-001,Premium Coffee Beans,6,2024-08-21 20:54:00,14.39,10132,Netherlands,86.34,2024-08,2024-08-21
530601,SKU-010,Bluetooth Speaker,1,2024-10-30 14:42:00,46.28,10101,Italy,46.28,2024-10,2024-10-30
530602,SKU-006,Wireless Charger,4,2024-08-22 18:08:00,25.77,10120,Portugal,103.08,2024-08,2024-08-22
530602,SKU-012,Phone Stand,1,2024-10-04 08:41:00,11.29,10134,France,11.29,2024-10,2024-10-04
530602,SKU-008,Yoga Mat,2,2024-03-15 12:16:00,23.56,10178,Netherlands,47.12,2024-03,2024-03-15
530603,SKU-007,Desk Lamp,1,2024-02-24 14:24:00,31.89,10112,France,31.89,2024-02,2024-02-24
530603,SKU-012,Phone Stand,1,2024-06-30 08:37:00,10.82,10062,Netherlands,10.82,2024-06,2024-06-30
530603,SKU-012,Phone Stand,1,2024-06-07 17:52:00,11.27,10126,Portugal,11.27,2024-06,2024-06-07
530604,SKU-004,Reusable Bottle,1,2024-05-15 13:46:00,13.77,10106,Netherlands,13.77,2024-05,2024-05-15
530604,SKU-012,Phone Stand,2,2024-11-20 11:43:00,12.41,10146,Netherlands,24.82,2024-11,2024-11-20
530604,SKU-009,Running Socks,1,2024-10-15 18:50:00,6.28,10123,Spain,6.28,2024-10,2024-10-15
530605,SKU-008,Yoga Mat,2,2024-09-07 22:42:00,23.75,10112,France,47.5,2024-09,2024-09-07
530605,SKU-006,Wireless Charger,2,2024-10-31 16:19:00,25.6,10051,Germany,51.2,2024-10,2024-10-31
530605,SKU-003,Ceramic Mug,2,2024-09-22 21:42:00,8.07,10064,Germany,16.14,2024-09,2024-09-22
530606,SKU-009,Running Socks,1,2024-09-27 10:18:00,7.5,10095,France,7.5,2024-09,2024-09-27
530606,SKU-002,Organic Green Tea,1,2024-03-22 15:08:00,9.64,10173,Germany,9.64,2024-03,2024-03-22
530606,SKU-012,Phone Stand,2,2024-09-02 12:46:00,10.62,10095,France,21.24,2024-09,2024-09-02
530607,SKU-009,Running Socks,2,2024-07-16 20:58:00,6.74,10137,Germany,13.48,2024-07,2024-07-16
530607,SKU-003,Ceramic Mug,1,2025-01-13 18:57:00,6.94,10149,Italy,6.94,2025-01,2025-01-13
530607,SKU-006,Wireless Charger,5,2024-10-26 18:05:00,22.98,10106,Netherlands,114.9,2024-10,2024-10-26
530608,SKU-004,Reusable Bottle,1,2024-07-05 13:14:00,17.24,10126,Portugal,17.24,2024-07,2024-07-05
530608,SKU-012,Phone Stand,2,2024-07-29 21:19:00,10.49,10134,France,20.98,2024-07,2024-07-29
530608,SKU-007,Desk Lamp,2,2024-11-23 20:56:00,32.58,10004,France,65.16,2024-11,2024-11-23
530609,SKU-006,Wireless Charger,1,2024-08-02 13:16:00,21.97,10149,Italy,21.97,2024-08,2024-08-02
530609,SKU-010,Bluetooth Speaker,1,2025-02-28 12:29:00,43.01,10080,Portugal,43.01,2025-02,2025-02-28
530609,SKU-002,Organic Green Tea,1,2025-04-02 15:03:00,8.83,10165,Italy,8.83,2025-04,2025-04-02
530610,SKU-011,Cotton Tote Bag,1,2024-11-18 17:37:00,11.15,10165,Italy,11.15,2024-11,2024-11-18
530610,SKU-010,Bluetooth Speaker,1,2024-08-18 09:30:00,51.0,10027,Italy,51.0,2024-08,2024-08-18
530610,SKU-004,Reusable Bottle,2,2024-05-12 16:07:00,13.5,10098,France,27.0,2024-05,2024-05-12
530611,SKU-011,Cotton Tote Bag,1,2024-10-13 14:33:00,11.17,10145,Italy,11.17,2024-10,2024-10-13
530611,SKU-005,Notebook A5,2,2024-04-09 14:03:00,5.68,10039,Portugal,11.36,2024-04,2024-04-09
530611,SKU-003,Ceramic Mug,2,2024-07-13 10:12:00,7.31,10032,Germany,14.62,2024-07,2024-07-13
530612,SKU-006,Wireless Charger,1,2024-11-16 14:36:00,22.34,10107,Italy,22.34,2024-11,2024-11-16
530612,SKU-008,Yoga Mat,1,2024-10-29 10:20:00,22.37,10123,Spain,22.37,2024-10,2024-10-29
530612,SKU-012,Phone Stand,1,2024-11-18 10:49:00,11.1,10076,United Kingdom,11.1,2024-11,2024-11-18
530613,SKU-002,Organic Green Tea,4,2024-06-05 15:21:00,8.95,10154,France,35.8,2024-06,2024-06-05
530613,SKU-011,Cotton Tote Bag,1,2024-11-06 10:20:00,10.54,10015,Germany,10.54,2024-11,2024-11-06
530613,SKU-011,Cotton Tote Bag,1,2024-08-05 08:00:00,9.16,10112,France,9.16,2024-08,2024-08-05
530614,SKU-008,Yoga Mat,1,2024-11-05 12:13:00,23.09,10129,France,23.09,2024-11,2024-11-05
530614,SKU-003,Ceramic Mug,1,2024-02-26 17:48:00,7.09,10060,Italy,7.09,2024-02,2024-02-26
530614,SKU-003,Ceramic Mug,4,2024-09-11 15:50:00,7.3,10144,Spain,29.2,2024-09,2024-09-11
530615,SKU-002,Organic Green Tea,4,2024-02-10 10:39:00,9.66,10004,France,38.64,2024-02,2024-02-10
530615,SKU-007,Desk Lamp,1,2025-02-06 18:27:00,28.54,10089,Germany,28.54,2025-02,2025-02-06
530615,SKU-007,Desk Lamp,2,2024-06-14 14:30:00,31.73,10105,Spain,63.46,2024-06,2024-06-14
530616,SKU-007,Desk Lamp,2,2024-01-10 08:02:00,35.73,10120,Portugal,71.46,2024-01,2024-01-10
530616,SKU-009,Running Socks,1,2024-06-30 11:46:00,6.28,10032,Germany,6.28,2024-06,2024-06-30
530616,SKU-006,Wireless Charger,8,2024-07-17 08:57:00,21.27,10023,United Kingdom,170.16,2024-07,2024-07-17
530617,SKU-006,Wireless Charger,2,2024-12-31 20:53:00,22.08,10020,Spain,44.16,2024-12,2024-12-31
530617,SKU-009,Running Socks,1,2024-03-25 11:01:00,6.39,10004,France,6.39,2024-03,2024-03-25
530617,SKU-011,Cotton Tote Bag,1,2024-09-11 08:40:00,9.54,10078,Italy,9.54,2024-09,2024-09-11
530618,SKU-012,Phone Stand,4,2024-09-24 11:14:00,11.37,10167,Portugal,45.48,2024-09,2024-09-24
530618,SKU-012,Phone Stand,1,2024-11-11 22:22:00,11.65,10069,Italy,11.65,2024-11,2024-11-11
530618,SKU-005,Notebook A5,5,2024-07-23 10:06:00,5.62,10151,Germany,28.1,2024-07,2024-07-23
530619,SKU-007,Desk Lamp,1,2024-08-15 16:37:00,29.97,10017,United Kingdom,29.97,2024-08,2024-08-15
530619,SKU-005,Notebook A5,1,2024-08-26 10:04:00,5.68,10153,Germany,5.68,2024-08,2024-08-26
530619,SKU-001,Premium Coffee Beans,1,2025-01-07 12:18:00,13.44,10126,Portugal,13.44,2025-01,2025-01-07
530620,SKU-008,Yoga Mat,1,2024-08-29 19:33:00,26.52,10080,Portugal,26.52,2024-08,2024-08-29
530620,SKU-010,Bluetooth Speaker,3,2024-09-05 16:21:00,41.83,10110,Germany,125.49,2024-09,2024-09-05
530620,SKU-007,Desk Lamp,1,2024-11-01 22:43:00,34.57,10002,United Kingdom,34.57,2024-11,2024-11-01
530621,SKU-003,Ceramic Mug,1,2024-08-17 13:57:00,7.22,10054,Portugal,7.22,2024-08,2024-08-17
530621,SKU-008,Yoga Mat,1,2024-06-05 13:48:00,21.93,10042,Germany,21.93,2024-06,2024-06-05
530621,SKU-004,Reusable Bottle,1,2024-10-11 10:58:00,14.69,10038,Portugal,14.69,2024-10,2024-10-11
530622,SKU-007,Desk Lamp,1,2024-07-26 08:14:00,31.17,10174,Netherlands,31.17,2024-07,2024-07-26
530622,SKU-004,Reusable Bottle,3,2024-03-04 19:08:00,17.03,10001,United Kingdom,51.09,2024-03,2024-03-04
530622,SKU-004,Reusable Bottle,2,2024-09-18 19:01:00,15.95,10159,United Kingdom,31.9,2024-09,2024-09-18
530623,SKU-010,Bluetooth Speaker,2,2024-03-15 16:10:00,41.11,10070,Netherlands,82.22,2024-03,2024-03-15
530623,SKU-002,Organic Green Tea,2,2025-01-16 13:45:00,7.87,10083,Portugal,15.74,2025-01,2025-01-16
530623,SKU-011,Cotton Tote Bag,1,2024-08-09 20:02:00,9.69,10148,France,9.69,2024-08,2024-08-09
530624,SKU-007,Desk Lamp,1,2024-09-07 22:40:00,34.66,10071,Portugal,34.66,2024-09,2024-09-07
530624,SKU-005,Notebook A5,1,2024-12-28 20:34:00,5.81,10080,Portugal,5.81,2024-12,2024-12-28
530624,SKU-010,Bluetooth Speaker,1,2025-01-15 08:38:00,46.99,10089,Germany,46.99,2025-01,2025-01-15
530625,SKU-001,Premium Coffee Beans,1,2024-12-09 18:06:00,11.75,10040,Spain,11.75,2024-12,2024-12-09
530625,SKU-011,Cotton Tote Bag,1,2024-12-06 21:01:00,9.89,10178,Netherlands,9.89,2024-12,2024-12-06
530625,SKU-001,Premium Coffee Beans,4,2024-08-15 19:07:00,13.34,10090,Italy,53.36,2024-08,2024-08-15
530626,SKU-007,Desk Lamp,1,2024-06-23 15:24:00,33.71,10007,Spain,33.71,2024-06,2024-06-23
530626,SKU-002,Organic Green Tea,1,2024-08-14 16:16:00,9.03,10023,United Kingdom,9.03,2024-08,2024-08-14
530626,SKU-008,Yoga Mat,1,2024-04-09 19:09:00,27.24,10128,Germany,27.24,2024-04,2024-04-09
530627,SKU-004,Reusable Bottle,3,2025-01-04 19:43:00,16.4,10047,Portugal,49.2,2025-01,2025-01-04
530627,SKU-011,Cotton Tote Bag,3,2024-11-26 08:19:00,10.39,10032,Germany,31.17,2024-11,2024-11-26
530627,SKU-007,Desk Lamp,1,2024-05-03 18:06:00,32.36,10063,United Kingdom,32.36,2024-05,2024-05-03
530628,SKU-011,Cotton Tote Bag,1,2024-08-31 16:17:00,9.81,10106,Netherlands,9.81,2024-08,2024-08-31
530628,SKU-010,Bluetooth Speaker,4,2024-05-23 17:44:00,44.79,10116,Spain,179.16,2024-05,2024-05-23
530628,SKU-003,Ceramic Mug,2,2024-11-11 14:53:00,8.16,10028,Italy,16.32,2024-11,2024-11-11
530629,SKU-002,Organic Green Tea,6,2024-03-29 16:46:00,8.93,10051,Germany,53.58,2024-03,2024-03-29
530629,SKU-010,Bluetooth Speaker,4,2024-09-14 09:18:00,48.03,10008,Italy,192.12,2024-09,2024-09-14
530629,SKU-002,Organic Green Tea,1,2024-03-10 20:06:00,9.52,10149,Italy,9.52,2024-03,2024-03-10
530630,SKU-008,Yoga Mat,1,2024-08-29 11:38:00,25.19,10057,France,25.19,2024-08,2024-08-29
530630,SKU-004,Reusable Bottle,1,2024-03-05 20:16:00,15.08,10004,France,15.08,2024-03,2024-03-05
530630,SKU-009,Running Socks,8,2024-10-13 11:22:00,6.49,10160,Portugal,51.92,2024-10,2024-10-13
530631,SKU-012,Phone Stand,1,2024-05-18 14:18:00,13.0,10161,United Kingdom,13.0,2024-05,2024-05-18
530631,SKU-003,Ceramic Mug,2,2024-11-05 08:35:00,6.84,10135,Spain,13.68,2024-11,2024-11-05
530631,SKU-008,Yoga Mat,2,2024-06-14 22:13:00,24.23,10040,Spain,48.46,2024-06,2024-06-14
530632,SKU-012,Phone Stand,3,2024-08-26 22:30:00,12.63,10140,Germany,37.89,2024-08,2024-08-26
530632,SKU-006,Wireless Charger,2,2024-06-17 11:00:00,22.18,10149,Italy,44.36,2024-06,2024-06-17
530632,SKU-001,Premium Coffee Beans,1,2024-07-03 18:05:00,12.29,10057,France,12.29,2024-07,2024-07-03
530633,SKU-002,Organic Green Tea,4,2024-04-24 21:36:00,9.18,10083,Portugal,36.72,2024-04,2024-04-24
530633,SKU-011,Cotton Tote Bag,1,2025-02-05 15:09:00,10.32,10125,United Kingdom,10.32,2025-02,2025-02-05
530633,SKU-002,Organic Green Tea,2,2024-06-28 20:32:00,9.12,10068,Portugal,18.24,2024-06,2024-06-28
530634,SKU-002,Organic Green Tea,3,2024-08-24 19:46:00,9.0,10005,Spain,27.0,2024-08,2024-08-24
530634,SKU-002,Organic Green Tea,2,2024-11-27 22:16:00,8.66,10040,Spain,17.32,2024-11,2024-11-27
530634,SKU-011,Cotton Tote Bag,1,2025-01-19 11:29:00,10.14,10111,Germany,10.14,2025-01,2025-01-19
530635,SKU-005,Notebook A5,3,2024-08-14 12:29:00,5.17,10149,Italy,15.51,2024-08,2024-08-14
530635,SKU-001,Premium Coffee Beans,3,2024-06-17 09:52:00,13.3,10072,France,39.9,2024-06,2024-06-17
530635,SKU-003,Ceramic Mug,1,2024-10-15 21:02:00,6.92,10144,Spain,6.92,2024-10,2024-10-15
530636,SKU-005,Notebook A5,3,2024-04-21 13:51:00,5.23,10020,Spain,15.69,2024-04,2024-04-21
530636,SKU-011,Cotton Tote Bag,1,2025-03-17 13:27:00,11.33,10150,Netherlands,11.33,2025-03,2025-03-17
530636,SKU-012,Phone Stand,1,2024-11-03 09:06:00,11.65,10048,France,11.65,2024-11,2024-11-03
530637,SKU-001,Premium Coffee Beans,2,2024-03-03 08:54:00,14.42,10019,Spain,28.84,2024-03,2024-03-03
530637,SKU-003,Ceramic Mug,1,2024-05-28 18:41:00,8.21,10027,Italy,8.21,2024-05,2024-05-28
530637,SKU-003,Ceramic Mug,3,2024-08-10 13:22:00,7.09,10126,Portugal,21.27,2024-08,2024-08-10
530638,SKU-008,Yoga Mat,1,2024-09-20 17:17:00,25.39,10043,France,25.39,2024-09,2024-09-20
530638,SKU-012,Phone Stand,5,2024-05-25 09:23:00,13.13,10046,Spain,65.65,2024-05,2024-05-25
530638,SKU-006,Wireless Charger,1,2024-07-23 10:07:00,23.18,10003,Italy,23.18,2024-07,2024-07-23
530639,SKU-007,Desk Lamp,1,2024-08-15 14:29:00,34.12,10103,Netherlands,34.12,2024-08,2024-08-15
530639,SKU-005,Notebook A5,3,2024-06-25 21:24:00,5.68,10125,United Kingdom,17.04,2024-06,2024-06-25
530639,SKU-012,Phone Stand,1,2024-09-03 21:30:00,11.25,10106,Netherlands,11.25,2024-09,2024-09-03
530640,SKU-007,Desk Lamp,1,2024-04-24 18:56:00,33.73,10028,Italy,33.73,2024-04,2024-04-24
530640,SKU-003,Ceramic Mug,6,2024-11-12 09:08:00,6.57,10123,Spain,39.42,2024-11,2024-11-12
530640,SKU-012,Phone Stand,4,2024-08-23 19:03:00,12.03,10154,France,48.12,2024-08,2024-08-23
530641,SKU-003,Ceramic Mug,2,2025-01-26 09:26:00,6.63,10174,Netherlands,13.26,2025-01,2025-01-26
530641,SKU-010,Bluetooth Speaker,1,2024-09-29 15:51:00,49.68,10035,Portugal,49.68,2024-09,2024-09-29
530641,SKU-010,Bluetooth Speaker,1,2024-03-17 18:28:00,49.51,10178,Netherlands,49.51,2024-03,2024-03-17
530642,SKU-003,Ceramic Mug,1,2024-09-05 17:24:00,7.82,10107,Italy,7.82,2024-09,2024-09-05
530642,SKU-006,Wireless Charger,1,2024-07-14 17:01:00,26.18,10137,Germany,26.18,2024-07,2024-07-14
530642,SKU-011,Cotton Tote Bag,1,2024-07-06 22:53:00,10.72,10123,Spain,10.72,2024-07,2024-07-06
530643,SKU-012,Phone Stand,1,2024-09-14 22:08:00,11.18,10044,France,11.18,2024-09,2024-09-14
530643,SKU-008,Yoga Mat,1,2024-10-19 22:31:00,23.3,10113,Italy,23.3,2024-10,2024-10-19
530643,SKU-002,Organic Green Tea,1,2025-02-12 22:26:00,9.49,10000,Italy,9.49,2025-02,2025-02-12
530644,SKU-008,Yoga Mat,2,2024-10-05 08:04:00,27.43,10043,France,54.86,2024-10,2024-10-05
530644,SKU-005,Notebook A5,2,2024-03-30 18:20:00,5.39,10068,Portugal,10.78,2024-03,2024-03-30
530644,SKU-001,Premium Coffee Beans,2,2024-07-08 19:55:00,12.0,10172,Germany,24.0,2024-07,2024-07-08
530645,SKU-011,Cotton Tote Bag,2,2024-08-04 16:49:00,11.26,10128,Germany,22.52,2024-08,2024-08-04
530645,SKU-012,Phone Stand,1,2025-02-04 17:46:00,11.27,10004,France,11.27,2025-02,2025-02-04
530645,SKU-010,Bluetooth Speaker,2,2024-12-17 11:42:00,41.66,10045,Spain,83.32,2024-12,2024-12-17
530646,SKU-006,Wireless Charger,3,2024-05-30 16:33:00,24.69,10167,Portugal,74.07,2024-05,2024-05-30
530646,SKU-012,Phone Stand,1,2024-12-01 19:39:00,13.12,10070,Netherlands,13.12,2024-12,2024-12-01
530646,SKU-002,Organic Green Tea,1,2024-09-02 14:42:00,8.45,10024,Netherlands,8.45,2024-09,2024-09-02
530647,SKU-012,Phone Stand,1,2024-10-28 11:30:00,11.6,10068,Portugal,11.6,2024-10,2024-10-28
530647,SKU-006,Wireless Charger,3,2024-12-08 18:43:00,23.39,10036,Portugal,70.17,2024-12,2024-12-08
530647,SKU-011,Cotton Tote Bag,2,2024-07-08 14:09:00,9.49,10054,Portugal,18.98,2024-07,2024-07-08
530648,SKU-009,Running Socks,1,2024-04-18 22:39:00,6.22,10132,Netherlands,6.22,2024-04,2024-04-18
530648,SKU-001,Premium Coffee Beans,1,2025-04-22 08:41:00,12.54,10029,Netherlands,12.54,2025-04,2025-04-22
530648,SKU-003,Ceramic Mug,1,2025-02-14 16:54:00,7.42,10028,Italy,7.42,2025-02,2025-02-14
530649,SKU-008,Yoga Mat,4,2024-08-10 21:31:00,23.61,10068,Portugal,94.44,2024-08,2024-08-10
530649,SKU-003,Ceramic Mug,1,2024-07-17 09:48:00,7.7,10039,Portugal,7.7,2024-07,2024-07-17
530649,SKU-008,Yoga Mat,2,2024-03-31 13:15:00,22.75,10053,France,45.5,2024-03,2024-03-31
530650,SKU-006,Wireless Charger,5,2024-08-05 12:03:00,24.41,10072,France,122.05,2024-08,2024-08-05
530650,SKU-009,Running Socks,1,2024-03-26 11:35:00,6.74,10045,Spain,6.74,2024-03,2024-03-26
530650,SKU-011,Cotton Tote Bag,1,2024-11-23 14:25:00,8.95,10030,Germany,8.95,2024-11,2024-11-23
530651,SKU-004,Reusable Bottle,1,2024-09-08 09:29:00,15.61,10099,Italy,15.61,2024-09,2024-09-08
530651,SKU-008,Yoga Mat,1,2024-11-13 20:36:00,26.83,10057,France,26.83,2024-11,2024-11-13
530651,SKU-008,Yoga Mat,1,2025-01-21 09:54:00,23.7,10036,Portugal,23.7,2025-01,2025-01-21
530652,SKU-008,Yoga Mat,1,2024-05-05 15:20:00,25.14,10099,Italy,25.14,2024-05,2024-05-05
530652,SKU-002,Organic Green Tea,1,2024-08-25 15:47:00,9.34,10095,France,9.34,2024-08,2024-08-25
530652,SKU-011,Cotton Tote Bag,1,2024-09-19 08:06:00,10.65,10106,Netherlands,10.65,2024-09,2024-09-19
530653,SKU-007,Desk Lamp,2,2024-05-18 14:02:00,33.94,10143,Spain,67.88,2024-05,2024-05-18
530653,SKU-009,Running Socks,1,2024-08-14 16:00:00,6.78,10124,Portugal,6.78,2024-08,2024-08-14
530653,SKU-002,Organic Green Tea,1,2024-09-30 20:38:00,9.59,10123,Spain,9.59,2024-09,2024-09-30
530654,SKU-010,Bluetooth Speaker,5,2025-03-24 18:19:00,40.62,10143,Spain,203.1,2025-03,2025-03-24
530654,SKU-009,Running Socks,1,2025-01-02 16:13:00,6.64,10112,France,6.64,2025-01,2025-01-02
530654,SKU-011,Cotton Tote Bag,2,2024-12-05 18:29:00,9.12,10176,Netherlands,18.24,2024-12,2024-12-05
530655,SKU-006,Wireless Charger,2,2024-02-22 13:52:00,25.29,10034,France,50.58,2024-02,2024-02-22
530655,SKU-001,Premium Coffee Beans,2,2024-08-01 21:14:00,13.58,10002,United Kingdom,27.16,2024-08,2024-08-01
530655,SKU-008,Yoga Mat,1,2024-04-26 13:35:00,22.02,10127,France,22.02,2024-04,2024-04-26
530656,SKU-010,Bluetooth Speaker,2,2024-11-16 17:30:00,46.23,10106,Netherlands,92.46,2024-11,2024-11-16
530656,SKU-012,Phone Stand,1,2024-02-27 18:23:00,11.31,10073,Netherlands,11.31,2024-02,2024-02-27
530656,SKU-012,Phone Stand,4,2024-07-21 15:07:00,12.04,10174,Netherlands,48.16,2024-07,2024-07-21
530657,SKU-002,Organic Green Tea,1,2024-02-17 20:42:00,7.81,10150,Netherlands,7.81,2024-02,2024-02-17
530657,SKU-004,Reusable Bottle,6,2024-10-31 08:21:00,13.77,10093,Spain,82.62,2024-10,2024-10-31
530657,SKU-006,Wireless Charger,2,2024-12-25 21:40:00,24.15,10034,France,48.3,2024-12,2024-12-25
530658,SKU-005,Notebook A5,1,2024-12-19 16:33:00,5.92,10117,Italy,5.92,2024-12,2024-12-19
530658,SKU-006,Wireless Charger,2,2024-06-12 19:06:00,20.84,10046,Spain,41.68,2024-06,2024-06-12
530658,SKU-001,Premium Coffee Beans,1,2024-07-24 22:10:00,12.96,10038,Portugal,12.96,2024-07,2024-07-24
530659,SKU-008,Yoga Mat,1,2024-07-02 10:52:00,21.78,10093,Spain,21.78,2024-07,2024-07-02
530659,SKU-012,Phone Stand,1,2024-07-12 19:46:00,12.84,10107,Italy,12.84,2024-07,2024-07-12
530659,SKU-007,Desk Lamp,3,2024-09-05 09:16:00,29.38,10132,Netherlands,88.14,2024-09,2024-09-05
530660,SKU-010,Bluetooth Speaker,1,2024-08-22 11:12:00,41.23,10127,France,41.23,2024-08,2024-08-22
530660,SKU-002,Organic Green Tea,1,2025-01-24 22:54:00,9.49,10149,Italy,9.49,2025-01,2025-01-24
530660,SKU-007,Desk Lamp,2,2024-10-08 11:29:00,34.67,10085,Portugal,69.34,2024-10,2024-10-08
530661,SKU-004,Reusable Bottle,3,2024-08-28 19:21:00,17.03,10078,Italy,51.09,2024-08,2024-08-28
530661,SKU-002,Organic Green Tea,1,2024-12-02 20:26:00,9.4,10089,Germany,9.4,2024-12,2024-12-02
530661,SKU-001,Premium Coffee Beans,1,2024-08-29 22:40:00,14.73,10099,Italy,14.73,2024-08,2024-08-29
530662,SKU-011,Cotton Tote Bag,3,2024-03-05 17:07:00,10.07,10135,Spain,30.21,2024-03,2024-03-05
530662,SKU-008,Yoga Mat,3,2024-03-19 15:42:00,26.71,10117,Italy,80.13,2024-03,2024-03-19
530662,SKU-010,Bluetooth Speaker,1,2024-07-18 16:08:00,43.67,10099,Italy,43.67,2024-07,2024-07-18
530663,SKU-008,Yoga Mat,1,2024-05-20 08:33:00,26.48,10095,France,26.48,2024-05,2024-05-20
530663,SKU-012,Phone Stand,1,2024-08-26 08:35:00,11.84,10025,Spain,11.84,2024-08,2024-08-26
530663,SKU-007,Desk Lamp,1,2024-12-03 21:37:00,33.22,10135,Spain,33.22,2024-12,2024-12-03
530664,SKU-008,Yoga Mat,1,2024-08-21 22:32:00,23.98,10022,Netherlands,23.98,2024-08,2024-08-21
530664,SKU-003,Ceramic Mug,2,2024-08-08 19:37:00,6.79,10132,Netherlands,13.58,2024-08,2024-08-08
530664,SKU-003,Ceramic Mug,2,2024-08-18 19:52:00,7.41,10041,Italy,14.82,2024-08,2024-08-18
530665,SKU-003,Ceramic Mug,2,2024-12-30 09:24:00,6.94,10033,Netherlands,13.88,2024-12,2024-12-30
530665,SKU-011,Cotton Tote Bag,8,2024-07-23 17:38:00,10.38,10090,Italy,83.04,2024-07,2024-07-23
530665,SKU-006,Wireless Charger,2,2024-04-15 16:56:00,26.1,10016,United Kingdom,52.2,2024-04,2024-04-15
530666,SKU-007,Desk Lamp,3,2024-11-03 14:38:00,32.99,10129,France,98.97,2024-11,2024-11-03
530666,SKU-012,Phone Stand,3,2025-03-02 20:15:00,11.78,10081,France,35.34,2025-03,2025-03-02
530666,SKU-005,Notebook A5,2,2024-09-16 14:21:00,5.47,10165,Italy,10.94,2024-09,2024-09-16
530667,SKU-005,Notebook A5,1,2024-06-22 15:51:00,5.55,10039,Portugal,5.55,2024-06,2024-06-22
530667,SKU-003,Ceramic Mug,1,2025-03-26 10:26:00,7.11,10069,Italy,7.11,2025-03,2025-03-26
530667,SKU-010,Bluetooth Speaker,1,2024-03-18 19:56:00,49.22,10082,United Kingdom,49.22,2024-03,2024-03-18
530668,SKU-012,Phone Stand,2,2024-05-16 16:19:00,11.99,10103,Netherlands,23.98,2024-05,2024-05-16
530668,SKU-012,Phone Stand,1,2024-02-07 16:55:00,10.72,10045,Spain,10.72,2024-02,2024-02-07
530668,SKU-006,Wireless Charger,1,2025-04-02 19:47:00,22.38,10056,Netherlands,22.38,2025-04,2025-04-02
530669,SKU-009,Running Socks,1,2024-09-29 18:13:00,6.32,10025,Spain,6.32,2024-09,2024-09-29
530669,SKU-004,Reusable Bottle,6,2024-06-24 11:39:00,15.19,10151,Germany,91.14,2024-06,2024-06-24
530669,SKU-012,Phone Stand,2,2024-08-15 12:43:00,11.13,10004,France,22.26,2024-08,2024-08-15
530670,SKU-006,Wireless Charger,2,2024-08-16 22:43:00,21.64,10039,Portugal,43.28,2024-08,2024-08-16
530670,SKU-003,Ceramic Mug,2,2025-01-02 19:41:00,6.69,10126,Portugal,13.38,2025-01,2025-01-02
530670,SKU-003,Ceramic Mug,2,2024-04-29 16:34:00,7.73,10140,Germany,15.46,2024-04,2024-04-29
530671,SKU-012,Phone Stand,5,2024-05-13 18:20:00,12.2,10080,Portugal,61.0,2024-05,2024-05-13
530671,SKU-012,Phone Stand,6,2024-07-22 09:48:00,13.12,10069,Italy,78.72,2024-07,2024-07-22
530671,SKU-006,Wireless Charger,1,2024-12-09 16:30:00,26.31,10161,United Kingdom,26.31,2024-12,2024-12-09
530672,SKU-010,Bluetooth Speaker,1,2024-09-12 17:42:00,43.82,10045,Spain,43.82,2024-09,2024-09-12
530672,SKU-012,Phone Stand,1,2024-07-06 14:43:00,11.63,10003,Italy,11.63,2024-07,2024-07-06
530672,SKU-012,Phone Stand,4,2024-11-03 22:53:00,10.59,10033,Netherlands,42.36,2024-11,2024-11-03
530673,SKU-009,Running Socks,2,2025-03-02 12:56:00,6.22,10120,Portugal,12.44,2025-03,2025-03-02
530673,SKU-007,Desk Lamp,5,2025-02-11 20:00:00,34.02,10044,France,170.1,2025-02,2025-02-11
530673,SKU-009,Running Socks,1,2024-09-10 09:01:00,6.61,10136,Italy,6.61,2024-09,2024-09-10
530674,SKU-007,Desk Lamp,3,2024-05-09 10:03:00,32.04,10034,France,96.12,2024-05,2024-05-09
530674,SKU-011,Cotton Tote Bag,1,2025-03-23 08:12:00,11.37,10166,Spain,11.37,2025-03,2025-03-23
530674,SKU-005,Notebook A5,1,2024-07-17 20:50:00,5.43,10099,Italy,5.43,2024-07,2024-07-17
530675,SKU-003,Ceramic Mug,1,2025-03-17 12:43:00,6.76,10056,Netherlands,6.76,2025-03,2025-03-17
530675,SKU-005,Notebook A5,1,2024-10-02 10:53:00,6.1,10132,Netherlands,6.1,2024-10,2024-10-02
530675,SKU-001,Premium Coffee Beans,1,2024-10-18 19:50:00,13.91,10052,United Kingdom,13.91,2024-10,2024-10-18
530676,SKU-005,Notebook A5,1,2024-06-26 11:48:00,6.15,10125,United Kingdom,6.15,2024-06,2024-06-26
530676,SKU-009,Running Socks,1,2024-12-27 08:22:00,6.99,10165,Italy,6.99,2024-12,2024-12-27
530676,SKU-008,Yoga Mat,1,2024-08-18 09:39:00,24.82,10075,Italy,24.82,2024-08,2024-08-18
530677,SKU-011,Cotton Tote Bag,1,2024-11-30 19:35:00,10.59,10004,France,10.59,2024-11,2024-11-30
530677,SKU-004,Reusable Bottle,4,2024-02-17 19:41:00,15.59,10114,Italy,62.36,2024-02,2024-02-17
530677,SKU-009,Running Socks,2,2024-07-20 14:15:00,6.45,10141,Spain,12.9,2024-07,2024-07-20
530678,SKU-009,Running Socks,1,2025-01-11 20:50:00,7.22,10157,Netherlands,7.22,2025-01,2025-01-11
530678,SKU-012,Phone Stand,3,2024-10-20 12:44:00,11.49,10124,Portugal,34.47,2024-10,2024-10-20
530678,SKU-011,Cotton Tote Bag,3,2024-08-04 08:59:00,9.87,10095,France,29.61,2024-08,2024-08-04
530679,SKU-007,Desk Lamp,5,2024-04-16 14:26:00,33.45,10018,United Kingdom,167.25,2024-04,2024-04-16
530679,SKU-011,Cotton Tote Bag,1,2024-10-26 13:35:00,9.08,10073,Netherlands,9.08,2024-10,2024-10-26
530679,SKU-001,Premium Coffee Beans,2,2024-12-19 08:47:00,12.16,10106,Netherlands,24.32,2024-12,2024-12-19
530680,SKU-005,Notebook A5,2,2025-01-13 11:39:00,5.52,10160,Portugal,11.04,2025-01,2025-01-13
530680,SKU-008,Yoga Mat,5,2025-01-23 21:14:00,24.29,10098,France,121.45,2025-01,2025-01-23
530680,SKU-011,Cotton Tote Bag,1,2024-08-08 19:45:00,9.62,10051,Germany,9.62,2024-08,2024-08-08
530681,SKU-011,Cotton Tote Bag,4,2024-04-03 13:48:00,10.59,10048,France,42.36,2024-04,2024-04-03
530681,SKU-010,Bluetooth Speaker,1,2024-03-28 16:47:00,43.54,10033,Netherlands,43.54,2024-03,2024-03-28
530681,SKU-010,Bluetooth Speaker,4,2024-06-15 11:49:00,45.71,10137,Germany,182.84,2024-06,2024-06-15
530682,SKU-012,Phone Stand,4,2024-11-23 11:18:00,11.83,10087,Germany,47.32,2024-11,2024-11-23
530682,SKU-008,Yoga Mat,3,2024-02-04 10:43:00,24.02,10123,Spain,72.06,2024-02,2024-02-04
530682,SKU-002,Organic Green Tea,2,2024-09-17 10:11:00,8.78,10161,United Kingdom,17.56,2024-09,2024-09-17
530683,SKU-012,Phone Stand,2,2024-10-19 16:07:00,11.55,10066,Netherlands,23.1,2024-10,2024-10-19
530683,SKU-007,Desk Lamp,4,2024-05-19 08:27:00,31.91,10129,France,127.64,2024-05,2024-05-19
530683,SKU-005,Notebook A5,2,2024-06-25 16:16:00,5.72,10072,France,11.44,2024-06,2024-06-25
530684,SKU-003,Ceramic Mug,1,2025-01-29 10:37:00,8.27,10154,France,8.27,2025-01,2025-01-29
530684,SKU-005,Notebook A5,1,2025-02-25 08:21:00,6.15,10020,Spain,6.15,2025-02,2025-02-25
530684,SKU-008,Yoga Mat,1,2024-05-21 19:59:00,27.58,10018,United Kingdom,27.58,2024-05,2024-05-21
530685,SKU-003,Ceramic Mug,1,2024-12-28 08:09:00,6.52,10033,Netherlands,6.52,2024-12,2024-12-28
530685,SKU-006,Wireless Charger,1,2025-01-03 17:03:00,22.23,10107,Italy,22.23,2025-01,2025-01-03
530685,SKU-011,Cotton Tote Bag,2,2024-06-15 17:53:00,9.0,10125,United Kingdom,18.0,2024-06,2024-06-15
530686,SKU-011,Cotton Tote Bag,1,2024-12-11 12:31:00,10.89,10073,Netherlands,10.89,2024-12,2024-12-11
530686,SKU-010,Bluetooth Speaker,2,2024-10-04 16:22:00,49.81,10083,Portugal,99.62,2024-10,2024-10-04
530686,SKU-002,Organic Green Tea,1,2024-07-01 20:45:00,8.79,10076,United Kingdom,8.79,2024-07,2024-07-01
530687,SKU-006,Wireless Charger,1,2024-04-16 16:14:00,24.72,10081,France,24.72,2024-04,2024-04-16
530687,SKU-003,Ceramic Mug,1,2024-08-15 16:04:00,6.89,10040,Spain,6.89,2024-08,2024-08-15
530687,SKU-009,Running Socks,1,2024-08-24 10:26:00,7.14,10105,Spain,7.14,2024-08,2024-08-24
530688,SKU-009,Running Socks,1,2025-01-12 16:25:00,6.96,10039,Portugal,6.96,2025-01,2025-01-12
530688,SKU-002,Organic Green Tea,1,2024-09-06 13:14:00,8.83,10073,Netherlands,8.83,2024-09,2024-09-06
530688,SKU-004,Reusable Bottle,2,2024-05-28 18:21:00,14.45,10100,Italy,28.9,2024-05,2024-05-28
530689,SKU-006,Wireless Charger,5,2024-05-10 13:18:00,23.46,10145,Italy,117.3,2024-05,2024-05-10
530689,SKU-004,Reusable Bottle,1,2024-07-20 20:39:00,14.04,10040,Spain,14.04,2024-07,2024-07-20
530689,SKU-009,Running Socks,2,2024-05-14 15:35:00,6.23,10128,Germany,12.46,2024-05,2024-05-14
530690,SKU-011,Cotton Tote Bag,1,2024-10-05 08:07:00,9.74,10144,Spain,9.74,2024-10,2024-10-05
530690,SKU-011,Cotton Tote Bag,1,2024-04-14 13:28:00,9.46,10106,Netherlands,9.46,2024-04,2024-04-14
530690,SKU-004,Reusable Bottle,1,2024-10-20 22:41:00,14.49,10034,France,14.49,2024-10,2024-10-20
530691,SKU-010,Bluetooth Speaker,1,2024-10-05 22:39:00,51.33,10002,United Kingdom,51.33,2024-10,2024-10-05
530691,SKU-004,Reusable Bottle,1,2024-09-26 08:43:00,16.98,10106,Netherlands,16.98,2024-09,2024-09-26
530691,SKU-006,Wireless Charger,1,2024-06-21 14:58:00,22.11,10149,Italy,22.11,2024-06,2024-06-21
530692,SKU-002,Organic Green Tea,2,2024-09-07 14:16:00,7.79,10092,France,15.58,2024-09,2024-09-07
530692,SKU-009,Running Socks,3,2024-07-09 19:18:00,7.36,10131,Spain,22.08,2024-07,2024-07-09
530692,SKU-001,Premium Coffee Beans,4,2024-12-26 22:33:00,13.3,10076,United Kingdom,53.2,2024-12,2024-12-26
530693,SKU-006,Wireless Charger,4,2024-09-05 16:51:00,22.4,10126,Portugal,89.6,2024-09,2024-09-05
530693,SKU-009,Running Socks,1,2024-08-08 15:31:00,7.7,10135,Spain,7.7,2024-08,2024-08-08
530693,SKU-001,Premium Coffee Beans,1,2024-06-12 12:57:00,12.76,10131,Spain,12.76,2024-06,2024-06-12
530694,SKU-011,Cotton Tote Bag,1,2024-11-16 11:20:00,9.53,10052,United Kingdom,9.53,2024-11,2024-11-16
530694,SKU-009,Running Socks,1,2025-03-28 09:06:00,6.88,10082,United Kingdom,6.88,2025-03,2025-03-28
530694,SKU-003,Ceramic Mug,1,2024-09-30 20:34:00,7.56,10013,United Kingdom,7.56,2024-09,2024-09-30
530695,SKU-009,Running Socks,1,2024-03-23 08:40:00,7.1,10073,Netherlands,7.1,2024-03,2024-03-23
530695,SKU-002,Organic Green Tea,1,2024-04-23 11:42:00,7.91,10092,France,7.91,2024-04,2024-04-23
530695,SKU-011,Cotton Tote Bag,2,2024-06-05 20:13:00,9.53,10019,Spain,19.06,2024-06,2024-06-05
530696,SKU-011,Cotton Tote Bag,6,2024-12-31 14:53:00,9.48,10033,Netherlands,56.88,2024-12,2024-12-31
530696,SKU-002,Organic Green Tea,1,2024-09-04 11:34:00,7.69,10061,Germany,7.69,2024-09,2024-09-04
530696,SKU-012,Phone Stand,2,2025-01-22 22:47:00,10.82,10124,Portugal,21.64,2025-01,2025-01-22
530697,SKU-007,Desk Lamp,3,2024-05-06 18:52:00,31.49,10144,Spain,94.47,2024-05,2024-05-06
530697,SKU-002,Organic Green Tea,1,2024-06-30 19:43:00,8.83,10033,Netherlands,8.83,2024-06,2024-06-30
530697,SKU-003,Ceramic Mug,5,2024-05-05 08:29:00,8.23,10073,Netherlands,41.15,2024-05,2024-05-05
530698,SKU-012,Phone Stand,2,2024-07-24 13:02:00,10.76,10042,Germany,21.52,2024-07,2024-07-24
530698,SKU-002,Organic Green Tea,1,2024-10-20 09:03:00,8.85,10151,Germany,8.85,2024-10,2024-10-20
530698,SKU-003,Ceramic Mug,1,2024-11-13 20:16:00,6.64,10087,Germany,6.64,2024-11,2024-11-13
530699,SKU-009,Running Socks,4,2024-03-25 09:36:00,6.45,10123,Spain,25.8,2024-03,2024-03-25
530699,SKU-004,Reusable Bottle,1,2024-08-12 22:16:00,14.01,10129,France,14.01,2024-08,2024-08-12
530699,SKU-007,Desk Lamp,1,2024-09-01 14:28:00,34.36,10093,Spain,34.36,2024-09,2024-09-01
530700,SKU-011,Cotton Tote Bag,1,2025-04-13 14:27:00,10.61,10046,Spain,10.61,2025-04,2025-04-13
530700,SKU-006,Wireless Charger,1,2024-11-25 08:24:00,20.84,10149,Italy,20.84,2024-11,2024-11-25
530700,SKU-011,Cotton Tote Bag,1,2024-08-12 09:34:00,11.0,10023,United Kingdom,11.0,2024-08,2024-08-12
530701,SKU-001,Premium Coffee Beans,2,2024-11-05 18:46:00,13.5,10066,Netherlands,27.0,2024-11,2024-11-05
530701,SKU-010,Bluetooth Speaker,2,2024-07-25 09:48:00,41.44,10068,Portugal,82.88,2024-07,2024-07-25
530701,SKU-012,Phone Stand,1,2024-04-05 17:02:00,12.88,10178,Netherlands,12.88,2024-04,2024-04-05
530702,SKU-012,Phone Stand,2,2024-07-21 21:04:00,11.48,10054,Portugal,22.96,2024-07,2024-07-21
530702,SKU-006,Wireless Charger,1,2024-08-14 22:32:00,24.73,10047,Portugal,24.73,2024-08,2024-08-14
530702,SKU-002,Organic Green Tea,5,2024-03-13 12:50:00,8.72,10094,France,43.6,2024-03,2024-03-13
530703,SKU-011,Cotton Tote Bag,5,2024-03-19 12:38:00,10.33,10105,Spain,51.65,2024-03,2024-03-19
530703,SKU-002,Organic Green Tea,1,2025-01-10 12:48:00,7.69,10150,Netherlands,7.69,2025-01,2025-01-10
530703,SKU-008,Yoga Mat,5,2024-10-19 14:25:00,24.23,10132,Netherlands,121.15,2024-10,2024-10-19
530704,SKU-011,Cotton Tote Bag,5,2024-08-30 08:30:00,8.98,10007,Spain,44.9,2024-08,2024-08-30
530704,SKU-003,Ceramic Mug,1,2024-05-04 16:14:00,6.87,10126,Portugal,6.87,2024-05,2024-05-04
530704,SKU-003,Ceramic Mug,2,2024-10-09 19:25:00,7.39,10011,Italy,14.78,2024-10,2024-10-09
530705,SKU-009,Running Socks,4,2024-10-07 12:40:00,6.23,10148,France,24.92,2024-10,2024-10-07
530705,SKU-003,Ceramic Mug,1,2024-09-23 12:43:00,7.65,10126,Portugal,7.65,2024-09,2024-09-23
530705,SKU-012,Phone Stand,5,2024-05-09 18:23:00,12.28,10067,France,61.4,2024-05,2024-05-09
530706,SKU-001,Premium Coffee Beans,5,2024-04-28 16:55:00,11.92,10000,Italy,59.6,2024-04,2024-04-28
530706,SKU-009,Running Socks,1,2024-06-12 10:07:00,7.22,10062,Netherlands,7.22,2024-06,2024-06-12
530706,SKU-001,Premium Coffee Beans,1,2024-07-18 08:36:00,14.22,10080,Portugal,14.22,2024-07,2024-07-18
530707,SKU-010,Bluetooth Speaker,2,2024-11-01 14:34:00,44.0,10126,Portugal,88.0,2024-11,2024-11-01
530707,SKU-009,Running Socks,1,2024-12-20 09:19:00,7.9,10018,United Kingdom,7.9,2024-12,2024-12-20
530707,SKU-004,Reusable Bottle,1,2024-05-12 19:47:00,14.71,10090,Italy,14.71,2024-05,2024-05-12
530708,SKU-012,Phone Stand,1,2025-02-19 13:13:00,11.4,10104,Italy,11.4,2025-02,2025-02-19
530708,SKU-007,Desk Lamp,3,2024-11-21 22:41:00,33.13,10162,Portugal,99.39,2024-11,2024-11-21
530708,SKU-009,Running Socks,2,2024-10-11 10:10:00,7.17,10112,France,14.34,2024-10,2024-10-11
530709,SKU-003,Ceramic Mug,2,2024-11-29 11:39:00,8.05,10178,Netherlands,16.1,2024-11,2024-11-29
530709,SKU-005,Notebook A5,1,2024-09-02 11:07:00,5.55,10040,Spain,5.55,2024-09,2024-09-02
530709,SKU-003,Ceramic Mug,1,2024-09-25 18:51:00,7.43,10149,Italy,7.43,2024-09,2024-09-25
530710,SKU-010,Bluetooth Speaker,2,2024-12-19 21:03:00,42.27,10005,Spain,84.54,2024-12,2024-12-19
530710,SKU-009,Running Socks,2,2024-05-23 15:41:00,6.42,10106,Netherlands,12.84,2024-05,2024-05-23
530710,SKU-009,Running Socks,1,2024-06-17 09:18:00,6.51,10175,Germany,6.51,2024-06,2024-06-17
530711,SKU-011,Cotton Tote Bag,2,2024-10-15 09:16:00,9.13,10123,Spain,18.26,2024-10,2024-10-15
530711,SKU-002,Organic Green Tea,1,2024-07-16 11:46:00,8.63,10159,United Kingdom,8.63,2024-07,2024-07-16
530711,SKU-010,Bluetooth Speaker,4,2025-02-09 15:21:00,43.91,10071,Portugal,175.64,2025-02,2025-02-09
530712,SKU-006,Wireless Charger,3,2025-02-10 10:42:00,22.02,10151,Germany,66.06,2025-02,2025-02-10
530712,SKU-011,Cotton Tote Bag,1,2024-12-17 11:06:00,8.92,10104,Italy,8.92,2024-12,2024-12-17
530712,SKU-005,Notebook A5,1,2024-07-19 17:04:00,5.73,10101,Italy,5.73,2024-07,2024-07-19
530713,SKU-004,Reusable Bottle,2,2024-12-30 13:31:00,14.49,10150,Netherlands,28.98,2024-12,2024-12-30
530713,SKU-008,Yoga Mat,1,2024-02-08 13:39:00,24.94,10095,France,24.94,2024-02,2024-02-08
530713,SKU-011,Cotton Tote Bag,2,2024-11-14 12:44:00,10.32,10123,Spain,20.64,2024-11,2024-11-14
530714,SKU-010,Bluetooth Speaker,1,2024-10-02 10:36:00,43.59,10012,Netherlands,43.59,2024-10,2024-10-02
530714,SKU-010,Bluetooth Speaker,1,2024-09-20 13:51:00,44.2,10013,United Kingdom,44.2,2024-09,2024-09-20
530714,SKU-006,Wireless Charger,2,2024-07-22 14:10:00,24.93,10129,France,49.86,2024-07,2024-07-22
530715,SKU-001,Premium Coffee Beans,2,2024-09-20 13:15:00,11.65,10119,Portugal,23.3,2024-09,2024-09-20
530715,SKU-004,Reusable Bottle,1,2025-02-19 19:47:00,16.57,10127,France,16.57,2025-02,2025-02-19
530715,SKU-011,Cotton Tote Bag,1,2024-06-08 14:17:00,9.75,10106,Netherlands,9.75,2024-06,2024-06-08
530716,SKU-006,Wireless Charger,1,2024-09-10 10:43:00,21.56,10088,France,21.56,2024-09,2024-09-10
530716,SKU-012,Phone Stand,1,2025-02-11 13:56:00,12.98,10174,Netherlands,12.98,2025-02,2025-02-11
530716,SKU-008,Yoga Mat,2,2024-08-21 15:28:00,25.38,10095,France,50.76,2024-08,2024-08-21
530717,SKU-006,Wireless Charger,1,2024-09-27 20:19:00,23.46,10064,Germany,23.46,2024-09,2024-09-27
530717,SKU-008,Yoga Mat,1,2024-08-02 16:06:00,22.1,10104,Italy,22.1,2024-08,2024-08-02
530717,SKU-003,Ceramic Mug,1,2024-04-06 18:38:00,6.67,10008,Italy,6.67,2024-04,2024-04-06
530718,SKU-002,Organic Green Tea,1,2024-10-20 21:17:00,8.23,10146,Netherlands,8.23,2024-10,2024-10-20
530718,SKU-003,Ceramic Mug,1,2024-07-14 22:34:00,7.41,10153,Germany,7.41,2024-07,2024-07-14
530718,SKU-004,Reusable Bottle,2,2024-04-29 12:46:00,17.24,10069,Italy,34.48,2024-04,2024-04-29
530719,SKU-011,Cotton Tote Bag,1,2024-11-05 09:46:00,9.81,10076,United Kingdom,9.81,2024-11,2024-11-05
530719,SKU-002,Organic Green Tea,1,2024-11-08 22:01:00,7.88,10149,Italy,7.88,2024-11,2024-11-08
530719,SKU-009,Running Socks,2,2024-06-11 18:01:00,6.46,10150,Netherlands,12.92,2024-06,2024-06-11
530720,SKU-010,Bluetooth Speaker,8,2024-06-28 17:25:00,45.63,10058,Portugal,365.04,2024-06,2024-06-28
530720,SKU-010,Bluetooth Speaker,1,2024-09-25 11:58:00,51.22,10004,France,51.22,2024-09,2024-09-25
530720,SKU-001,Premium Coffee Beans,3,2024-09-19 16:16:00,11.74,10095,France,35.22,2024-09,2024-09-19
530721,SKU-009,Running Socks,2,2025-02-25 22:34:00,7.69,10057,France,15.38,2025-02,2025-02-25
530721,SKU-008,Yoga Mat,1,2024-06-07 18:49:00,27.13,10041,Italy,27.13,2024-06,2024-06-07
530721,SKU-003,Ceramic Mug,2,2024-08-09 13:25:00,7.39,10150,Netherlands,14.78,2024-08,2024-08-09
530722,SKU-004,Reusable Bottle,1,2024-09-08 22:49:00,13.61,10085,Portugal,13.61,2024-09,2024-09-08
530722,SKU-010,Bluetooth Speaker,4,2024-11-19 19:54:00,45.26,10025,Spain,181.04,2024-11,2024-11-19
530722,SKU-005,Notebook A5,1,2024-11-15 10:29:00,5.92,10095,France,5.92,2024-11,2024-11-15
530723,SKU-009,Running Socks,2,2024-06-08 16:05:00,6.79,10135,Spain,13.58,2024-06,2024-06-08
530723,SKU-007,Desk Lamp,1,2024-11-20 13:32:00,30.94,10086,United Kingdom,30.94,2024-11,2024-11-20
530723,SKU-001,Premium Coffee Beans,1,2025-03-25 18:15:00,12.34,10027,Italy,12.34,2025-03,2025-03-25
530724,SKU-010,Bluetooth Speaker,1,2024-04-04 18:10:00,45.99,10110,Germany,45.99,2024-04,2024-04-04
530724,SKU-009,Running Socks,1,2025-01-08 10:28:00,6.71,10127,France,6.71,2025-01,2025-01-08
530724,SKU-003,Ceramic Mug,5,2024-08-05 10:36:00,7.52,10015,Germany,37.6,2024-08,2024-08-05
530725,SKU-010,Bluetooth Speaker,1,2024-11-07 18:55:00,42.02,10143,Spain,42.02,2024-11,2024-11-07
530725,SKU-003,Ceramic Mug,1,2024-12-12 19:46:00,6.88,10053,France,6.88,2024-12,2024-12-12
530725,SKU-008,Yoga Mat,5,2024-09-14 13:02:00,24.84,10129,France,124.2,2024-09,2024-09-14
530726,SKU-004,Reusable Bottle,1,2024-08-31 20:31:00,15.76,10083,Portugal,15.76,2024-08,2024-08-31
530726,SKU-004,Reusable Bottle,5,2025-01-03 09:16:00,16.83,10178,Netherlands,84.15,2025-01,2025-01-03
530726,SKU-006,Wireless Charger,2,2025-01-20 11:02:00,22.86,10086,United Kingdom,45.72,2025-01,2025-01-20
530727,SKU-011,Cotton Tote Bag,1,2024-10-03 11:33:00,10.67,10172,Germany,10.67,2024-10,2024-10-03
530727,SKU-006,Wireless Charger,1,2024-11-17 14:30:00,23.59,10169,Germany,23.59,2024-11,2024-11-17
530727,SKU-008,Yoga Mat,2,2024-09-20 22:02:00,25.57,10048,France,51.14,2024-09,2024-09-20
530728,SKU-001,Premium Coffee Beans,1,2024-10-08 18:20:00,12.92,10060,Italy,12.92,2024-10,2024-10-08
530728,SKU-002,Organic Green Tea,6,2024-09-09 19:33:00,9.21,10038,Portugal,55.26,2024-09,2024-09-09
530728,SKU-011,Cotton Tote Bag,1,2024-08-13 21:17:00,9.92,10073,Netherlands,9.92,2024-08,2024-08-13
530729,SKU-012,Phone Stand,2,2024-09-06 12:37:00,10.74,10098,France,21.48,2024-09,2024-09-06
530729,SKU-009,Running Socks,1,2024-05-05 17:11:00,7.82,10090,Italy,7.82,2024-05,2024-05-05
530729,SKU-007,Desk Lamp,2,2024-08-12 18:24:00,35.51,10107,Italy,71.02,2024-08,2024-08-12
530730,SKU-006,Wireless Charger,2,2024-08-02 17:41:00,26.11,10114,Italy,52.22,2024-08,2024-08-02
530730,SKU-002,Organic Green Tea,3,2024-05-26 16:16:00,8.23,10148,France,24.69,2024-05,2024-05-26
530730,SKU-007,Desk Lamp,1,2024-12-31 22:14:00,28.6,10052,United Kingdom,28.6,2024-12,2024-12-31
530731,SKU-009,Running Socks,1,2024-06-07 14:22:00,6.61,10012,Netherlands,6.61,2024-06,2024-06-07
530731,SKU-006,Wireless Charger,2,2024-01-27 15:50:00,23.07,10143,Spain,46.14,2024-01,2024-01-27
530731,SKU-008,Yoga Mat,1,2024-10-25 22:38:00,25.81,10072,France,25.81,2024-10,2024-10-25
530732,SKU-001,Premium Coffee Beans,2,2024-01-03 16:56:00,14.69,10130,United Kingdom,29.38,2024-01,2024-01-03
530732,SKU-003,Ceramic Mug,4,2024-02-14 15:10:00,8.16,10148,France,32.64,2024-02,2024-02-14
530732,SKU-004,Reusable Bottle,3,2024-04-17 09:32:00,16.27,10145,Italy,48.81,2024-04,2024-04-17
530733,SKU-011,Cotton Tote Bag,2,2024-09-25 12:13:00,11.25,10172,Germany,22.5,2024-09,2024-09-25
530733,SKU-003,Ceramic Mug,2,2024-09-01 10:10:00,8.16,10080,Portugal,16.32,2024-09,2024-09-01
530733,SKU-006,Wireless Charger,1,2024-10-29 17:45:00,25.14,10012,Netherlands,25.14,2024-10,2024-10-29
530734,SKU-002,Organic Green Tea,4,2025-02-18 18:14:00,7.79,10105,Spain,31.16,2025-02,2025-02-18
530734,SKU-007,Desk Lamp,1,2024-07-21 20:21:00,32.58,10072,France,32.58,2024-07,2024-07-21
530734,SKU-012,Phone Stand,3,2024-05-06 09:30:00,10.62,10162,Portugal,31.86,2024-05,2024-05-06
530735,SKU-011,Cotton Tote Bag,2,2024-07-01 15:30:00,11.14,10106,Netherlands,22.28,2024-07,2024-07-01
530735,SKU-004,Reusable Bottle,1,2025-01-17 17:10:00,14.94,10165,Italy,14.94,2025-01,2025-01-17
530735,SKU-011,Cotton Tote Bag,1,2024-05-03 21:26:00,11.21,10132,Netherlands,11.21,2024-05,2024-05-03
530736,SKU-001,Premium Coffee Beans,2,2024-08-02 11:02:00,11.67,10082,United Kingdom,23.34,2024-08,2024-08-02
530736,SKU-003,Ceramic Mug,1,2024-10-30 17:37:00,7.08,10019,Spain,7.08,2024-10,2024-10-30
530736,SKU-003,Ceramic Mug,2,2024-11-03 10:40:00,7.37,10126,Portugal,14.74,2024-11,2024-11-03
530737,SKU-009,Running Socks,1,2024-08-25 08:57:00,6.55,10163,United Kingdom,6.55,2024-08,2024-08-25
530737,SKU-010,Bluetooth Speaker,1,2024-10-12 10:03:00,43.3,10056,Netherlands,43.3,2024-10,2024-10-12
530737,SKU-003,Ceramic Mug,2,2024-07-21 12:59:00,6.92,10054,Portugal,13.84,2024-07,2024-07-21
530738,SKU-003,Ceramic Mug,2,2024-05-07 16:25:00,7.3,10032,Germany,14.6,2024-05,2024-05-07
530738,SKU-010,Bluetooth Speaker,2,2024-10-12 17:40:00,49.62,10093,Spain,99.24,2024-10,2024-10-12
530738,SKU-001,Premium Coffee Beans,1,2024-07-06 22:46:00,12.08,10007,Spain,12.08,2024-07,2024-07-06
530739,SKU-012,Phone Stand,1,2024-09-12 18:52:00,12.26,10052,United Kingdom,12.26,2024-09,2024-09-12
530739,SKU-005,Notebook A5,2,2024-07-23 09:13:00,5.25,10069,Italy,10.5,2024-07,2024-07-23
530739,SKU-008,Yoga Mat,1,2024-04-09 17:30:00,24.11,10098,France,24.11,2024-04,2024-04-09
530740,SKU-008,Yoga Mat,2,2024-04-14 10:14:00,26.68,10167,Portugal,53.36,2024-04,2024-04-14
530740,SKU-007,Desk Lamp,2,2024-12-16 17:09:00,31.53,10132,Netherlands,63.06,2024-12,2024-12-16
530740,SKU-010,Bluetooth Speaker,1,2024-09-19 21:49:00,46.56,10040,Spain,46.56,2024-09,2024-09-19
530741,SKU-003,Ceramic Mug,5,2025-01-24 17:42:00,8.06,10101,Italy,40.3,2025-01,2025-01-24
530741,SKU-009,Running Socks,5,2024-04-20 12:10:00,6.67,10144,Spain,33.35,2024-04,2024-04-20
530741,SKU-012,Phone Stand,3,2024-09-08 18:21:00,12.5,10090,Italy,37.5,2024-09,2024-09-08
530742,SKU-008,Yoga Mat,1,2024-11-12 17:37:00,22.59,10027,Italy,22.59,2024-11,2024-11-12
530742,SKU-002,Organic Green Tea,1,2024-07-28 11:24:00,9.16,10067,France,9.16,2024-07,2024-07-28
530742,SKU-007,Desk Lamp,2,2024-04-21 10:06:00,34.69,10068,Portugal,69.38,2024-04,2024-04-21
530743,SKU-001,Premium Coffee Beans,2,2024-11-10 11:33:00,12.29,10068,Portugal,24.58,2024-11,2024-11-10
530743,SKU-009,Running Socks,2,2024-08-19 18:26:00,6.52,10154,France,13.04,2024-08,2024-08-19
530743,SKU-003,Ceramic Mug,2,2024-06-10 17:06:00,7.09,10167,Portugal,14.18,2024-06,2024-06-10
530744,SKU-003,Ceramic Mug,2,2024-11-24 15:57:00,7.27,10145,Italy,14.54,2024-11,2024-11-24
530744,SKU-010,Bluetooth Speaker,1,2024-06-11 17:02:00,47.62,10129,France,47.62,2024-06,2024-06-11
530744,SKU-009,Running Socks,1,2024-08-28 16:48:00,7.37,10174,Netherlands,7.37,2024-08,2024-08-28
530745,SKU-002,Organic Green Tea,3,2024-11-23 09:30:00,7.77,10098,France,23.31,2024-11,2024-11-23
530745,SKU-011,Cotton Tote Bag,2,2025-01-04 10:57:00,10.52,10179,Portugal,21.04,2025-01,2025-01-04
530745,SKU-010,Bluetooth Speaker,1,2024-07-27 16:52:00,50.36,10151,Germany,50.36,2024-07,2024-07-27
530746,SKU-001,Premium Coffee Beans,1,2024-12-03 22:49:00,14.3,10039,Portugal,14.3,2024-12,2024-12-03
530746,SKU-011,Cotton Tote Bag,3,2024-10-29 18:27:00,10.2,10032,Germany,30.6,2024-10,2024-10-29
530746,SKU-009,Running Socks,1,2024-06-04 14:23:00,6.7,10149,Italy,6.7,2024-06,2024-06-04
530747,SKU-001,Premium Coffee Beans,2,2024-12-10 19:33:00,14.16,10093,Spain,28.32,2024-12,2024-12-10
530747,SKU-007,Desk Lamp,3,2024-06-03 11:51:00,28.74,10105,Spain,86.22,2024-06,2024-06-03
530747,SKU-008,Yoga Mat,1,2024-06-24 20:49:00,25.77,10153,Germany,25.77,2024-06,2024-06-24
530748,SKU-007,Desk Lamp,4,2024-07-11 13:37:00,28.44,10073,Netherlands,113.76,2024-07,2024-07-11
530748,SKU-012,Phone Stand,2,2024-08-04 22:48:00,11.89,10054,Portugal,23.78,2024-08,2024-08-04
530748,SKU-012,Phone Stand,5,2024-07-01 17:06:00,11.68,10153,Germany,58.4,2024-07,2024-07-01
530749,SKU-007,Desk Lamp,5,2025-05-01 10:16:00,30.2,10099,Italy,151.0,2025-05,2025-05-01
530749,SKU-008,Yoga Mat,1,2024-02-01 20:14:00,21.66,10132,Netherlands,21.66,2024-02,2024-02-01
530749,SKU-002,Organic Green Tea,1,2024-02-23 12:38:00,9.11,10083,Portugal,9.11,2024-02,2024-02-23
530750,SKU-009,Running Socks,2,2024-07-12 14:16:00,6.5,10053,France,13.0,2024-07,2024-07-12
530750,SKU-004,Reusable Bottle,1,2024-09-15 08:45:00,14.25,10072,France,14.25,2024-09,2024-09-15
530750,SKU-012,Phone Stand,1,2024-10-24 20:00:00,12.52,10093,Spain,12.52,2024-10,2024-10-24
530751,SKU-010,Bluetooth Speaker,1,2024-04-04 16:07:00,47.23,10021,Netherlands,47.23,2024-04,2024-04-04
530751,SKU-009,Running Socks,2,2024-09-11 08:24:00,7.8,10048,France,15.6,2024-09,2024-09-11
530751,SKU-011,Cotton Tote Bag,2,2024-08-12 11:44:00,11.26,10099,Italy,22.52,2024-08,2024-08-12
530752,SKU-006,Wireless Charger,1,2024-12-26 14:23:00,23.09,10138,Germany,23.09,2024-12,2024-12-26
530752,SKU-002,Organic Green Tea,3,2024-06-02 10:27:00,9.14,10149,Italy,27.42,2024-06,2024-06-02
530752,SKU-011,Cotton Tote Bag,1,2024-07-11 17:16:00,10.71,10053,France,10.71,2024-07,2024-07-11
530753,SKU-005,Notebook A5,1,2024-11-07 21:34:00,5.09,10042,Germany,5.09,2024-11,2024-11-07
530753,SKU-007,Desk Lamp,1,2024-08-05 17:23:00,32.1,10020,Spain,32.1,2024-08,2024-08-05
530753,SKU-010,Bluetooth Speaker,6,2024-11-07 12:43:00,44.14,10007,Spain,264.84,2024-11,2024-11-07
530754,SKU-007,Desk Lamp,1,2024-10-10 20:13:00,29.5,10058,Portugal,29.5,2024-10,2024-10-10
530754,SKU-007,Desk Lamp,3,2024-06-27 16:50:00,31.34,10034,France,94.02,2024-06,2024-06-27
530754,SKU-009,Running Socks,2,2024-07-25 15:11:00,7.39,10153,Germany,14.78,2024-07,2024-07-25
530755,SKU-006,Wireless Charger,2,2024-09-03 16:35:00,25.27,10004,France,50.54,2024-09,2024-09-03
530755,SKU-008,Yoga Mat,5,2025-01-28 12:19:00,24.67,10170,Netherlands,123.35,2025-01,2025-01-28
530755,SKU-010,Bluetooth Speaker,1,2024-10-30 13:49:00,50.44,10068,Portugal,50.44,2024-10,2024-10-30
530756,SKU-012,Phone Stand,5,2024-12-14 14:47:00,13.16,10039,Portugal,65.8,2024-12,2024-12-14
530756,SKU-003,Ceramic Mug,1,2024-04-25 21:55:00,6.68,10154,France,6.68,2024-04,2024-04-25
530756,SKU-011,Cotton Tote Bag,2,2024-12-09 09:47:00,11.14,10053,France,22.28,2024-12,2024-12-09
530757,SKU-004,Reusable Bottle,1,2024-06-01 15:50:00,13.87,10112,France,13.87,2024-06,2024-06-01
530757,SKU-012,Phone Stand,1,2024-03-14 10:06:00,11.35,10068,Portugal,11.35,2024-03,2024-03-14
530757,SKU-004,Reusable Bottle,2,2024-08-28 16:25:00,15.36,10033,Netherlands,30.72,2024-08,2024-08-28
530758,SKU-006,Wireless Charger,6,2024-06-12 20:35:00,23.57,10077,United Kingdom,141.42,2024-06,2024-06-12
530758,SKU-010,Bluetooth Speaker,2,2025-02-09 19:43:00,44.75,10132,Netherlands,89.5,2025-02,2025-02-09
530758,SKU-012,Phone Stand,1,2024-10-05 08:10:00,11.18,10084,Spain,11.18,2024-10,2024-10-05
530759,SKU-007,Desk Lamp,2,2024-09-15 18:00:00,28.95,10031,Spain,57.9,2024-09,2024-09-15
530759,SKU-002,Organic Green Tea,2,2024-06-02 21:09:00,8.65,10127,France,17.3,2024-06,2024-06-02
530759,SKU-008,Yoga Mat,2,2024-08-10 22:38:00,23.53,10129,France,47.06,2024-08,2024-08-10
530760,SKU-007,Desk Lamp,5,2024-10-24 09:04:00,28.94,10110,Germany,144.7,2024-10,2024-10-24
530760,SKU-005,Notebook A5,4,2024-04-18 11:23:00,6.19,10083,Portugal,24.76,2024-04,2024-04-18
530760,SKU-002,Organic Green Tea,1,2025-02-12 17:02:00,8.42,10169,Germany,8.42,2025-02,2025-02-12
530761,SKU-012,Phone Stand,1,2024-08-22 14:59:00,12.17,10149,Italy,12.17,2024-08,2024-08-22
530761,SKU-007,Desk Lamp,1,2024-10-01 17:41:00,29.82,10138,Germany,29.82,2024-10,2024-10-01
530761,SKU-009,Running Socks,1,2024-08-30 12:45:00,6.79,10066,Netherlands,6.79,2024-08,2024-08-30
530762,SKU-010,Bluetooth Speaker,1,2024-03-05 08:49:00,45.79,10020,Spain,45.79,2024-03,2024-03-05
530762,SKU-003,Ceramic Mug,1,2025-02-22 18:31:00,7.8,10170,Netherlands,7.8,2025-02,2025-02-22
530762,SKU-008,Yoga Mat,2,2024-12-18 08:12:00,22.24,10114,Italy,44.48,2024-12,2024-12-18
530763,SKU-011,Cotton Tote Bag,2,2024-09-29 22:51:00,10.97,10092,France,21.94,2024-09,2024-09-29
530763,SKU-009,Running Socks,2,2024-09-15 12:12:00,6.86,10012,Netherlands,13.72,2024-09,2024-09-15
530763,SKU-001,Premium Coffee Beans,2,2025-01-18 20:38:00,13.21,10063,United Kingdom,26.42,2025-01,2025-01-18
530764,SKU-009,Running Socks,1,2024-04-23 16:44:00,6.32,10149,Italy,6.32,2024-04,2024-04-23
530764,SKU-004,Reusable Bottle,1,2024-07-24 17:10:00,16.19,10007,Spain,16.19,2024-07,2024-07-24
530764,SKU-011,Cotton Tote Bag,1,2024-06-15 08:23:00,9.59,10132,Netherlands,9.59,2024-06,2024-06-15
530765,SKU-004,Reusable Bottle,1,2024-05-09 18:00:00,17.04,10098,France,17.04,2024-05,2024-05-09
530765,SKU-003,Ceramic Mug,1,2024-08-13 09:17:00,7.12,10144,Spain,7.12,2024-08,2024-08-13
530765,SKU-007,Desk Lamp,1,2024-05-06 13:42:00,34.17,10142,France,34.17,2024-05,2024-05-06
530766,SKU-007,Desk Lamp,1,2024-08-04 14:37:00,32.27,10071,Portugal,32.27,2024-08,2024-08-04
530766,SKU-004,Reusable Bottle,1,2024-08-11 16:00:00,13.57,10064,Germany,13.57,2024-08,2024-08-11
530766,SKU-012,Phone Stand,1,2024-03-15 19:04:00,12.23,10137,Germany,12.23,2024-03,2024-03-15
530767,SKU-002,Organic Green Tea,3,2024-09-05 16:18:00,8.09,10137,Germany,24.27,2024-09,2024-09-05
530767,SKU-012,Phone Stand,2,2024-06-24 21:35:00,12.95,10132,Netherlands,25.9,2024-06,2024-06-24
530767,SKU-010,Bluetooth Speaker,8,2025-01-02 13:22:00,48.24,10020,Spain,385.92,2025-01,2025-01-02
530768,SKU-005,Notebook A5,2,2024-06-03 11:38:00,5.46,10166,Spain,10.92,2024-06,2024-06-03
530768,SKU-004,Reusable Bottle,1,2024-11-16 15:59:00,14.95,10012,Netherlands,14.95,2024-11,2024-11-16
530768,SKU-007,Desk Lamp,2,2025-01-08 17:00:00,28.72,10062,Netherlands,57.44,2025-01,2025-01-08
530769,SKU-005,Notebook A5,1,2024-10-31 10:26:00,5.0,10070,Netherlands,5.0,2024-10,2024-10-31
530769,SKU-009,Running Socks,1,2024-06-06 09:35:00,7.83,10123,Spain,7.83,2024-06,2024-06-06
530769,SKU-002,Organic Green Tea,1,2024-02-21 16:18:00,8.68,10004,France,8.68,2024-02,2024-02-21
530770,SKU-006,Wireless Charger,1,2024-05-08 09:51:00,22.76,10092,France,22.76,2024-05,2024-05-08
530770,SKU-009,Running Socks,3,2024-09-14 12:56:00,7.23,10124,Portugal,21.69,2024-09,2024-09-14
530770,SKU-009,Running Socks,1,2024-05-22 21:50:00,6.64,10038,Portugal,6.64,2024-05,2024-05-22
530771,SKU-010,Bluetooth Speaker,1,2024-09-23 12:44:00,51.13,10041,Italy,51.13,2024-09,2024-09-23
530771,SKU-008,Yoga Mat,2,2024-12-14 14:36:00,24.96,10037,United Kingdom,49.92,2024-12,2024-12-14
530771,SKU-008,Yoga Mat,1,2024-03-11 20:15:00,23.43,10045,Spain,23.43,2024-03,2024-03-11
530772,SKU-006,Wireless Charger,1,2024-06-14 20:29:00,24.65,10132,Netherlands,24.65,2024-06,2024-06-14
530772,SKU-011,Cotton Tote Bag,1,2024-11-01 15:57:00,9.87,10140,Germany,9.87,2024-11,2024-11-01
530772,SKU-010,Bluetooth Speaker,1,2024-09-27 21:01:00,51.17,10030,Germany,51.17,2024-09,2024-09-27
530773,SKU-008,Yoga Mat,1,2024-07-21 09:16:00,24.65,10012,Netherlands,24.65,2024-07,2024-07-21
530773,SKU-002,Organic Green Tea,1,2024-12-15 14:40:00,8.83,10004,France,8.83,2024-12,2024-12-15
530773,SKU-004,Reusable Bottle,1,2024-07-12 18:44:00,14.94,10081,France,14.94,2024-07,2024-07-12
530774,SKU-004,Reusable Bottle,6,2024-08-22 20:20:00,14.98,10149,Italy,89.88,2024-08,2024-08-22
530774,SKU-007,Desk Lamp,1,2024-09-20 13:33:00,30.17,10150,Netherlands,30.17,2024-09,2024-09-20
530774,SKU-009,Running Socks,2,2024-12-11 08:44:00,7.56,10132,Netherlands,15.12,2024-12,2024-12-11
530775,SKU-005,Notebook A5,2,2024-12-07 11:18:00,5.33,10040,Spain,10.66,2024-12,2024-12-07
530775,SKU-002,Organic Green Tea,1,2024-08-25 14:43:00,8.4,10033,Netherlands,8.4,2024-08,2024-08-25
530775,SKU-012,Phone Stand,1,2025-01-02 21:21:00,11.09,10099,Italy,11.09,2025-01,2025-01-02
530776,SKU-002,Organic Green Tea,1,2024-09-06 16:59:00,8.11,10041,Italy,8.11,2024-09,2024-09-06
530776,SKU-003,Ceramic Mug,1,2024-11-08 15:20:00,7.87,10050,United Kingdom,7.87,2024-11,2024-11-08
530776,SKU-006,Wireless Charger,2,2024-11-14 11:57:00,21.4,10083,Portugal,42.8,2024-11,2024-11-14
530777,SKU-010,Bluetooth Speaker,3,2024-06-08 12:11:00,42.59,10173,Germany,127.77,2024-06,2024-06-08
530777,SKU-012,Phone Stand,1,2024-11-18 18:59:00,11.7,10024,Netherlands,11.7,2024-11,2024-11-18
530777,SKU-004,Reusable Bottle,2,2024-10-04 15:47:00,16.07,10140,Germany,32.14,2024-10,2024-10-04
530778,SKU-004,Reusable Bottle,1,2024-10-14 11:47:00,13.54,10004,France,13.54,2024-10,2024-10-14
530778,SKU-004,Reusable Bottle,3,2024-10-28 21:16:00,14.5,10004,France,43.5,2024-10,2024-10-28
530778,SKU-004,Reusable Bottle,3,2024-07-14 11:12:00,13.64,10125,United Kingdom,40.92,2024-07,2024-07-14
530779,SKU-004,Reusable Bottle,1,2024-04-25 21:39:00,15.34,10166,Spain,15.34,2024-04,2024-04-25
530779,SKU-006,Wireless Charger,1,2024-07-02 10:49:00,22.0,10137,Germany,22.0,2024-07,2024-07-02
530779,SKU-002,Organic Green Tea,1,2024-09-26 09:58:00,9.62,10178,Netherlands,9.62,2024-09,2024-09-26
530780,SKU-002,Organic Green Tea,6,2025-02-22 18:42:00,9.53,10028,Italy,57.18,2025-02,2025-02-22
530780,SKU-008,Yoga Mat,2,2024-11-23 17:00:00,27.52,10040,Spain,55.04,2024-11,2024-11-23
530780,SKU-009,Running Socks,2,2024-07-24 08:54:00,6.51,10034,France,13.02,2024-07,2024-07-24
530781,SKU-008,Yoga Mat,3,2024-08-29 13:39:00,24.83,10073,Netherlands,74.49,2024-08,2024-08-29
530781,SKU-006,Wireless Charger,1,2024-10-07 15:57:00,22.7,10178,Netherlands,22.7,2024-10,2024-10-07
530781,SKU-010,Bluetooth Speaker,2,2025-02-15 21:17:00,46.6,10071,Portugal,93.2,2025-02,2025-02-15
530782,SKU-008,Yoga Mat,1,2024-06-11 10:48:00,24.61,10137,Germany,24.61,2024-06,2024-06-11
530782,SKU-009,Running Socks,1,2024-09-11 12:25:00,6.24,10004,France,6.24,2024-09,2024-09-11
530782,SKU-004,Reusable Bottle,1,2024-09-26 20:36:00,16.97,10048,France,16.97,2024-09,2024-09-26
530783,SKU-003,Ceramic Mug,1,2025-02-10 08:33:00,7.89,10117,Italy,7.89,2025-02,2025-02-10
530783,SKU-007,Desk Lamp,1,2024-10-25 15:34:00,32.76,10038,Portugal,32.76,2024-10,2024-10-25
530783,SKU-001,Premium Coffee Beans,2,2024-10-10 16:22:00,14.79,10142,France,29.58,2024-10,2024-10-10
530784,SKU-007,Desk Lamp,1,2024-12-19 21:43:00,30.33,10096,Spain,30.33,2024-12,2024-12-19
530784,SKU-003,Ceramic Mug,6,2024-11-01 15:07:00,7.55,10138,Germany,45.3,2024-11,2024-11-01
530784,SKU-012,Phone Stand,1,2024-07-29 16:29:00,12.18,10083,Portugal,12.18,2024-07,2024-07-29
530785,SKU-006,Wireless Charger,2,2024-06-06 19:00:00,23.44,10134,France,46.88,2024-06,2024-06-06
530785,SKU-001,Premium Coffee Beans,1,2024-09-16 18:13:00,14.1,10142,France,14.1,2024-09,2024-09-16
530785,SKU-007,Desk Lamp,1,2025-01-20 17:06:00,29.63,10123,Spain,29.63,2025-01,2025-01-20
530786,SKU-006,Wireless Charger,1,2024-02-13 13:39:00,25.71,10178,Netherlands,25.71,2024-02,2024-02-13
530786,SKU-005,Notebook A5,2,2024-12-12 10:35:00,6.02,10044,France,12.04,2024-12,2024-12-12
530786,SKU-005,Notebook A5,1,2024-11-05 11:17:00,5.02,10178,Netherlands,5.02,2024-11,2024-11-05
530787,SKU-008,Yoga Mat,3,2024-08-02 17:21:00,25.15,10072,France,75.45,2024-08,2024-08-02
530787,SKU-006,Wireless Charger,2,2025-03-17 10:31:00,20.93,10092,France,41.86,2025-03,2025-03-17
530787,SKU-007,Desk Lamp,4,2024-09-02 11:26:00,28.97,10103,Netherlands,115.88,2024-09,2024-09-02
530788,SKU-012,Phone Stand,1,2024-05-19 20:23:00,12.79,10100,Italy,12.79,2024-05,2024-05-19
530788,SKU-006,Wireless Charger,5,2024-12-10 21:25:00,24.58,10095,France,122.9,2024-12,2024-12-10
530788,SKU-005,Notebook A5,1,2024-06-06 15:11:00,6.09,10000,Italy,6.09,2024-06,2024-06-06
530789,SKU-010,Bluetooth Speaker,1,2024-09-11 10:36:00,43.46,10033,Netherlands,43.46,2024-09,2024-09-11
530789,SKU-011,Cotton Tote Bag,2,2024-04-15 11:52:00,9.05,10039,Portugal,18.1,2024-04,2024-04-15
530789,SKU-002,Organic Green Tea,2,2024-09-21 19:17:00,8.55,10068,Portugal,17.1,2024-09,2024-09-21
530790,SKU-004,Reusable Bottle,1,2025-02-14 16:27:00,13.71,10101,Italy,13.71,2025-02,2025-02-14
530790,SKU-007,Desk Lamp,4,2024-12-09 11:09:00,29.8,10124,Portugal,119.2,2024-12,2024-12-09
530790,SKU-012,Phone Stand,2,2024-04-12 10:30:00,12.68,10054,Portugal,25.36,2024-04,2024-04-12
530791,SKU-001,Premium Coffee Beans,2,2024-04-21 10:26:00,13.92,10129,France,27.84,2024-04,2024-04-21
530791,SKU-008,Yoga Mat,3,2024-03-13 10:57:00,21.74,10124,Portugal,65.22,2024-03,2024-03-13
530791,SKU-011,Cotton Tote Bag,1,2024-09-22 16:34:00,11.18,10068,Portugal,11.18,2024-09,2024-09-22
530792,SKU-012,Phone Stand,3,2024-01-06 13:50:00,10.83,10071,Portugal,32.49,2024-01,2024-01-06
530792,SKU-008,Yoga Mat,1,2025-01-27 12:16:00,22.18,10004,France,22.18,2025-01,2025-01-27
530792,SKU-009,Running Socks,1,2025-02-16 21:36:00,6.42,10107,Italy,6.42,2025-02,2025-02-16
530793,SKU-001,Premium Coffee Beans,1,2024-08-20 14:06:00,12.51,10040,Spain,12.51,2024-08,2024-08-20
530793,SKU-012,Phone Stand,2,2024-10-07 10:03:00,11.88,10152,Netherlands,23.76,2024-10,2024-10-07
530793,SKU-004,Reusable Bottle,1,2025-05-07 21:16:00,16.63,10016,United Kingdom,16.63,2025-05,2025-05-07
530794,SKU-008,Yoga Mat,3,2024-04-23 21:40:00,22.96,10159,United Kingdom,68.88,2024-04,2024-04-23
530794,SKU-002,Organic Green Tea,1,2024-04-26 15:47:00,8.65,10000,Italy,8.65,2024-04,2024-04-26
530794,SKU-006,Wireless Charger,4,2024-11-18 12:23:00,25.98,10124,Portugal,103.92,2024-11,2024-11-18
530795,SKU-006,Wireless Charger,1,2024-10-21 16:35:00,22.27,10008,Italy,22.27,2024-10,2024-10-21
530795,SKU-005,Notebook A5,1,2024-07-02 13:01:00,5.55,10045,Spain,5.55,2024-07,2024-07-02
530795,SKU-007,Desk Lamp,1,2024-10-24 09:22:00,31.4,10080,Portugal,31.4,2024-10,2024-10-24
530796,SKU-011,Cotton Tote Bag,1,2024-07-28 17:12:00,10.75,10044,France,10.75,2024-07,2024-07-28
530796,SKU-010,Bluetooth Speaker,2,2024-06-20 17:41:00,47.12,10135,Spain,94.24,2024-06,2024-06-20
530796,SKU-011,Cotton Tote Bag,1,2024-09-19 16:11:00,10.13,10103,Netherlands,10.13,2024-09,2024-09-19
530797,SKU-005,Notebook A5,2,2024-04-27 13:20:00,5.87,10101,Italy,11.74,2024-04,2024-04-27
530797,SKU-011,Cotton Tote Bag,1,2025-03-21 16:31:00,11.28,10026,Italy,11.28,2025-03,2025-03-21
530797,SKU-012,Phone Stand,1,2024-06-01 15:56:00,11.75,10011,Italy,11.75,2024-06,2024-06-01
530798,SKU-002,Organic Green Tea,6,2024-10-13 14:39:00,8.4,10149,Italy,50.4,2024-10,2024-10-13
530798,SKU-005,Notebook A5,1,2025-01-28 15:40:00,6.04,10107,Italy,6.04,2025-01,2025-01-28
530798,SKU-003,Ceramic Mug,1,2024-07-10 21:10:00,6.54,10100,Italy,6.54,2024-07,2024-07-10
530799,SKU-011,Cotton Tote Bag,1,2024-07-20 20:59:00,10.08,10148,France,10.08,2024-07,2024-07-20
530799,SKU-006,Wireless Charger,1,2025-01-01 14:40:00,25.75,10148,France,25.75,2025-01,2025-01-01
530799,SKU-010,Bluetooth Speaker,1,2024-06-13 17:25:00,44.7,10168,Italy,44.7,2024-06,2024-06-13
530800,SKU-002,Organic Green Tea,1,2024-10-05 09:10:00,8.66,10062,Netherlands,8.66,2024-10,2024-10-05
530800,SKU-006,Wireless Charger,1,2024-10-16 11:20:00,24.98,10151,Germany,24.98,2024-10,2024-10-16
530800,SKU-006,Wireless Charger,4,2024-11-11 18:18:00,25.92,10135,Spain,103.68,2024-11,2024-11-11
530801,SKU-012,Phone Stand,1,2024-02-11 12:38:00,10.37,10062,Netherlands,10.37,2024-02,2024-02-11
530801,SKU-011,Cotton Tote Bag,1,2024-06-29 14:17:00,9.35,10044,France,9.35,2024-06,2024-06-29
530801,SKU-008,Yoga Mat,4,2024-02-02 20:55:00,26.02,10004,France,104.08,2024-02,2024-02-02
530802,SKU-006,Wireless Charger,5,2025-01-19 19:37:00,24.35,10029,Netherlands,121.75,2025-01,2025-01-19
530802,SKU-009,Running Socks,1,2025-04-01 15:26:00,7.72,10124,Portugal,7.72,2025-04,2025-04-01
530802,SKU-003,Ceramic Mug,2,2024-07-26 10:54:00,8.09,10160,Portugal,16.18,2024-07,2024-07-26
530803,SKU-001,Premium Coffee Beans,2,2024-04-21 10:46:00,14.58,10053,France,29.16,2024-04,2024-04-21
530803,SKU-004,Reusable Bottle,1,2024-09-21 18:16:00,16.37,10028,Italy,16.37,2024-09,2024-09-21
530803,SKU-012,Phone Stand,1,2024-01-11 19:47:00,12.53,10111,Germany,12.53,2024-01,2024-01-11
530804,SKU-002,Organic Green Tea,3,2024-08-27 11:10:00,9.57,10178,Netherlands,28.71,2024-08,2024-08-27
530804,SKU-007,Desk Lamp,2,2024-09-01 09:06:00,31.88,10073,Netherlands,63.76,2024-09,2024-09-01
530804,SKU-002,Organic Green Tea,2,2024-07-17 22:56:00,8.2,10138,Germany,16.4,2024-07,2024-07-17
530805,SKU-008,Yoga Mat,2,2024-06-18 16:03:00,22.49,10005,Spain,44.98,2024-06,2024-06-18
530805,SKU-001,Premium Coffee Beans,2,2024-11-19 20:25:00,13.23,10120,Portugal,26.46,2024-11,2024-11-19
530805,SKU-009,Running Socks,5,2024-12-10 20:05:00,7.31,10159,United Kingdom,36.55,2024-12,2024-12-10
530806,SKU-002,Organic Green Tea,8,2024-07-04 12:39:00,8.08,10054,Portugal,64.64,2024-07,2024-07-04
530806,SKU-003,Ceramic Mug,1,2025-03-24 09:41:00,7.54,10080,Portugal,7.54,2025-03,2025-03-24
530806,SKU-007,Desk Lamp,2,2024-09-06 12:14:00,28.6,10099,Italy,57.2,2024-09,2024-09-06
530807,SKU-004,Reusable Bottle,2,2024-08-16 19:18:00,16.34,10110,Germany,32.68,2024-08,2024-08-16
530807,SKU-008,Yoga Mat,1,2024-05-22 18:08:00,23.83,10041,Italy,23.83,2024-05,2024-05-22
530807,SKU-003,Ceramic Mug,3,2024-08-06 16:53:00,7.54,10150,Netherlands,22.62,2024-08,2024-08-06
530808,SKU-003,Ceramic Mug,1,2024-05-24 08:02:00,8.23,10129,France,8.23,2024-05,2024-05-24
530808,SKU-011,Cotton Tote Bag,8,2024-07-24 13:55:00,10.65,10111,Germany,85.2,2024-07,2024-07-24
530808,SKU-006,Wireless Charger,1,2024-09-09 21:30:00,22.44,10040,Spain,22.44,2024-09,2024-09-09
530809,SKU-008,Yoga Mat,1,2024-03-07 21:34:00,25.83,10032,Germany,25.83,2024-03,2024-03-07
530809,SKU-005,Notebook A5,1,2024-05-26 16:28:00,5.0,10090,Italy,5.0,2024-05,2024-05-26
530809,SKU-003,Ceramic Mug,1,2024-11-20 19:34:00,6.52,10110,Germany,6.52,2024-11,2024-11-20
530810,SKU-003,Ceramic Mug,4,2024-11-08 17:38:00,6.61,10044,France,26.44,2024-11,2024-11-08
530810,SKU-008,Yoga Mat,1,2024-12-27 18:47:00,25.2,10148,France,25.2,2024-12,2024-12-27
530810,SKU-011,Cotton Tote Bag,10,2024-06-19 22:36:00,10.45,10124,Portugal,104.5,2024-06,2024-06-19
530811,SKU-007,Desk Lamp,1,2024-02-12 16:40:00,29.29,10083,Portugal,29.29,2024-02,2024-02-12
530811,SKU-011,Cotton Tote Bag,2,2024-09-20 16:19:00,8.99,10119,Portugal,17.98,2024-09,2024-09-20
530811,SKU-006,Wireless Charger,5,2024-08-10 15:34:00,24.19,10086,United Kingdom,120.95,2024-08,2024-08-10
530812,SKU-004,Reusable Bottle,3,2024-09-11 20:05:00,16.72,10139,Italy,50.16,2024-09,2024-09-11
530812,SKU-008,Yoga Mat,4,2024-06-22 12:23:00,23.28,10071,Portugal,93.12,2024-06,2024-06-22
530812,SKU-007,Desk Lamp,3,2024-08-16 12:09:00,30.15,10008,Italy,90.45,2024-08,2024-08-16
530813,SKU-005,Notebook A5,4,2024-12-21 08:00:00,5.61,10042,Germany,22.44,2024-12,2024-12-21
530813,SKU-009,Running Socks,1,2024-08-09 21:48:00,7.79,10110,Germany,7.79,2024-08,2024-08-09
530813,SKU-003,Ceramic Mug,1,2024-07-26 13:18:00,7.38,10024,Netherlands,7.38,2024-07,2024-07-26
530814,SKU-008,Yoga Mat,1,2024-05-12 16:00:00,24.68,10083,Portugal,24.68,2024-05,2024-05-12
530814,SKU-012,Phone Stand,1,2024-03-31 22:31:00,12.54,10044,France,12.54,2024-03,2024-03-31
530814,SKU-008,Yoga Mat,2,2024-11-11 12:00:00,25.68,10077,United Kingdom,51.36,2024-11,2024-11-11
530815,SKU-007,Desk Lamp,1,2024-08-04 20:18:00,33.39,10087,Germany,33.39,2024-08,2024-08-04
530815,SKU-010,Bluetooth Speaker,3,2025-01-09 11:50:00,42.42,10090,Italy,127.26,2025-01,2025-01-09
530815,SKU-001,Premium Coffee Beans,2,2024-07-13 16:23:00,11.67,10026,Italy,23.34,2024-07,2024-07-13
530816,SKU-004,Reusable Bottle,1,2025-02-09 14:56:00,16.19,10158,Germany,16.19,2025-02,2025-02-09
530816,SKU-009,Running Socks,1,2024-06-20 14:25:00,7.11,10135,Spain,7.11,2024-06,2024-06-20
530816,SKU-004,Reusable Bottle,1,2024-07-19 10:45:00,14.1,10033,Netherlands,14.1,2024-07,2024-07-19
530817,SKU-012,Phone Stand,3,2024-05-24 18:24:00,10.43,10039,Portugal,31.29,2024-05,2024-05-24
530817,SKU-007,Desk Lamp,8,2024-07-22 11:16:00,29.28,10113,Italy,234.24,2024-07,2024-07-22
530817,SKU-002,Organic Green Tea,4,2024-12-01 14:40:00,8.97,10103,Netherlands,35.88,2024-12,2024-12-01
530818,SKU-004,Reusable Bottle,2,2024-04-16 16:48:00,16.05,10057,France,32.1,2024-04,2024-04-16
530818,SKU-010,Bluetooth Speaker,6,2024-06-29 20:44:00,40.71,10131,Spain,244.26,2024-06,2024-06-29
530818,SKU-011,Cotton Tote Bag,2,2024-12-04 12:18:00,9.39,10098,France,18.78,2024-12,2024-12-04
530819,SKU-011,Cotton Tote Bag,1,2024-07-22 19:34:00,11.04,10047,Portugal,11.04,2024-07,2024-07-22
530819,SKU-005,Notebook A5,3,2024-09-28 14:12:00,5.9,10087,Germany,17.7,2024-09,2024-09-28
530819,SKU-002,Organic Green Tea,3,2024-07-04 10:08:00,8.81,10062,Netherlands,26.43,2024-07,2024-07-04
530820,SKU-005,Notebook A5,1,2024-07-18 09:40:00,5.22,10040,Spain,5.22,2024-07,2024-07-18
530820,SKU-008,Yoga Mat,1,2024-12-02 17:28:00,27.5,10173,Germany,27.5,2024-12,2024-12-02
530820,SKU-005,Notebook A5,2,2024-06-26 19:39:00,4.91,10004,France,9.82,2024-06,2024-06-26
530821,SKU-008,Yoga Mat,5,2024-02-08 11:20:00,25.13,10072,France,125.65,2024-02,2024-02-08
530821,SKU-001,Premium Coffee Beans,4,2024-04-12 10:03:00,13.81,10092,France,55.24,2024-04,2024-04-12
530821,SKU-009,Running Socks,2,2025-02-19 08:11:00,7.63,10124,Portugal,15.26,2025-02,2025-02-19
530822,SKU-002,Organic Green Tea,1,2024-08-11 12:17:00,8.31,10006,Spain,8.31,2024-08,2024-08-11
530822,SKU-003,Ceramic Mug,1,2024-08-20 19:28:00,8.24,10082,United Kingdom,8.24,2024-08,2024-08-20
530822,SKU-012,Phone Stand,5,2024-09-02 08:14:00,12.14,10015,Germany,60.7,2024-09,2024-09-02
530823,SKU-002,Organic Green Tea,1,2024-08-19 10:00:00,8.52,10149,Italy,8.52,2024-08,2024-08-19
530823,SKU-008,Yoga Mat,5,2024-12-19 11:21:00,22.25,10068,Portugal,111.25,2024-12,2024-12-19
530823,SKU-007,Desk Lamp,1,2024-04-21 12:50:00,33.23,10020,Spain,33.23,2024-04,2024-04-21
530824,SKU-008,Yoga Mat,2,2024-01-31 13:29:00,23.5,10028,Italy,47.0,2024-01,2024-01-31
530824,SKU-012,Phone Stand,1,2025-03-23 20:02:00,12.86,10124,Portugal,12.86,2025-03,2025-03-23
530824,SKU-006,Wireless Charger,1,2024-12-27 09:53:00,25.83,10068,Portugal,25.83,2024-12,2024-12-27
530825,SKU-003,Ceramic Mug,1,2025-04-28 08:17:00,6.95,10148,France,6.95,2025-04,2025-04-28
530825,SKU-007,Desk Lamp,4,2024-06-20 09:34:00,35.5,10131,Spain,142.0,2024-06,2024-06-20
530825,SKU-008,Yoga Mat,8,2024-07-06 10:12:00,27.32,10056,Netherlands,218.56,2024-07,2024-07-06
530826,SKU-005,Notebook A5,2,2024-09-15 21:24:00,5.51,10008,Italy,11.02,2024-09,2024-09-15
530826,SKU-001,Premium Coffee Beans,2,2024-06-03 09:49:00,13.39,10040,Spain,26.78,2024-06,2024-06-03
530826,SKU-012,Phone Stand,6,2024-02-29 11:24:00,10.92,10045,Spain,65.52,2024-02,2024-02-29
530827,SKU-008,Yoga Mat,1,2024-06-19 11:47:00,24.55,10044,France,24.55,2024-06,2024-06-19
530827,SKU-001,Premium Coffee Beans,2,2024-09-27 11:29:00,11.9,10153,Germany,23.8,2024-09,2024-09-27
530827,SKU-012,Phone Stand,1,2024-12-02 20:06:00,11.07,10126,Portugal,11.07,2024-12,2024-12-02
530828,SKU-009,Running Socks,1,2025-01-02 18:13:00,6.43,10073,Netherlands,6.43,2025-01,2025-01-02
530828,SKU-008,Yoga Mat,1,2024-11-03 14:43:00,27.03,10101,Italy,27.03,2024-11,2024-11-03
530828,SKU-005,Notebook A5,1,2025-02-08 22:20:00,5.56,10080,Portugal,5.56,2025-02,2025-02-08
530829,SKU-003,Ceramic Mug,2,2024-10-29 18:46:00,6.67,10089,Germany,13.34,2024-10,2024-10-29
530829,SKU-001,Premium Coffee Beans,1,2024-04-05 19:59:00,14.15,10148,France,14.15,2024-04,2024-04-05
530829,SKU-009,Running Socks,1,2024-10-13 16:07:00,7.73,10068,Portugal,7.73,2024-10,2024-10-13
530830,SKU-005,Notebook A5,6,2025-01-06 15:40:00,4.86,10158,Germany,29.16,2025-01,2025-01-06
530830,SKU-005,Notebook A5,3,2024-08-01 11:23:00,5.67,10069,Italy,17.01,2024-08,2024-08-01
530830,SKU-001,Premium Coffee Beans,1,2025-01-25 21:42:00,13.23,10107,Italy,13.23,2025-01,2025-01-25
530831,SKU-004,Reusable Bottle,10,2024-09-05 09:15:00,14.17,10086,United Kingdom,141.7,2024-09,2024-09-05
530831,SKU-011,Cotton Tote Bag,3,2024-11-28 14:20:00,10.86,10095,France,32.58,2024-11,2024-11-28
530831,SKU-001,Premium Coffee Beans,1,2025-01-03 10:50:00,14.49,10128,Germany,14.49,2025-01,2025-01-03
530832,SKU-005,Notebook A5,1,2025-03-20 17:07:00,6.03,10036,Portugal,6.03,2025-03,2025-03-20
530832,SKU-007,Desk Lamp,4,2024-09-17 20:15:00,33.44,10159,United Kingdom,133.76,2024-09,2024-09-17
530832,SKU-001,Premium Coffee Beans,1,2024-11-17 08:37:00,13.24,10098,France,13.24,2024-11,2024-11-17
530833,SKU-012,Phone Stand,1,2024-09-04 15:44:00,10.84,10119,Portugal,10.84,2024-09,2024-09-04
530000,SKU-005,Notebook A5,1,2024-08-19 11:45:00,5.18,-2147483648,France,5.18,2024-08,2024-08-19
530000,SKU-003,Ceramic Mug,1,2024-12-03 21:48:00,7.77,-2147483648,France,7.77,2024-12,2024-12-03
530001,SKU-005,Notebook A5,1,2024-08-30 12:52:00,5.34,1455905409,Portugal,5.34,2024-08,2024-08-30
530001,SKU-007,Desk Lamp,3,2024-11-17 14:52:00,36.16,1092425570,Germany,108.48,2024-11,2024-11-17
530001,SKU-011,Cotton Tote Bag,1,2024-04-16 08:30:00,11.38,168411885,Netherlands,11.38,2024-04,2024-04-16
530002,SKU-003,Ceramic Mug,2,2024-08-13 21:25:00,7.47,-2147483648,Netherlands,14.94,2024-08,2024-08-13
530002,SKU-012,Phone Stand,1,2024-07-10 19:13:00,10.79,1532026711,Italy,10.79,2024-07,2024-07-10
530002,SKU-009,Running Socks,1,2024-04-11 17:50:00,6.72,-2147483648,United Kingdom,6.72,2024-04,2024-04-11
530003,SKU-008,Yoga Mat,1,2024-03-15 19:52:00,27.34,-2147483648,Spain,27.34,2024-03,2024-03-15
530003,SKU-002,Organic Green Tea,1,2024-11-12 13:54:00,8.88,1532026711,Italy,8.88,2024-11,2024-11-12
530003,SKU-012,Phone Stand,1,2024-09-04 14:13:00,11.56,1669324898,Portugal,11.56,2024-09,2024-09-04
530004,SKU-009,Running Socks,3,2024-09-02 08:23:00,7.34,-2147483648,France,22.02,2024-09,2024-09-02
530004,SKU-011,Cotton Tote Bag,2,2024-07-29 21:22:00,10.63,-2147483648,France,21.26,2024-07,2024-07-29
530005,SKU-007,Desk Lamp,2,2024-05-16 14:43:00,33.7,1532026711,Italy,67.4,2024-05,2024-05-16
530005,SKU-012,Phone Stand,4,2024-09-11 16:19:00,11.46,-2147483648,Portugal,45.84,2024-09,2024-09-11
530005,SKU-001,Premium Coffee Beans,1,2025-01-25 17:50:00,11.68,-2147483648,France,11.68,2025-01,2025-01-25
530006,SKU-003,Ceramic Mug,5,2024-08-10 10:21:00,7.25,-2147483648,France,36.25,2024-08,2024-08-10
530006,SKU-010,Bluetooth Speaker,1,2024-05-25 22:38:00,40.71,1374553813,France,40.71,2024-05,2024-05-25
530006,SKU-007,Desk Lamp,5,2024-04-25 14:13:00,30.01,1551467267,United Kingdom,150.05,2024-04,2024-04-25
530007,SKU-002,Organic Green Tea,3,2024-07-02 16:24:00,9.52,1205261705,Netherlands,28.56,2024-07,2024-07-02
530007,SKU-002,Organic Green Tea,5,2024-09-22 13:36:00,9.05,-2147483648,France,45.25,2024-09,2024-09-22
530007,SKU-011,Cotton Tote Bag,3,2024-05-24 22:19:00,9.03,1117373196,France,27.09,2024-05,2024-05-24
530008,SKU-002,Organic Green Tea,3,2024-11-20 18:35:00,8.75,1326335706,Italy,26.25,2024-11,2024-11-20
530008,SKU-012,Phone Stand,1,2024-12-24 17:31:00,12.61,1403566220,United Kingdom,12.61,2024-12,2024-12-24
530008,SKU-004,Reusable Bottle,1,2025-03-09 09:58:00,16.8,218130993,Germany,16.8,2025-03,2025-03-09
530009,SKU-005,Notebook A5,1,2024-10-08 11:14:00,5.64,218130993,Germany,5.64,2024-10,2024-10-08
530009,SKU-009,Running Socks,1,2024-08-13 09:29:00,7.2,1326335706,Italy,7.2,2024-08,2024-08-13
530009,SKU-009,Running Socks,1,2024-11-23 08:10:00,7.13,-2147483648,Germany,7.13,2024-11,2024-11-23
530010,SKU-007,Desk Lamp,1,2025-01-15 14:10:00,34.3,-2147483648,Portugal,34.3,2025-01,2025-01-15
530010,SKU-003,Ceramic Mug,5,2024-04-07 16:26:00,8.21,-2147483648,Germany,41.05,2024-04,2024-04-07
530010,SKU-002,Organic Green Tea,1,2024-08-20 14:57:00,8.41,1631149627,Italy,8.41,2024-08,2024-08-20
530011,SKU-012,Phone Stand,1,2024-03-18 18:30:00,12.19,-2147483648,Germany,12.19,2024-03,2024-03-18
530011,SKU-010,Bluetooth Speaker,2,2024-09-16 12:37:00,42.73,-2147483648,Portugal,85.46,2024-09,2024-09-16
530012,SKU-012,Phone Stand,1,2024-08-22 18:29:00,12.65,-2147483648,France,12.65,2024-08,2024-08-22
530012,SKU-001,Premium Coffee Beans,1,2024-11-10 10:28:00,12.21,-2147483648,Germany,12.21,2024-11,2024-11-10
530012,SKU-007,Desk Lamp,1,2024-08-26 17:51:00,35.06,-2147483648,Spain,35.06,2024-08,2024-08-26
530013,SKU-006,Wireless Charger,1,2024-07-11 22:36:00,25.6,-2147483648,France,25.6,2024-07,2024-07-11
530013,SKU-008,Yoga Mat,2,2024-11-11 15:36:00,25.33,-2147483648,France,50.66,2024-11,2024-11-11
530013,SKU-002,Organic Green Tea,2,2024-10-30 12:41:00,9.4,-2147483648,Spain,18.8,2024-10,2024-10-30
530014,SKU-008,Yoga Mat,1,2024-08-30 13:44:00,25.9,218130993,Germany,25.9,2024-08,2024-08-30
530014,SKU-005,Notebook A5,1,2024-07-25 14:39:00,6.12,1298664459,United Kingdom,6.12,2024-07,2024-07-25
530014,SKU-003,Ceramic Mug,1,2024-10-21 14:15:00,8.26,1374553813,France,8.26,2024-10,2024-10-21
530015,SKU-010,Bluetooth Speaker,2,2024-06-10 19:27:00,50.36,-2147483648,Netherlands,100.72,2024-06,2024-06-10
530015,SKU-011,Cotton Tote Bag,4,2024-07-22 10:44:00,9.06,-2147483648,Portugal,36.24,2024-07,2024-07-22
530015,SKU-007,Desk Lamp,1,2024-11-07 19:02:00,35.89,-2147483648,France,35.89,2024-11,2024-11-07
530016,SKU-003,Ceramic Mug,4,2024-08-25 12:56:00,7.87,256300136,Germany,31.48,2024-08,2024-08-25
530016,SKU-005,Notebook A5,2,2024-09-08 18:58:00,5.7,-2147483648,United Kingdom,11.4,2024-09,2024-09-08
530016,SKU-012,Phone Stand,1,2024-12-11 19:57:00,13.08,-2147483648,Germany,13.08,2024-12,2024-12-11
530017,SKU-008,Yoga Mat,2,2024-11-14 14:48:00,25.57,-2147483648,Germany,51.14,2024-11,2024-11-14
530017,SKU-006,Wireless Charger,4,2024-08-24 09:48:00,20.96,-2147483648,Netherlands,83.84,2024-08,2024-08-24
530017,SKU-006,Wireless Charger,2,2024-12-28 14:28:00,21.4,-2147483648,United Kingdom,42.8,2024-12,2024-12-28
530018,SKU-004,Reusable Bottle,5,2024-05-15 16:02:00,16.54,-2147483648,Spain,82.7,2024-05,2024-05-15
530018,SKU-002,Organic Green Tea,2,2024-05-08 18:44:00,9.07,-2147483648,Netherlands,18.14,2024-05,2024-05-08
530018,SKU-008,Yoga Mat,1,2024-08-15 14:21:00,24.26,1298664459,United Kingdom,24.26,2024-08,2024-08-15
530019,SKU-002,Organic Green Tea,2,2024-06-08 19:58:00,9.07,1345088738,Germany,18.14,2024-06,2024-06-08
530019,SKU-011,Cotton Tote Bag,4,2024-12-20 19:29:00,11.23,218130993,Germany,44.92,2024-12,2024-12-20
530020,SKU-002,Organic Green Tea,4,2024-03-30 09:35:00,9.45,1210522254,United Kingdom,37.8,2024-03,2024-03-30
530020,SKU-012,Phone Stand,1,2024-03-25 15:08:00,12.3,1551467267,United Kingdom,12.3,2024-03,2024-03-25
530020,SKU-005,Notebook A5,1,2024-10-27 21:10:00,6.09,-2147483648,Germany,6.09,2024-10,2024-10-27
530021,SKU-001,Premium Coffee Beans,1,2024-08-08 17:06:00,12.38,-2147483648,Netherlands,12.38,2024-08,2024-08-08
530021,SKU-002,Organic Green Tea,1,2025-03-15 16:47:00,8.87,1205261705,Netherlands,8.87,2025-03,2025-03-15
530022,SKU-005,Notebook A5,6,2024-07-04 10:28:00,4.88,-2147483648,Spain,29.28,2024-07,2024-07-04
530022,SKU-004,Reusable Bottle,2,2024-05-11 19:02:00,13.66,-2147483648,Portugal,27.32,2024-05,2024-05-11
530022,SKU-009,Running Socks,2,2024-04-28 11:28:00,6.75,1175764926,Germany,13.5,2024-04,2024-04-28
530023,SKU-011,Cotton Tote Bag,1,2024-09-08 20:33:00,9.12,-2147483648,Germany,9.12,2024-09,2024-09-08
530023,SKU-012,Phone Stand,1,2024-06-25 18:57:00,10.62,-2147483648,France,10.62,2024-06,2024-06-25
530023,SKU-012,Phone Stand,5,2024-11-10 12:28:00,12.69,-2147483648,Germany,63.45,2024-11,2024-11-10
530024,SKU-001,Premium Coffee Beans,6,2024-11-23 08:49:00,13.57,1210522254,United Kingdom,81.42,2024-11,2024-11-23
530024,SKU-004,Reusable Bottle,1,2024-10-29 22:15:00,17.23,1130080571,Germany,17.23,2024-10,2024-10-29
530025,SKU-001,Premium Coffee Beans,1,2024-08-02 08:21:00,14.02,-2147483648,Spain,14.02,2024-08,2024-08-02
530025,SKU-011,Cotton Tote Bag,4,2024-06-17 18:04:00,11.13,1298664459,United Kingdom,44.52,2024-06,2024-06-17
530025,SKU-002,Organic Green Tea,1,2024-11-11 20:53:00,8.3,-2147483648,Germany,8.3,2024-11,2024-11-11
530026,SKU-003,Ceramic Mug,1,2024-11-09 19:10:00,7.07,-2147483648,France,7.07,2024-11,2024-11-09
530026,SKU-009,Running Socks,2,2024-11-13 09:52:00,7.76,139426996,Germany,15.52,2024-11,2024-11-13
530026,SKU-009,Running Socks,1,2024-07-18 18:12:00,6.96,-2147483648,Germany,6.96,2024-07,2024-07-18
530027,SKU-009,Running Socks,1,2024-07-17 14:27:00,7.56,-2147483648,France,7.56,2024-07,2024-07-17
530027,SKU-004,Reusable Bottle,2,2024-12-12 09:22:00,16.44,256300136,Germany,32.88,2024-12,2024-12-12
530027,SKU-001,Premium Coffee Beans,1,2025-03-30 14:41:00,13.45,256300136,Germany,13.45,2025-03,2025-03-30
530028,SKU-007,Desk Lamp,1,2024-10-31 11:29:00,35.63,1685473470,United Kingdom,35.63,2024-10,2024-10-31
530028,SKU-011,Cotton Tote Bag,1,2025-01-13 21:17:00,11.18,2026944232,Italy,11.18,2025-01,2025-01-13
530028,SKU-006,Wireless Charger,1,2024-10-20 08:04:00,22.5,-2147483648,Spain,22.5,2024-10,2024-10-20
530029,SKU-007,Desk Lamp,1,2024-03-09 12:49:00,29.99,1298664459,United Kingdom,29.99,2024-03,2024-03-09
530029,SKU-002,Organic Green Tea,1,2024-03-31 19:34:00,9.26,-2147483648,Spain,9.26,2024-03,2024-03-31
530029,SKU-010,Bluetooth Speaker,5,2024-08-02 10:16:00,48.04,2031279327,Portugal,240.2,2024-08,2024-08-02
530030,SKU-010,Bluetooth Speaker,1,2024-09-26 13:40:00,46.81,1743953104,Netherlands,46.81,2024-09,2024-09-26
530030,SKU-011,Cotton Tote Bag,2,2024-10-24 22:49:00,10.02,-2147483648,Spain,20.04,2024-10,2024-10-24
530030,SKU-006,Wireless Charger,2,2025-04-09 10:40:00,25.3,1298664459,United Kingdom,50.6,2025-04,2025-04-09
530031,SKU-012,Phone Stand,1,2024-09-25 13:54:00,12.42,-2147483648,Portugal,12.42,2024-09,2024-09-25
530031,SKU-002,Organic Green Tea,3,2024-07-06 13:01:00,8.04,-2147483648,Netherlands,24.12,2024-07,2024-07-06
530031,SKU-010,Bluetooth Speaker,2,2024-10-29 15:24:00,44.17,-2147483648,France,88.34,2024-10,2024-10-29
530032,SKU-012,Phone Stand,1,2024-04-21 11:32:00,12.37,168411885,Netherlands,12.37,2024-04,2024-04-21
530032,SKU-002,Organic Green Tea,1,2024-11-13 12:15:00,9.29,2026944232,Italy,9.29,2024-11,2024-11-13
530033,SKU-004,Reusable Bottle,1,2024-06-04 17:05:00,15.71,-2147483648,Italy,15.71,2024-06,2024-06-04
530033,SKU-006,Wireless Charger,1,2024-04-24 15:18:00,24.71,-2147483648,Spain,24.71,2024-04,2024-04-24
530033,SKU-007,Desk Lamp,1,2024-05-15 11:41:00,30.83,-2147483648,Netherlands,30.83,2024-05,2024-05-15
530034,SKU-012,Phone Stand,1,2024-02-20 17:28:00,10.63,1432582759,Netherlands,10.63,2024-02,2024-02-20
530034,SKU-006,Wireless Charger,2,2024-04-20 10:17:00,23.82,-2147483648,France,47.64,2024-04,2024-04-20
530034,SKU-001,Premium Coffee Beans,1,2024-05-26 16:50:00,11.83,1992550224,Netherlands,11.83,2024-05,2024-05-26
530035,SKU-011,Cotton Tote Bag,1,2024-12-20 21:18:00,9.15,256300136,Germany,9.15,2024-12,2024-12-20
530035,SKU-004,Reusable Bottle,1,2024-11-24 21:46:00,14.65,1909084044,United Kingdom,14.65,2024-11,2024-11-24
530035,SKU-004,Reusable Bottle,1,2024-04-10 11:34:00,17.02,-2147483648,Spain,17.02,2024-04,2024-04-10
530036,SKU-011,Cotton Tote Bag,3,2024-10-20 11:51:00,10.18,-2147483648,Netherlands,30.54,2024-10,2024-10-20
530036,SKU-012,Phone Stand,2,2024-05-19 11:38:00,11.54,-2147483648,Portugal,23.08,2024-05,2024-05-19
530036,SKU-009,Running Socks,3,2024-10-28 13:11:00,7.37,139426996,Germany,22.11,2024-10,2024-10-28
530037,SKU-001,Premium Coffee Beans,1,2024-03-14 09:55:00,13.93,1938616789,Portugal,13.93,2024-03,2024-03-14
530037,SKU-004,Reusable Bottle,1,2024-04-14 08:40:00,15.28,1532026711,Italy,15.28,2024-04,2024-04-14
530037,SKU-004,Reusable Bottle,2,2024-03-17 10:05:00,17.15,1269026528,France,34.3,2024-03,2024-03-17
530038,SKU-009,Running Socks,1,2025-02-05 21:50:00,6.99,-2147483648,Netherlands,6.99,2025-02,2025-02-05
530038,SKU-004,Reusable Bottle,1,2024-12-22 16:05:00,15.97,1205261705,Netherlands,15.97,2024-12,2024-12-22
530038,SKU-008,Yoga Mat,6,2024-05-15 12:10:00,26.07,-2147483648,France,156.42,2024-05,2024-05-15
530039,SKU-004,Reusable Bottle,1,2024-05-26 14:11:00,16.76,218130993,Germany,16.76,2024-05,2024-05-26
530039,SKU-005,Notebook A5,2,2024-09-08 12:36:00,5.84,-2147483648,Germany,11.68,2024-09,2024-09-08
530039,SKU-011,Cotton Tote Bag,1,2024-08-01 11:17:00,11.04,-2147483648,Germany,11.04,2024-08,2024-08-01
530040,SKU-008,Yoga Mat,1,2025-02-13 09:23:00,26.38,-2147483648,Spain,26.38,2025-02,2025-02-13
530040,SKU-003,Ceramic Mug,10,2024-10-31 15:28:00,6.77,-2147483648,France,67.7,2024-10,2024-10-31
530040,SKU-010,Bluetooth Speaker,2,2024-11-30 19:27:00,43.19,1669324898,Portugal,86.38,2024-11,2024-11-30
530041,SKU-008,Yoga Mat,1,2024-10-02 08:48:00,22.63,1806136113,Netherlands,22.63,2024-10,2024-10-02
530041,SKU-002,Organic Green Tea,2,2024-11-29 20:58:00,8.71,-2147483648,Portugal,17.42,2024-11,2024-11-29
530042,SKU-003,Ceramic Mug,1,2024-08-07 12:24:00,7.46,-2147483648,Spain,7.46,2024-08,2024-08-07
530042,SKU-008,Yoga Mat,1,2024-12-11 12:24:00,26.21,168411885,Netherlands,26.21,2024-12,2024-12-11
530042,SKU-008,Yoga Mat,3,2024-11-19 09:21:00,26.27,-2147483648,Netherlands,78.81,2024-11,2024-11-19
530043,SKU-008,Yoga Mat,1,2024-07-01 11:09:00,26.93,1519564128,France,26.93,2024-07,2024-07-01
530043,SKU-001,Premium Coffee Beans,5,2024-03-29 08:55:00,13.63,-2147483648,France,68.15,2024-03,2024-03-29
530043,SKU-012,Phone Stand,1,2024-05-19 13:31:00,10.72,1909084044,United Kingdom,10.72,2024-05,2024-05-19
530044,SKU-007,Desk Lamp,2,2024-07-30 14:47:00,29.18,-2147483648,France,58.36,2024-07,2024-07-30
530044,SKU-008,Yoga Mat,1,2025-02-18 12:41:00,23.52,-2147483648,Germany,23.52,2025-02,2025-02-18
530044,SKU-002,Organic Green Tea,3,2024-10-17 14:56:00,9.16,-2147483648,Germany,27.48,2024-10,2024-10-17
530045,SKU-002,Organic Green Tea,5,2024-06-09 14:59:00,9.75,218130993,Germany,48.75,2024-06,2024-06-09
530045,SKU-004,Reusable Bottle,2,2024-10-21 20:27:00,15.93,-2147483648,Netherlands,31.86,2024-10,2024-10-21
530045,SKU-012,Phone Stand,1,2025-03-06 13:32:00,11.89,-2147483648,France,11.89,2025-03,2025-03-06
530046,SKU-011,Cotton Tote Bag,2,2024-09-13 19:23:00,8.94,1175764926,Germany,17.88,2024-09,2024-09-13
530046,SKU-011,Cotton Tote Bag,2,2024-05-23 14:59:00,11.28,-2147483648,Spain,22.56,2024-05,2024-05-23
530046,SKU-004,Reusable Bottle,1,2024-04-29 11:30:00,15.76,1743953104,Netherlands,15.76,2024-04,2024-04-29
530047,SKU-006,Wireless Charger,1,2024-12-18 18:45:00,20.66,1175764926,Germany,20.66,2024-12,2024-12-18
530047,SKU-012,Phone Stand,2,2025-04-03 18:41:00,12.04,-2147483648,United Kingdom,24.08,2025-04,2025-04-03
530047,SKU-010,Bluetooth Speaker,1,2025-01-14 15:43:00,49.96,-2147483648,France,49.96,2025-01,2025-01-14
530048,SKU-004,Reusable Bottle,2,2024-09-04 17:37:00,17.13,1088388437,Italy,34.26,2024-09,2024-09-04
530048,SKU-003,Ceramic Mug,8,2025-01-05 08:07:00,8.12,1532026711,Italy,64.96,2025-01,2025-01-05
530048,SKU-011,Cotton Tote Bag,3,2024-11-05 19:58:00,11.29,1743953104,Netherlands,33.87,2024-11,2024-11-05
530049,SKU-012,Phone Stand,1,2024-10-02 17:57:00,12.32,1403566220,United Kingdom,12.32,2024-10,2024-10-02
530049,SKU-004,Reusable Bottle,1,2024-10-02 22:27:00,14.9,1743953104,Netherlands,14.9,2024-10,2024-10-02
530049,SKU-007,Desk Lamp,1,2025-02-17 12:44:00,34.26,1175764926,Germany,34.26,2025-02,2025-02-17
530050,SKU-009,Running Socks,2,2024-11-15 18:56:00,6.23,-2147483648,Spain,12.46,2024-11,2024-11-15
530050,SKU-005,Notebook A5,2,2024-08-25 19:26:00,5.91,1117373196,France,11.82,2024-08,2024-08-25
530050,SKU-012,Phone Stand,1,2025-03-21 21:05:00,11.05,-2147483648,Germany,11.05,2025-03,2025-03-21
530051,SKU-010,Bluetooth Speaker,1,2024-07-21 20:51:00,45.47,-2147483648,France,45.47,2024-07,2024-07-21
530051,SKU-003,Ceramic Mug,1,2024-05-20 12:47:00,7.49,1706304137,Netherlands,7.49,2024-05,2024-05-20
530051,SKU-012,Phone Stand,1,2025-01-08 14:44:00,10.88,218130993,Germany,10.88,2025-01,2025-01-08
530052,SKU-002,Organic Green Tea,3,2024-10-08 20:44:00,7.94,1954896137,Germany,23.82,2024-10,2024-10-08
530053,SKU-003,Ceramic Mug,1,2024-09-11 10:23:00,8.0,1205261705,Netherlands,8.0,2024-09,2024-09-11
530053,SKU-003,Ceramic Mug,1,2025-01-26 11:31:00,7.52,-2147483648,Germany,7.52,2025-01,2025-01-26
530053,SKU-002,Organic Green Tea,1,2024-10-05 15:36:00,8.87,1382732475,Portugal,8.87,2024-10,2024-10-05
530054,SKU-003,Ceramic Mug,10,2025-01-13 11:03:00,7.83,1326335706,Italy,78.3,2025-01,2025-01-13
530054,SKU-004,Reusable Bottle,1,2024-06-01 12:57:00,14.65,-2147483648,France,14.65,2024-06,2024-06-01
530054,SKU-008,Yoga Mat,1,2025-01-13 18:58:00,22.49,-2147483648,France,22.49,2025-01,2025-01-13
530055,SKU-011,Cotton Tote Bag,2,2024-09-11 10:05:00,11.11,-2147483648,Netherlands,22.22,2024-09,2024-09-11
530055,SKU-007,Desk Lamp,1,2024-05-07 09:17:00,29.38,1455905409,Portugal,29.38,2024-05,2024-05-07
530055,SKU-001,Premium Coffee Beans,1,2024-11-13 17:15:00,12.92,256300136,Germany,12.92,2024-11,2024-11-13
530056,SKU-005,Notebook A5,1,2024-09-18 20:00:00,5.48,-2147483648,Spain,5.48,2024-09,2024-09-18
530056,SKU-001,Premium Coffee Beans,4,2024-12-16 09:13:00,12.82,1286235708,United Kingdom,51.28,2024-12,2024-12-16
530057,SKU-001,Premium Coffee Beans,1,2024-06-19 14:38:00,12.72,-2147483648,France,12.72,2024-06,2024-06-19
530057,SKU-005,Notebook A5,1,2024-08-27 22:31:00,6.15,-2147483648,Portugal,6.15,2024-08,2024-08-27
530057,SKU-006,Wireless Charger,4,2024-06-18 17:27:00,21.7,-2147483648,Italy,86.8,2024-06,2024-06-18
530058,SKU-011,Cotton Tote Bag,2,2024-03-15 22:21:00,9.46,-2147483648,Portugal,18.92,2024-03,2024-03-15
530058,SKU-004,Reusable Bottle,1,2024-11-06 13:42:00,15.42,-2147483648,Portugal,15.42,2024-11,2024-11-06
530058,SKU-010,Bluetooth Speaker,4,2024-07-10 08:22:00,48.73,2031279327,Portugal,194.92,2024-07,2024-07-10
530059,SKU-002,Organic Green Tea,6,2024-09-06 08:29:00,8.96,-2147483648,France,53.76,2024-09,2024-09-06
530059,SKU-007,Desk Lamp,2,2024-08-28 19:53:00,31.8,-2147483648,Germany,63.6,2024-08,2024-08-28
530059,SKU-003,Ceramic Mug,1,2025-01-13 08:38:00,8.01,1269026528,France,8.01,2025-01,2025-01-13
530060,SKU-009,Running Socks,1,2024-07-31 12:44:00,7.92,-2147483648,Netherlands,7.92,2024-07,2024-07-31
530060,SKU-004,Reusable Bottle,2,2024-10-27 13:28:00,17.0,1996590439,Netherlands,34.0,2024-10,2024-10-27
530060,SKU-011,Cotton Tote Bag,2,2024-04-30 21:30:00,9.83,-2147483648,France,19.66,2024-04,2024-04-30
530061,SKU-011,Cotton Tote Bag,4,2024-11-19 11:00:00,10.78,1879582139,Italy,43.12,2024-11,2024-11-19
530061,SKU-006,Wireless Charger,1,2024-05-16 08:40:00,22.5,218130993,Germany,22.5,2024-05,2024-05-16
530061,SKU-001,Premium Coffee Beans,2,2024-05-21 20:47:00,13.87,1879582139,Italy,27.74,2024-05,2024-05-21
530062,SKU-008,Yoga Mat,1,2024-05-10 11:38:00,23.49,256300136,Germany,23.49,2024-05,2024-05-10
530062,SKU-012,Phone Stand,2,2024-04-29 17:50:00,12.73,-2147483648,Germany,25.46,2024-04,2024-04-29
530062,SKU-007,Desk Lamp,1,2024-11-08 22:59:00,33.61,-2147483648,Spain,33.61,2024-11,2024-11-08
530063,SKU-011,Cotton Tote Bag,1,2024-05-20 21:44:00,9.5,-2147483648,Germany,9.5,2024-05,2024-05-20
530063,SKU-012,Phone Stand,3,2024-11-15 14:18:00,13.01,1130080571,Germany,39.03,2024-11,2024-11-15
530063,SKU-012,Phone Stand,1,2024-11-02 10:55:00,11.15,-2147483648,France,11.15,2024-11,2024-11-02
530064,SKU-010,Bluetooth Speaker,2,2024-04-23 20:54:00,47.73,-2147483648,Germany,95.46,2024-04,2024-04-23
530064,SKU-001,Premium Coffee Beans,2,2024-12-21 10:31:00,12.16,-2147483648,Germany,24.32,2024-12,2024-12-21
530064,SKU-005,Notebook A5,2,2025-02-05 21:43:00,5.14,1532026711,Italy,10.28,2025-02,2025-02-05
530065,SKU-008,Yoga Mat,1,2024-11-28 10:57:00,25.24,1551467267,United Kingdom,25.24,2024-11,2024-11-28
530065,SKU-002,Organic Green Tea,5,2024-08-05 15:42:00,8.12,-2147483648,Germany,40.6,2024-08,2024-08-05
530065,SKU-004,Reusable Bottle,2,2024-08-22 11:10:00,15.32,1551467267,United Kingdom,30.64,2024-08,2024-08-22
530066,SKU-011,Cotton Tote Bag,2,2024-04-27 19:05:00,9.44,1608360933,France,18.88,2024-04,2024-04-27
530066,SKU-012,Phone Stand,2,2025-01-31 08:10:00,11.22,1549367179,Italy,22.44,2025-01,2025-01-31
530067,SKU-004,Reusable Bottle,1,2024-12-19 19:16:00,16.62,160241283,France,16.62,2024-12,2024-12-19
530067,SKU-011,Cotton Tote Bag,3,2024-09-04 09:42:00,9.85,1247913175,Portugal,29.55,2024-09,2024-09-04
530067,SKU-009,Running Socks,1,2024-06-24 18:46:00,7.09,-2147483648,Netherlands,7.09,2024-06,2024-06-24
530068,SKU-012,Phone Stand,2,2024-07-23 13:55:00,11.1,1879582139,Italy,22.2,2024-07,2024-07-23
530068,SKU-010,Bluetooth Speaker,2,2024-12-02 20:59:00,47.52,1519564128,France,95.04,2024-12,2024-12-02
530068,SKU-011,Cotton Tote Bag,2,2024-10-03 13:24:00,11.29,-2147483648,Italy,22.58,2024-10,2024-10-03
530069,SKU-011,Cotton Tote Bag,2,2024-10-06 20:35:00,11.38,1992550224,Netherlands,22.76,2024-10,2024-10-06
530069,SKU-007,Desk Lamp,6,2024-07-27 20:14:00,36.16,1549367179,Italy,216.96,2024-07,2024-07-27
530070,SKU-002,Organic Green Tea,3,2024-06-13 12:05:00,8.72,-2147483648,Portugal,26.16,2024-06,2024-06-13
530070,SKU-006,Wireless Charger,5,2024-10-28 19:37:00,25.18,1579141586,France,125.9,2024-10,2024-10-28
530070,SKU-012,Phone Stand,2,2024-10-08 09:36:00,10.61,2026944232,Italy,21.22,2024-10,2024-10-08
530071,SKU-006,Wireless Charger,1,2024-11-10 14:36:00,21.42,1996590439,Netherlands,21.42,2024-11,2024-11-10
530071,SKU-005,Notebook A5,1,2024-09-19 08:37:00,5.81,-2147483648,Germany,5.81,2024-09,2024-09-19
530071,SKU-007,Desk Lamp,1,2024-08-28 14:20:00,31.48,256300136,Germany,31.48,2024-08,2024-08-28
530072,SKU-011,Cotton Tote Bag,1,2024-06-29 22:50:00,10.75,1210522254,United Kingdom,10.75,2024-06,2024-06-29
530072,SKU-011,Cotton Tote Bag,3,2024-07-21 17:37:00,10.65,1092425570,Germany,31.95,2024-07,2024-07-21
530072,SKU-007,Desk Lamp,1,2024-07-26 08:34:00,34.78,-2147483648,Portugal,34.78,2024-07,2024-07-26
530073,SKU-006,Wireless Charger,1,2024-12-18 10:52:00,24.62,1579141586,France,24.62,2024-12,2024-12-18
530073,SKU-004,Reusable Bottle,3,2024-04-08 15:43:00,16.17,1579141586,France,48.51,2024-04,2024-04-08
530073,SKU-010,Bluetooth Speaker,1,2024-06-26 12:09:00,50.87,-2147483648,France,50.87,2024-06,2024-06-26
530074,SKU-012,Phone Stand,3,2025-03-28 08:38:00,12.67,1494638862,Spain,38.01,2025-03,2025-03-28
530074,SKU-012,Phone Stand,1,2024-12-27 17:30:00,12.83,1743953104,Netherlands,12.83,2024-12,2024-12-27
530075,SKU-004,Reusable Bottle,5,2024-09-07 15:18:00,16.83,168411885,Netherlands,84.15,2024-09,2024-09-07
530075,SKU-007,Desk Lamp,1,2025-02-01 08:51:00,31.4,-2147483648,Portugal,31.4,2025-02,2025-02-01
530075,SKU-012,Phone Stand,1,2024-10-21 11:54:00,13.21,-2147483648,Netherlands,13.21,2024-10,2024-10-21
530076,SKU-004,Reusable Bottle,4,2024-01-23 19:47:00,14.87,-2147483648,Spain,59.48,2024-01,2024-01-23
530076,SKU-003,Ceramic Mug,2,2024-03-20 21:31:00,7.48,2026944232,Italy,14.96,2024-03,2024-03-20
530076,SKU-005,Notebook A5,1,2024-11-27 21:42:00,5.15,-2147483648,Italy,5.15,2024-11,2024-11-27
530077,SKU-003,Ceramic Mug,1,2024-09-29 08:35:00,7.67,1743953104,Netherlands,7.67,2024-09,2024-09-29
530077,SKU-007,Desk Lamp,1,2024-08-20 18:30:00,30.96,-2147483648,France,30.96,2024-08,2024-08-20
530077,SKU-007,Desk Lamp,3,2024-10-10 14:04:00,31.01,1298664459,United Kingdom,93.03,2024-10,2024-10-10
530078,SKU-005,Notebook A5,3,2024-10-01 12:44:00,5.92,-2147483648,Germany,17.76,2024-10,2024-10-01
530078,SKU-012,Phone Stand,2,2024-07-16 21:35:00,12.49,-2147483648,Germany,24.98,2024-07,2024-07-16
530078,SKU-003,Ceramic Mug,2,2024-12-09 13:48:00,7.96,1714484967,Spain,15.92,2024-12,2024-12-09
530079,SKU-001,Premium Coffee Beans,1,2024-04-21 21:59:00,14.01,-2147483648,France,14.01,2024-04,2024-04-21
530079,SKU-008,Yoga Mat,2,2024-05-14 18:10:00,27.21,1298664459,United Kingdom,54.42,2024-05,2024-05-14
530079,SKU-008,Yoga Mat,1,2024-10-01 19:30:00,26.26,1455905409,Portugal,26.26,2024-10,2024-10-01
530080,SKU-003,Ceramic Mug,6,2024-04-29 11:13:00,7.53,-2147483648,Spain,45.18,2024-04,2024-04-29
530080,SKU-012,Phone Stand,3,2024-08-19 21:36:00,11.56,-2147483648,Spain,34.68,2024-08,2024-08-19
530081,SKU-003,Ceramic Mug,3,2024-10-09 22:03:00,8.21,-2147483648,France,24.63,2024-10,2024-10-09
530081,SKU-008,Yoga Mat,1,2024-09-05 10:03:00,22.11,1627075596,Portugal,22.11,2024-09,2024-09-05
530082,SKU-009,Running Socks,1,2024-06-16 18:21:00,6.39,-2147483648,Germany,6.39,2024-06,2024-06-16
530082,SKU-003,Ceramic Mug,1,2024-08-23 18:46:00,8.1,1532026711,Italy,8.1,2024-08,2024-08-23
530082,SKU-001,Premium Coffee Beans,2,2024-11-04 09:15:00,14.28,256300136,Germany,28.56,2024-11,2024-11-04
530083,SKU-005,Notebook A5,2,2025-01-17 19:38:00,5.58,1298664459,United Kingdom,11.16,2025-01,2025-01-17
530083,SKU-011,Cotton Tote Bag,4,2024-09-17 19:24:00,11.15,-2147483648,Spain,44.6,2024-09,2024-09-17
530084,SKU-011,Cotton Tote Bag,6,2025-01-13 14:17:00,10.31,1532026711,Italy,61.86,2025-01,2025-01-13
530084,SKU-008,Yoga Mat,4,2024-11-28 13:00:00,25.38,218130993,Germany,101.52,2024-11,2024-11-28
530084,SKU-002,Organic Green Tea,2,2025-03-20 09:31:00,7.77,1570446780,Portugal,15.54,2025-03,2025-03-20
530085,SKU-009,Running Socks,1,2024-08-07 11:01:00,7.56,1879582139,Italy,7.56,2024-08,2024-08-07
530085,SKU-010,Bluetooth Speaker,8,2024-07-17 15:17:00,45.33,2031279327,Portugal,362.64,2024-07,2024-07-17
530085,SKU-002,Organic Green Tea,2,2024-03-26 20:37:00,7.97,-2147483648,Spain,15.94,2024-03,2024-03-26
530086,SKU-008,Yoga Mat,1,2024-06-20 18:44:00,26.36,-2147483648,Germany,26.36,2024-06,2024-06-20
530086,SKU-010,Bluetooth Speaker,1,2024-02-23 10:06:00,44.4,-2147483648,Portugal,44.4,2024-02,2024-02-23
530086,SKU-012,Phone Stand,1,2025-01-16 22:55:00,12.96,-2147483648,Germany,12.96,2025-01,2025-01-16
530087,SKU-007,Desk Lamp,1,2024-10-11 16:52:00,30.97,-2147483648,Spain,30.97,2024-10,2024-10-11
530087,SKU-009,Running Socks,2,2024-07-28 15:04:00,7.48,-2147483648,Netherlands,14.96,2024-07,2024-07-28
530088,SKU-010,Bluetooth Speaker,1,2024-07-14 16:45:00,45.71,1532026711,Italy,45.71,2024-07,2024-07-14
530088,SKU-011,Cotton Tote Bag,2,2024-07-12 09:48:00,10.56,-2147483648,Germany,21.12,2024-07,2024-07-12
530088,SKU-011,Cotton Tote Bag,2,2024-04-29 22:07:00,10.09,218130993,Germany,20.18,2024-04,2024-04-29
530089,SKU-008,Yoga Mat,1,2024-12-16 20:20:00,26.28,-2147483648,France,26.28,2024-12,2024-12-16
530089,SKU-003,Ceramic Mug,1,2024-08-29 17:13:00,7.49,-2147483648,Spain,7.49,2024-08,2024-08-29
530090,SKU-002,Organic Green Tea,2,2024-10-31 16:16:00,8.69,1459957942,Italy,17.38,2024-10,2024-10-31
530090,SKU-001,Premium Coffee Beans,3,2024-09-05 09:07:00,14.82,1092425570,Germany,44.46,2024-09,2024-09-05
530090,SKU-006,Wireless Charger,1,2024-10-27 16:10:00,20.88,-2147483648,Portugal,20.88,2024-10,2024-10-27
530091,SKU-011,Cotton Tote Bag,1,2024-11-15 08:15:00,10.13,1631149627,Italy,10.13,2024-11,2024-11-15
530091,SKU-009,Running Socks,2,2024-08-14 22:50:00,7.8,-2147483648,Spain,15.6,2024-08,2024-08-14
530091,SKU-009,Running Socks,2,2024-06-14 15:08:00,7.52,-2147483648,Germany,15.04,2024-06,2024-06-14
530092,SKU-012,Phone Stand,4,2024-03-06 13:33:00,11.64,-2147483648,Germany,46.56,2024-03,2024-03-06
530092,SKU-006,Wireless Charger,1,2024-08-14 17:34:00,26.0,256300136,Germany,26.0,2024-08,2024-08-14
530092,SKU-012,Phone Stand,8,2024-03-25 09:42:00,12.41,-2147483648,Germany,99.28,2024-03,2024-03-25
530093,SKU-004,Reusable Bottle,1,2025-03-15 08:12:00,13.99,1374553813,France,13.99,2025-03,2025-03-15
530093,SKU-004,Reusable Bottle,2,2024-06-28 10:38:00,16.88,1298664459,United Kingdom,33.76,2024-06,2024-06-28
530093,SKU-010,Bluetooth Speaker,3,2024-08-08 13:17:00,50.07,-2147483648,Germany,150.21,2024-08,2024-08-08
530094,SKU-010,Bluetooth Speaker,1,2024-10-17 14:04:00,42.65,218130993,Germany,42.65,2024-10,2024-10-17
530094,SKU-005,Notebook A5,1,2024-02-22 14:41:00,5.15,-2147483648,Spain,5.15,2024-02,2024-02-22
530094,SKU-007,Desk Lamp,1,2024-09-07 15:05:00,30.3,-2147483648,France,30.3,2024-09,2024-09-07
530095,SKU-011,Cotton Tote Bag,2,2024-07-30 14:44:00,11.09,256300136,Germany,22.18,2024-07,2024-07-30
530095,SKU-004,Reusable Bottle,2,2024-07-05 09:40:00,13.5,218130993,Germany,27.0,2024-07,2024-07-05
530095,SKU-011,Cotton Tote Bag,3,2024-05-04 19:41:00,9.84,1210522254,United Kingdom,29.52,2024-05,2024-05-04
530096,SKU-006,Wireless Charger,2,2025-01-02 17:42:00,21.41,218130993,Germany,42.82,2025-01,2025-01-02
530096,SKU-009,Running Socks,1,2024-08-08 17:10:00,6.24,-2147483648,Germany,6.24,2024-08,2024-08-08
530096,SKU-003,Ceramic Mug,2,2024-12-28 13:50:00,6.59,1298664459,United Kingdom,13.18,2024-12,2024-12-28
530097,SKU-001,Premium Coffee Beans,1,2024-08-07 17:15:00,14.2,1743953104,Netherlands,14.2,2024-08,2024-08-07
530097,SKU-002,Organic Green Tea,1,2024-03-31 16:07:00,7.82,1322003693,Netherlands,7.82,2024-03,2024-03-31
530097,SKU-007,Desk Lamp,1,2024-11-10 09:21:00,33.72,-2147483648,Spain,33.72,2024-11,2024-11-10
530098,SKU-003,Ceramic Mug,1,2024-02-08 21:51:00,7.0,1175764926,Germany,7.0,2024-02,2024-02-08
530098,SKU-001,Premium Coffee Beans,1,2024-08-16 09:24:00,12.0,-2147483648,France,12.0,2024-08,2024-08-16
530099,SKU-004,Reusable Bottle,4,2024-09-29 14:06:00,17.0,-2147483648,Portugal,68.0,2024-09,2024-09-29
530099,SKU-002,Organic Green Tea,2,2024-06-08 10:33:00,8.96,1088388437,Italy,17.92,2024-06,2024-06-08
530099,SKU-005,Notebook A5,1,2025-02-11 17:52:00,5.61,1967600446,Spain,5.61,2025-02,2025-02-11
530100,SKU-002,Organic Green Tea,1,2024-07-21 16:22:00,8.5,1494638862,Spain,8.5,2024-07,2024-07-21
530100,SKU-005,Notebook A5,2,2025-02-07 16:17:00,4.89,-2147483648,Germany,9.78,2025-02,2025-02-07
530100,SKU-001,Premium Coffee Beans,1,2024-05-30 10:20:00,13.26,-2147483648,France,13.26,2024-05,2024-05-30
530101,SKU-007,Desk Lamp,1,2024-06-07 10:22:00,31.56,-2147483648,Netherlands,31.56,2024-06,2024-06-07
530101,SKU-011,Cotton Tote Bag,1,2024-05-16 20:34:00,8.92,-2147483648,Spain,8.92,2024-05,2024-05-16
530101,SKU-007,Desk Lamp,5,2024-09-02 15:37:00,36.19,1579141586,France,180.95,2024-09,2024-09-02
530102,SKU-001,Premium Coffee Beans,1,2024-05-01 18:32:00,14.56,256300136,Germany,14.56,2024-05,2024-05-01
530102,SKU-011,Cotton Tote Bag,3,2025-01-22 10:09:00,10.02,139426996,Germany,30.06,2025-01,2025-01-22
530102,SKU-012,Phone Stand,1,2024-04-01 12:03:00,10.89,-2147483648,France,10.89,2024-04,2024-04-01
530103,SKU-011,Cotton Tote Bag,1,2024-05-24 13:45:00,10.01,-2147483648,Spain,10.01,2024-05,2024-05-24
530103,SKU-011,Cotton Tote Bag,1,2024-08-19 17:26:00,10.51,-2147483648,Germany,10.51,2024-08,2024-08-19
530103,SKU-003,Ceramic Mug,1,2024-04-21 15:22:00,8.02,1532026711,Italy,8.02,2024-04,2024-04-21
530104,SKU-009,Running Socks,2,2024-06-13 12:17:00,7.64,-2147483648,Netherlands,15.28,2024-06,2024-06-13
530104,SKU-009,Running Socks,2,2024-04-25 19:56:00,7.75,1494638862,Spain,15.5,2024-04,2024-04-25
530104,SKU-004,Reusable Bottle,2,2024-03-08 12:40:00,16.5,-2147483648,United Kingdom,33.0,2024-03,2024-03-08
530105,SKU-005,Notebook A5,1,2024-09-27 14:49:00,5.22,1879582139,Italy,5.22,2024-09,2024-09-27
530105,SKU-002,Organic Green Tea,2,2024-04-26 18:05:00,9.04,218130993,Germany,18.08,2024-04,2024-04-26
530105,SKU-004,Reusable Bottle,1,2024-10-02 09:10:00,14.78,1494638862,Spain,14.78,2024-10,2024-10-02
530106,SKU-002,Organic Green Tea,1,2024-07-29 19:18:00,7.71,-2147483648,Spain,7.71,2024-07,2024-07-29
530106,SKU-007,Desk Lamp,1,2024-07-31 18:32:00,32.0,-2147483648,France,32.0,2024-07,2024-07-31
530107,SKU-003,Ceramic Mug,1,2024-09-21 15:31:00,8.0,-2147483648,Spain,8.0,2024-09,2024-09-21
530107,SKU-011,Cotton Tote Bag,1,2024-06-24 22:34:00,11.33,1938616789,Portugal,11.33,2024-06,2024-06-24
530107,SKU-007,Desk Lamp,2,2025-02-09 08:39:00,31.86,-2147483648,Netherlands,63.72,2025-02,2025-02-09
530108,SKU-012,Phone Stand,1,2024-06-22 08:45:00,12.18,1455905409,Portugal,12.18,2024-06,2024-06-22
530108,SKU-009,Running Socks,2,2024-07-14 19:22:00,7.28,1175764926,Germany,14.56,2024-07,2024-07-14
530108,SKU-012,Phone Stand,1,2025-01-30 18:58:00,12.89,-2147483648,Spain,12.89,2025-01,2025-01-30
530109,SKU-009,Running Socks,2,2024-10-27 18:38:00,7.17,1579141586,France,14.34,2024-10,2024-10-27
530110,SKU-006,Wireless Charger,1,2025-03-03 21:08:00,22.13,1996590439,Netherlands,22.13,2025-03,2025-03-03
530110,SKU-006,Wireless Charger,1,2024-09-20 09:21:00,21.31,218130993,Germany,21.31,2024-09,2024-09-20
530111,SKU-004,Reusable Bottle,3,2024-02-21 21:34:00,14.94,-2147483648,United Kingdom,44.82,2024-02,2024-02-21
530111,SKU-002,Organic Green Tea,3,2024-11-14 12:19:00,9.57,-2147483648,Portugal,28.71,2024-11,2024-11-14
530111,SKU-005,Notebook A5,1,2024-05-31 11:00:00,5.36,1669324898,Portugal,5.36,2024-05,2024-05-31
530112,SKU-010,Bluetooth Speaker,1,2024-11-07 14:13:00,46.61,-2147483648,Portugal,46.61,2024-11,2024-11-07
530112,SKU-011,Cotton Tote Bag,1,2025-01-25 16:52:00,11.38,-2147483648,Netherlands,11.38,2025-01,2025-01-25
530112,SKU-008,Yoga Mat,2,2024-12-12 22:39:00,25.04,1490291513,France,50.08,2024-12,2024-12-12
530113,SKU-001,Premium Coffee Beans,2,2024-11-06 13:00:00,14.79,2026944232,Italy,29.58,2024-11,2024-11-06
530113,SKU-006,Wireless Charger,1,2024-10-28 12:22:00,26.22,-2147483648,France,26.22,2024-10,2024-10-28
530113,SKU-006,Wireless Charger,1,2024-09-17 22:46:00,21.58,2026944232,Italy,21.58,2024-09,2024-09-17
530114,SKU-006,Wireless Charger,1,2025-01-05 08:06:00,20.86,-2147483648,Spain,20.86,2025-01,2025-01-05
530114,SKU-004,Reusable Bottle,2,2025-02-27 09:33:00,17.2,-2147483648,Germany,34.4,2025-02,2025-02-27
530114,SKU-003,Ceramic Mug,6,2024-03-07 14:07:00,7.82,-2147483648,Germany,46.92,2024-03,2024-03-07
530115,SKU-001,Premium Coffee Beans,1,2024-09-08 10:49:00,12.03,218130993,Germany,12.03,2024-09,2024-09-08
530115,SKU-004,Reusable Bottle,1,2024-10-10 15:25:00,14.1,1210522254,United Kingdom,14.1,2024-10,2024-10-10
530115,SKU-006,Wireless Charger,10,2024-11-20 14:57:00,26.12,1714484967,Spain,261.2,2024-11,2024-11-20
530116,SKU-005,Notebook A5,1,2024-09-07 09:28:00,5.53,-2147483648,Italy,5.53,2024-09,2024-09-07
530116,SKU-008,Yoga Mat,2,2024-07-31 10:08:00,22.72,2026944232,Italy,45.44,2024-07,2024-07-31
530116,SKU-007,Desk Lamp,2,2024-11-11 08:22:00,32.14,-2147483648,Germany,64.28,2024-11,2024-11-11
530117,SKU-012,Phone Stand,1,2025-01-31 11:07:00,13.02,-2147483648,Portugal,13.02,2025-01,2025-01-31
530117,SKU-001,Premium Coffee Beans,1,2024-09-16 10:25:00,13.64,256300136,Germany,13.64,2024-09,2024-09-16
530117,SKU-006,Wireless Charger,10,2025-01-01 22:02:00,20.98,1455905409,Portugal,209.8,2025-01,2025-01-01
530118,SKU-004,Reusable Bottle,2,2024-12-08 15:42:00,15.03,1532026711,Italy,30.06,2024-12,2024-12-08
530118,SKU-002,Organic Green Tea,1,2024-05-15 14:31:00,8.41,-2147483648,Germany,8.41,2024-05,2024-05-15
530118,SKU-011,Cotton Tote Bag,1,2024-05-17 19:08:00,9.22,1239773369,Spain,9.22,2024-05,2024-05-17
530119,SKU-007,Desk Lamp,10,2024-05-27 16:46:00,29.5,-2147483648,Spain,295.0,2024-05,2024-05-27
530119,SKU-007,Desk Lamp,4,2024-03-04 10:07:00,34.27,1148384623,Netherlands,137.08,2024-03,2024-03-04
530119,SKU-001,Premium Coffee Beans,2,2024-09-05 10:09:00,14.81,218130993,Germany,29.62,2024-09,2024-09-05
530120,SKU-001,Premium Coffee Beans,1,2024-08-10 20:43:00,13.06,-2147483648,Portugal,13.06,2024-08,2024-08-10
530120,SKU-011,Cotton Tote Bag,2,2024-03-16 21:21:00,9.92,1490291513,France,19.84,2024-03,2024-03-16
530120,SKU-010,Bluetooth Speaker,6,2024-10-03 19:00:00,47.65,-2147483648,Germany,285.9,2024-10,2024-10-03
530121,SKU-005,Notebook A5,2,2024-10-13 12:31:00,5.18,-2147483648,France,10.36,2024-10,2024-10-13
530121,SKU-007,Desk Lamp,2,2024-11-16 11:39:00,36.2,1298664459,United Kingdom,72.4,2024-11,2024-11-16
530121,SKU-009,Running Socks,3,2025-02-26 10:15:00,6.47,-2147483648,United Kingdom,19.41,2025-02,2025-02-26
530122,SKU-002,Organic Green Tea,2,2024-07-21 21:16:00,9.43,-2147483648,Germany,18.86,2024-07,2024-07-21
530122,SKU-004,Reusable Bottle,2,2025-04-26 18:52:00,14.47,-2147483648,Spain,28.94,2025-04,2025-04-26
530122,SKU-008,Yoga Mat,2,2024-07-16 19:50:00,22.56,-2147483648,Spain,45.12,2024-07,2024-07-16
530123,SKU-012,Phone Stand,2,2024-12-18 19:32:00,11.92,1298664459,United Kingdom,23.84,2024-12,2024-12-18
530123,SKU-004,Reusable Bottle,1,2024-08-06 21:37:00,17.15,1743953104,Netherlands,17.15,2024-08,2024-08-06
530123,SKU-003,Ceramic Mug,8,2025-03-26 11:07:00,8.27,-2147483648,Spain,66.16,2025-03,2025-03-26
530124,SKU-001,Premium Coffee Beans,6,2024-08-10 12:12:00,11.69,-2147483648,France,70.14,2024-08,2024-08-10
530124,SKU-007,Desk Lamp,5,2024-02-11 08:39:00,32.65,1743953104,Netherlands,163.25,2024-02,2024-02-11
530124,SKU-001,Premium Coffee Beans,1,2024-04-14 14:26:00,14.38,-2147483648,Portugal,14.38,2024-04,2024-04-14
530125,SKU-012,Phone Stand,4,2024-10-29 18:14:00,13.14,1432582759,Netherlands,52.56,2024-10,2024-10-29
530125,SKU-007,Desk Lamp,2,2024-09-26 15:03:00,32.16,-2147483648,Netherlands,64.32,2024-09,2024-09-26
530125,SKU-011,Cotton Tote Bag,2,2024-12-08 08:19:00,10.86,-2147483648,United Kingdom,21.72,2024-12,2024-12-08
530126,SKU-006,Wireless Charger,2,2024-06-06 12:22:00,23.95,2026944232,Italy,47.9,2024-06,2024-06-06
530126,SKU-001,Premium Coffee Beans,1,2024-12-16 08:03:00,14.33,-2147483648,Portugal,14.33,2024-12,2024-12-16
530127,SKU-006,Wireless Charger,4,2024-07-19 11:18:00,21.11,-2147483648,Spain,84.44,2024-07,2024-07-19
530127,SKU-010,Bluetooth Speaker,3,2024-11-12 09:27:00,48.36,-2147483648,France,145.08,2024-11,2024-11-12
530127,SKU-008,Yoga Mat,1,2025-03-03 13:21:00,21.98,-2147483648,Germany,21.98,2025-03,2025-03-03
530128,SKU-002,Organic Green Tea,1,2024-03-10 18:00:00,9.23,-2147483648,France,9.23,2024-03,2024-03-10
530128,SKU-003,Ceramic Mug,2,2024-11-04 13:23:00,7.44,-2147483648,Germany,14.88,2024-11,2024-11-04
530128,SKU-006,Wireless Charger,2,2024-07-08 19:49:00,24.81,-2147483648,France,49.62,2024-07,2024-07-08
530129,SKU-010,Bluetooth Speaker,1,2025-01-24 13:15:00,46.64,1432582759,Netherlands,46.64,2025-01,2025-01-24
530129,SKU-004,Reusable Bottle,4,2024-08-23 17:24:00,15.4,1210522254,United Kingdom,61.6,2024-08,2024-08-23
530130,SKU-002,Organic Green Tea,2,2025-04-22 08:37:00,8.92,1992550224,Netherlands,17.84,2025-04,2025-04-22
530130,SKU-011,Cotton Tote Bag,2,2024-07-28 21:12:00,9.83,-2147483648,Italy,19.66,2024-07,2024-07-28
530130,SKU-008,Yoga Mat,1,2024-09-25 22:06:00,25.88,-2147483648,Spain,25.88,2024-09,2024-09-25
530131,SKU-009,Running Socks,1,2024-05-15 17:21:00,6.71,-2147483648,France,6.71,2024-05,2024-05-15
530131,SKU-008,Yoga Mat,1,2024-09-24 20:12:00,21.92,-2147483648,Netherlands,21.92,2024-09,2024-09-24
530131,SKU-003,Ceramic Mug,1,2024-09-15 08:08:00,7.24,-2147483648,Netherlands,7.24,2024-09,2024-09-15
530132,SKU-009,Running Socks,4,2024-05-31 19:16:00,7.39,-2147483648,Spain,29.56,2024-05,2024-05-31
530132,SKU-009,Running Socks,2,2025-01-10 13:57:00,6.43,1494638862,Spain,12.86,2025-01,2025-01-10
530132,SKU-011,Cotton Tote Bag,1,2024-02-01 19:07:00,10.01,-2147483648,Germany,10.01,2024-02,2024-02-01
530133,SKU-002,Organic Green Tea,2,2025-02-16 15:26:00,7.83,1117373196,France,15.66,2025-02,2025-02-16
530133,SKU-009,Running Socks,1,2024-08-26 20:01:00,7.55,-2147483648,Germany,7.55,2024-08,2024-08-26
530133,SKU-005,Notebook A5,1,2024-11-05 19:08:00,6.05,-2147483648,Germany,6.05,2024-11,2024-11-05
530134,SKU-010,Bluetooth Speaker,2,2024-05-22 08:50:00,42.98,-2147483648,Spain,85.96,2024-05,2024-05-22
530134,SKU-004,Reusable Bottle,1,2025-02-09 19:52:00,15.46,1656588885,Germany,15.46,2025-02,2025-02-09
530134,SKU-011,Cotton Tote Bag,1,2024-08-07 16:55:00,10.45,1706304137,Netherlands,10.45,2024-08,2024-08-07
530135,SKU-002,Organic Green Tea,1,2024-09-23 10:28:00,8.16,-2147483648,Germany,8.16,2024-09,2024-09-23
530135,SKU-007,Desk Lamp,1,2024-06-26 16:49:00,29.07,-2147483648,Portugal,29.07,2024-06,2024-06-26
530135,SKU-010,Bluetooth Speaker,2,2024-11-07 12:13:00,47.37,-2147483648,Germany,94.74,2024-11,2024-11-07
530136,SKU-003,Ceramic Mug,1,2025-01-15 17:13:00,7.2,1247913175,Portugal,7.2,2025-01,2025-01-15
530136,SKU-001,Premium Coffee Beans,1,2024-04-20 22:59:00,14.76,-2147483648,Spain,14.76,2024-04,2024-04-20
530136,SKU-008,Yoga Mat,1,2024-07-18 16:45:00,22.05,1879582139,Italy,22.05,2024-07,2024-07-18
530137,SKU-005,Notebook A5,1,2024-07-10 12:54:00,6.03,1938616789,Portugal,6.03,2024-07,2024-07-10
530137,SKU-012,Phone Stand,1,2024-10-16 12:35:00,13.22,-2147483648,Germany,13.22,2024-10,2024-10-16
530137,SKU-004,Reusable Bottle,1,2025-03-16 08:34:00,14.17,1656588885,Germany,14.17,2025-03,2025-03-16
530138,SKU-001,Premium Coffee Beans,1,2025-02-12 18:09:00,14.78,-2147483648,Spain,14.78,2025-02,2025-02-12
530138,SKU-005,Notebook A5,1,2024-08-12 22:08:00,5.19,-2147483648,France,5.19,2024-08,2024-08-12
530138,SKU-001,Premium Coffee Beans,5,2024-08-16 18:15:00,13.73,1298664459,United Kingdom,68.65,2024-08,2024-08-16
530139,SKU-006,Wireless Charger,1,2024-12-09 18:38:00,25.7,1092425570,Germany,25.7,2024-12,2024-12-09
530139,SKU-006,Wireless Charger,2,2024-09-19 09:45:00,22.15,1579141586,France,44.3,2024-09,2024-09-19
530140,SKU-005,Notebook A5,2,2024-10-27 19:08:00,5.78,1459957942,Italy,11.56,2024-10,2024-10-27
530140,SKU-010,Bluetooth Speaker,1,2024-06-14 12:20:00,47.99,-2147483648,United Kingdom,47.99,2024-06,2024-06-14
530140,SKU-011,Cotton Tote Bag,2,2024-08-15 21:00:00,9.8,1298664459,United Kingdom,19.6,2024-08,2024-08-15
530141,SKU-004,Reusable Bottle,2,2024-10-05 19:17:00,14.59,-2147483648,Spain,29.18,2024-10,2024-10-05
530141,SKU-001,Premium Coffee Beans,2,2024-12-04 16:42:00,12.3,1494638862,Spain,24.6,2024-12,2024-12-04
530141,SKU-010,Bluetooth Speaker,4,2024-03-20 09:46:00,46.26,1088388437,Italy,185.04,2024-03,2024-03-20
530142,SKU-007,Desk Lamp,2,2024-07-06 18:16:00,30.08,-2147483648,Germany,60.16,2024-07,2024-07-06
530142,SKU-011,Cotton Tote Bag,2,2024-04-24 17:35:00,9.39,1494638862,Spain,18.78,2024-04,2024-04-24
530142,SKU-008,Yoga Mat,1,2024-10-06 11:20:00,24.12,1455905409,Portugal,24.12,2024-10,2024-10-06
530143,SKU-010,Bluetooth Speaker,2,2024-10-02 18:51:00,40.62,1298664459,United Kingdom,81.24,2024-10,2024-10-02
530143,SKU-007,Desk Lamp,1,2025-02-11 10:28:00,32.25,1298664459,United Kingdom,32.25,2025-02,2025-02-11
530143,SKU-012,Phone Stand,1,2024-11-17 14:23:00,11.32,98105698,Portugal,11.32,2024-11,2024-11-17
530144,SKU-008,Yoga Mat,1,2024-05-15 09:31:00,22.71,1092425570,Germany,22.71,2024-05,2024-05-15
530144,SKU-003,Ceramic Mug,4,2024-08-02 21:55:00,7.78,-2147483648,Germany,31.12,2024-08,2024-08-02
530144,SKU-010,Bluetooth Speaker,2,2024-09-02 15:46:00,51.5,-2147483648,Spain,103.0,2024-09,2024-09-02
530145,SKU-005,Notebook A5,1,2024-11-28 08:19:00,5.12,-2147483648,United Kingdom,5.12,2024-11,2024-11-28
530145,SKU-003,Ceramic Mug,1,2024-07-27 21:25:00,6.89,-2147483648,Spain,6.89,2024-07,2024-07-27
530145,SKU-004,Reusable Bottle,1,2024-11-19 09:09:00,15.43,-2147483648,France,15.43,2024-11,2024-11-19
530146,SKU-004,Reusable Bottle,2,2024-12-21 15:58:00,16.89,-2147483648,Spain,33.78,2024-12,2024-12-21
530146,SKU-007,Desk Lamp,2,2024-11-19 09:46:00,29.58,1403566220,United Kingdom,59.16,2024-11,2024-11-19
530147,SKU-001,Premium Coffee Beans,1,2024-09-18 20:53:00,13.87,1685473470,United Kingdom,13.87,2024-09,2024-09-18
530147,SKU-001,Premium Coffee Beans,1,2025-01-21 10:15:00,12.84,1455905409,Portugal,12.84,2025-01,2025-01-21
530148,SKU-005,Notebook A5,2,2024-03-22 10:40:00,4.97,256300136,Germany,9.94,2024-03,2024-03-22
530148,SKU-001,Premium Coffee Beans,1,2024-11-17 20:06:00,12.17,-2147483648,Spain,12.17,2024-11,2024-11-17
530148,SKU-006,Wireless Charger,1,2024-12-06 21:45:00,25.18,1551467267,United Kingdom,25.18,2024-12,2024-12-06
530149,SKU-008,Yoga Mat,1,2024-05-31 21:10:00,25.65,2026944232,Italy,25.65,2024-05,2024-05-31
530149,SKU-008,Yoga Mat,2,2024-08-15 10:15:00,22.2,256300136,Germany,44.4,2024-08,2024-08-15
530150,SKU-012,Phone Stand,1,2024-08-13 12:40:00,12.04,1148384623,Netherlands,12.04,2024-08,2024-08-13
530150,SKU-001,Premium Coffee Beans,1,2024-08-13 21:02:00,12.34,1706304137,Netherlands,12.34,2024-08,2024-08-13
530150,SKU-005,Notebook A5,4,2024-09-14 09:32:00,5.51,1669324898,Portugal,22.04,2024-09,2024-09-14
530151,SKU-007,Desk Lamp,6,2024-04-28 10:00:00,34.91,256300136,Germany,209.46,2024-04,2024-04-28
530151,SKU-001,Premium Coffee Beans,1,2024-07-11 11:27:00,13.17,1345088738,Germany,13.17,2024-07,2024-07-11
530151,SKU-006,Wireless Charger,1,2024-09-15 18:18:00,24.53,256300136,Germany,24.53,2024-09,2024-09-15
530152,SKU-011,Cotton Tote Bag,4,2025-01-07 14:43:00,10.07,-2147483648,Portugal,40.28,2025-01,2025-01-07
530152,SKU-002,Organic Green Tea,1,2024-01-21 15:10:00,8.46,1549367179,Italy,8.46,2024-01,2024-01-21
530152,SKU-004,Reusable Bottle,2,2024-09-01 09:18:00,13.97,1462092862,Netherlands,27.94,2024-09,2024-09-01
530153,SKU-010,Bluetooth Speaker,3,2025-01-06 13:07:00,48.08,2026944232,Italy,144.24,2025-01,2025-01-06
530153,SKU-002,Organic Green Tea,2,2024-06-08 22:02:00,8.56,218130993,Germany,17.12,2024-06,2024-06-08
530153,SKU-003,Ceramic Mug,2,2024-02-18 14:33:00,8.2,-2147483648,Germany,16.4,2024-02,2024-02-18
530154,SKU-003,Ceramic Mug,1,2024-10-08 18:27:00,8.14,-2147483648,United Kingdom,8.14,2024-10,2024-10-08
530154,SKU-011,Cotton Tote Bag,1,2024-08-26 18:19:00,9.93,-2147483648,Portugal,9.93,2024-08,2024-08-26
530154,SKU-005,Notebook A5,1,2024-03-30 13:56:00,4.95,-2147483648,Netherlands,4.95,2024-03,2024-03-30
530155,SKU-008,Yoga Mat,1,2024-11-08 18:23:00,22.82,-2147483648,Portugal,22.82,2024-11,2024-11-08
530155,SKU-012,Phone Stand,2,2024-06-27 20:04:00,12.08,218130993,Germany,24.16,2024-06,2024-06-27
530155,SKU-003,Ceramic Mug,1,2024-07-24 20:41:00,7.59,256300136,Germany,7.59,2024-07,2024-07-24
530156,SKU-003,Ceramic Mug,1,2024-08-09 14:28:00,7.32,1549367179,Italy,7.32,2024-08,2024-08-09
530156,SKU-008,Yoga Mat,2,2024-07-21 21:04:00,22.33,-2147483648,Portugal,44.66,2024-07,2024-07-21
530156,SKU-007,Desk Lamp,1,2024-08-12 19:17:00,29.18,-2147483648,Germany,29.18,2024-08,2024-08-12
530157,SKU-006,Wireless Charger,3,2025-02-01 10:11:00,21.8,-2147483648,Spain,65.4,2025-02,2025-02-01
530157,SKU-006,Wireless Charger,1,2024-09-05 13:31:00,23.11,-2147483648,France,23.11,2024-09,2024-09-05
530157,SKU-012,Phone Stand,2,2024-05-05 14:38:00,10.5,-2147483648,Germany,21.0,2024-05,2024-05-05
530158,SKU-006,Wireless Charger,2,2024-09-06 10:51:00,23.29,-2147483648,Spain,46.58,2024-09,2024-09-06
530158,SKU-004,Reusable Bottle,1,2024-08-09 14:26:00,15.37,-2147483648,Germany,15.37,2024-08,2024-08-09
530158,SKU-009,Running Socks,2,2024-11-06 16:31:00,6.86,-2147483648,France,13.72,2024-11,2024-11-06
530159,SKU-004,Reusable Bottle,1,2024-09-16 14:05:00,15.2,-2147483648,Germany,15.2,2024-09,2024-09-16
530159,SKU-007,Desk Lamp,2,2025-01-22 16:36:00,33.93,1298664459,United Kingdom,67.86,2025-01,2025-01-22
530159,SKU-012,Phone Stand,2,2025-03-08 11:44:00,10.8,1579141586,France,21.6,2025-03,2025-03-08
530160,SKU-006,Wireless Charger,2,2025-03-30 08:13:00,23.0,-2147483648,France,46.0,2025-03,2025-03-30
530160,SKU-001,Premium Coffee Beans,2,2024-10-17 13:35:00,12.63,1714484967,Spain,25.26,2024-10,2024-10-17
530160,SKU-003,Ceramic Mug,8,2025-01-21 22:07:00,7.0,-2147483648,France,56.0,2025-01,2025-01-21
530161,SKU-003,Ceramic Mug,1,2025-01-12 12:29:00,8.15,-2147483648,Spain,8.15,2025-01,2025-01-12
530161,SKU-009,Running Socks,8,2024-11-05 22:58:00,7.11,-2147483648,Spain,56.88,2024-11,2024-11-05
530162,SKU-004,Reusable Bottle,1,2024-07-20 21:14:00,15.84,1326335706,Italy,15.84,2024-07,2024-07-20
530162,SKU-003,Ceramic Mug,2,2024-07-04 09:44:00,6.51,-2147483648,Portugal,13.02,2024-07,2024-07-04
530162,SKU-007,Desk Lamp,2,2024-08-18 19:01:00,28.92,-2147483648,Netherlands,57.84,2024-08,2024-08-18
530163,SKU-007,Desk Lamp,2,2024-04-30 13:03:00,32.37,1298664459,United Kingdom,64.74,2024-04,2024-04-30
530163,SKU-011,Cotton Tote Bag,1,2024-10-05 17:04:00,10.91,-2147483648,Germany,10.91,2024-10,2024-10-05
530163,SKU-010,Bluetooth Speaker,1,2025-01-03 21:10:00,44.35,-2147483648,Germany,44.35,2025-01,2025-01-03
530164,SKU-006,Wireless Charger,1,2024-09-03 10:05:00,24.03,1532026711,Italy,24.03,2024-09,2024-09-03
530164,SKU-001,Premium Coffee Beans,2,2024-10-11 17:53:00,11.67,1631149627,Italy,23.34,2024-10,2024-10-11
530164,SKU-003,Ceramic Mug,1,2024-06-05 20:11:00,8.27,1551467267,United Kingdom,8.27,2024-06,2024-06-05
530165,SKU-003,Ceramic Mug,1,2024-09-17 19:33:00,7.05,1298664459,United Kingdom,7.05,2024-09,2024-09-17
530165,SKU-005,Notebook A5,5,2024-07-30 15:26:00,5.95,-2147483648,France,29.75,2024-07,2024-07-30
530165,SKU-008,Yoga Mat,1,2025-02-16 20:41:00,24.66,-2147483648,Germany,24.66,2025-02,2025-02-16
530166,SKU-005,Notebook A5,2,2024-06-29 09:09:00,5.3,-2147483648,Germany,10.6,2024-06,2024-06-29
530166,SKU-011,Cotton Tote Bag,2,2024-12-18 08:38:00,9.58,1532026711,Italy,19.16,2024-12,2024-12-18
530166,SKU-009,Running Socks,6,2024-07-18 10:00:00,6.49,-2147483648,Netherlands,38.94,2024-07,2024-07-18
530167,SKU-007,Desk Lamp,1,2024-05-21 18:56:00,35.35,-2147483648,Spain,35.35,2024-05,2024-05-21
530167,SKU-012,Phone Stand,2,2024-11-28 21:16:00,12.82,1455905409,Portugal,25.64,2024-11,2024-11-28
530167,SKU-009,Running Socks,1,2024-05-20 12:45:00,6.33,-2147483648,Germany,6.33,2024-05,2024-05-20
530168,SKU-003,Ceramic Mug,1,2024-08-09 12:05:00,6.91,-2147483648,France,6.91,2024-08,2024-08-09
530168,SKU-003,Ceramic Mug,2,2024-07-03 19:13:00,7.91,-2147483648,Portugal,15.82,2024-07,2024-07-03
530168,SKU-001,Premium Coffee Beans,3,2025-02-28 11:25:00,13.92,-2147483648,France,41.76,2025-02,2025-02-28
530169,SKU-012,Phone Stand,5,2024-06-10 16:38:00,13.21,-2147483648,Spain,66.05,2024-06,2024-06-10
530169,SKU-012,Phone Stand,2,2024-07-31 15:30:00,11.92,-2147483648,France,23.84,2024-07,2024-07-31
530169,SKU-011,Cotton Tote Bag,2,2024-11-03 14:52:00,9.11,218130993,Germany,18.22,2024-11,2024-11-03
530170,SKU-001,Premium Coffee Beans,1,2024-06-29 20:23:00,12.17,1092425570,Germany,12.17,2024-06,2024-06-29
530170,SKU-004,Reusable Bottle,1,2024-09-05 12:06:00,13.74,1879582139,Italy,13.74,2024-09,2024-09-05
530170,SKU-006,Wireless Charger,2,2024-11-12 17:49:00,21.6,1532026711,Italy,43.2,2024-11,2024-11-12
530171,SKU-001,Premium Coffee Beans,2,2025-03-29 11:18:00,14.02,1551467267,United Kingdom,28.04,2025-03,2025-03-29
530171,SKU-002,Organic Green Tea,3,2024-05-19 09:13:00,7.68,1374553813,France,23.04,2024-05,2024-05-19
530171,SKU-005,Notebook A5,1,2024-04-30 11:35:00,5.87,256300136,Germany,5.87,2024-04,2024-04-30
530172,SKU-001,Premium Coffee Beans,2,2025-02-02 11:17:00,12.63,-2147483648,Spain,25.26,2025-02,2025-02-02
530172,SKU-010,Bluetooth Speaker,1,2024-05-07 17:02:00,41.2,1743953104,Netherlands,41.2,2024-05,2024-05-07
530172,SKU-008,Yoga Mat,1,2024-07-19 08:03:00,25.84,-2147483648,Spain,25.84,2024-07,2024-07-19
530173,SKU-005,Notebook A5,3,2024-09-14 08:22:00,5.0,1210522254,United Kingdom,15.0,2024-09,2024-09-14
530173,SKU-007,Desk Lamp,1,2024-04-13 16:12:00,34.98,-2147483648,France,34.98,2024-04,2024-04-13
530173,SKU-007,Desk Lamp,1,2025-01-08 19:22:00,35.45,-2147483648,Germany,35.45,2025-01,2025-01-08
530174,SKU-012,Phone Stand,1,2024-09-27 18:06:00,12.46,-2147483648,Germany,12.46,2024-09,2024-09-27
530174,SKU-012,Phone Stand,2,2025-02-27 16:06:00,11.1,-2147483648,Portugal,22.2,2025-02,2025-02-27
530174,SKU-003,Ceramic Mug,6,2024-07-02 08:37:00,7.84,1148384623,Netherlands,47.04,2024-07,2024-07-02
530175,SKU-008,Yoga Mat,2,2024-12-06 17:55:00,23.08,1669324898,Portugal,46.16,2024-12,2024-12-06
530175,SKU-005,Notebook A5,3,2024-07-30 10:09:00,5.09,-2147483648,France,15.27,2024-07,2024-07-30
530175,SKU-002,Organic Green Tea,2,2025-03-23 22:40:00,9.4,-2147483648,Portugal,18.8,2025-03,2025-03-23
530176,SKU-012,Phone Stand,2,2024-07-05 11:56:00,10.82,-2147483648,Germany,21.64,2024-07,2024-07-05
530176,SKU-011,Cotton Tote Bag,1,2024-09-12 18:09:00,11.27,-2147483648,Germany,11.27,2024-09,2024-09-12
530176,SKU-003,Ceramic Mug,2,2024-05-06 16:33:00,8.27,1551467267,United Kingdom,16.54,2024-05,2024-05-06
530177,SKU-010,Bluetooth Speaker,4,2024-08-15 18:33:00,46.15,-2147483648,France,184.6,2024-08,2024-08-15
530177,SKU-006,Wireless Charger,1,2024-10-29 15:50:00,25.78,-2147483648,Portugal,25.78,2024-10,2024-10-29
530177,SKU-005,Notebook A5,1,2024-11-15 13:39:00,5.23,2031279327,Portugal,5.23,2024-11,2024-11-15
530178,SKU-011,Cotton Tote Bag,4,2024-11-23 14:15:00,11.06,-2147483648,Netherlands,44.24,2024-11,2024-11-23
530178,SKU-010,Bluetooth Speaker,1,2024-04-16 17:04:00,45.47,-2147483648,France,45.47,2024-04,2024-04-16
530179,SKU-010,Bluetooth Speaker,1,2024-12-28 18:31:00,44.18,1298664459,United Kingdom,44.18,2024-12,2024-12-28
530179,SKU-009,Running Socks,5,2024-09-26 21:51:00,7.52,1669324898,Portugal,37.6,2024-09,2024-09-26
530180,SKU-002,Organic Green Tea,1,2025-01-23 15:06:00,9.51,-2147483648,Spain,9.51,2025-01,2025-01-23
530180,SKU-003,Ceramic Mug,1,2024-08-23 22:18:00,6.79,-2147483648,France,6.79,2024-08,2024-08-23
530180,SKU-005,Notebook A5,1,2024-07-27 17:23:00,5.76,-2147483648,Spain,5.76,2024-07,2024-07-27
530181,SKU-002,Organic Green Tea,2,2025-03-06 10:45:00,7.9,-2147483648,Germany,15.8,2025-03,2025-03-06
530181,SKU-005,Notebook A5,1,2024-08-15 15:16:00,4.9,-2147483648,France,4.9,2024-08,2024-08-15
530181,SKU-008,Yoga Mat,1,2024-07-25 18:59:00,27.0,1879582139,Italy,27.0,2024-07,2024-07-25
530182,SKU-002,Organic Green Tea,6,2024-10-03 17:31:00,8.16,-2147483648,Germany,48.96,2024-10,2024-10-03
530182,SKU-005,Notebook A5,1,2024-07-21 14:26:00,5.77,-2147483648,Germany,5.77,2024-07,2024-07-21
530182,SKU-011,Cotton Tote Bag,1,2024-05-16 10:28:00,8.96,-2147483648,France,8.96,2024-05,2024-05-16
530183,SKU-010,Bluetooth Speaker,1,2024-12-02 13:23:00,41.77,1743953104,Netherlands,41.77,2024-12,2024-12-02
530183,SKU-007,Desk Lamp,1,2024-04-05 16:28:00,34.75,-2147483648,Spain,34.75,2024-04,2024-04-05
530183,SKU-011,Cotton Tote Bag,1,2025-01-20 08:39:00,9.02,1374553813,France,9.02,2025-01,2025-01-20
530184,SKU-001,Premium Coffee Beans,2,2024-11-05 19:50:00,12.54,1706304137,Netherlands,25.08,2024-11,2024-11-05
530184,SKU-009,Running Socks,3,2024-07-17 08:09:00,6.55,-2147483648,Portugal,19.65,2024-07,2024-07-17
530184,SKU-005,Notebook A5,5,2024-03-14 14:10:00,5.89,-2147483648,Portugal,29.45,2024-03,2024-03-14
530185,SKU-002,Organic Green Tea,1,2024-11-17 11:24:00,9.7,1403566220,United Kingdom,9.7,2024-11,2024-11-17
530185,SKU-011,Cotton Tote Bag,1,2025-01-30 09:22:00,10.57,1656588885,Germany,10.57,2025-01,2025-01-30
530185,SKU-011,Cotton Tote Bag,2,2024-11-17 16:57:00,10.82,-2147483648,Germany,21.64,2024-11,2024-11-17
530186,SKU-002,Organic Green Tea,1,2024-07-10 09:11:00,9.01,1490291513,France,9.01,2024-07,2024-07-10
530186,SKU-007,Desk Lamp,2,2024-08-17 20:27:00,29.55,-2147483648,Germany,59.1,2024-08,2024-08-17
530186,SKU-006,Wireless Charger,2,2024-12-07 09:20:00,23.43,-2147483648,Spain,46.86,2024-12,2024-12-07
530187,SKU-010,Bluetooth Speaker,1,2024-12-02 15:13:00,45.14,2031279327,Portugal,45.14,2024-12,2024-12-02
530187,SKU-008,Yoga Mat,1,2024-06-22 09:17:00,26.38,-2147483648,Germany,26.38,2024-06,2024-06-22
530187,SKU-009,Running Socks,2,2024-06-10 10:30:00,6.33,-2147483648,Spain,12.66,2024-06,2024-06-10
530188,SKU-004,Reusable Bottle,1,2024-11-04 13:36:00,16.29,-2147483648,Netherlands,16.29,2024-11,2024-11-04
530188,SKU-010,Bluetooth Speaker,1,2024-10-12 20:24:00,46.99,-2147483648,Spain,46.99,2024-10,2024-10-12
530188,SKU-006,Wireless Charger,2,2025-02-22 20:27:00,21.71,-2147483648,Germany,43.42,2025-02,2025-02-22
530189,SKU-004,Reusable Bottle,1,2024-07-15 08:13:00,14.58,1328460370,United Kingdom,14.58,2024-07,2024-07-15
530189,SKU-011,Cotton Tote Bag,1,2025-01-13 14:17:00,10.96,160241283,France,10.96,2025-01,2025-01-13
530189,SKU-003,Ceramic Mug,1,2025-02-12 09:09:00,7.98,218130993,Germany,7.98,2025-02,2025-02-12
530190,SKU-007,Desk Lamp,2,2024-09-24 09:19:00,32.98,-2147483648,Germany,65.96,2024-09,2024-09-24
530190,SKU-008,Yoga Mat,1,2024-04-08 21:26:00,23.74,-2147483648,Germany,23.74,2024-04,2024-04-08
530190,SKU-011,Cotton Tote Bag,6,2025-03-08 22:16:00,10.29,-2147483648,Germany,61.74,2025-03,2025-03-08
530191,SKU-001,Premium Coffee Beans,1,2024-10-31 09:57:00,11.84,1551467267,United Kingdom,11.84,2024-10,2024-10-31
530191,SKU-006,Wireless Charger,1,2024-03-29 14:30:00,21.04,-2147483648,Netherlands,21.04,2024-03,2024-03-29
530192,SKU-012,Phone Stand,1,2024-11-28 20:10:00,11.27,1627075596,Portugal,11.27,2024-11,2024-11-28
530192,SKU-007,Desk Lamp,1,2024-09-05 13:58:00,33.77,-2147483648,United Kingdom,33.77,2024-09,2024-09-05
530192,SKU-007,Desk Lamp,2,2025-02-07 21:00:00,30.15,218130993,Germany,60.3,2025-02,2025-02-07
530193,SKU-010,Bluetooth Speaker,4,2024-04-08 11:04:00,41.13,-2147483648,Germany,164.52,2024-04,2024-04-08
530193,SKU-010,Bluetooth Speaker,2,2024-06-29 17:09:00,42.64,1656588885,Germany,85.28,2024-06,2024-06-29
530193,SKU-012,Phone Stand,2,2024-06-25 19:52:00,11.21,-2147483648,Spain,22.42,2024-06,2024-06-25
530194,SKU-003,Ceramic Mug,1,2024-08-26 15:55:00,7.93,1130080571,Germany,7.93,2024-08,2024-08-26
530194,SKU-011,Cotton Tote Bag,3,2025-04-07 14:16:00,9.09,-2147483648,Portugal,27.27,2025-04,2025-04-07
530195,SKU-001,Premium Coffee Beans,1,2024-08-07 15:53:00,12.03,-2147483648,Portugal,12.03,2024-08,2024-08-07
530195,SKU-011,Cotton Tote Bag,1,2024-07-17 15:40:00,9.37,1210522254,United Kingdom,9.37,2024-07,2024-07-17
530195,SKU-002,Organic Green Tea,2,2025-01-30 08:13:00,9.72,1532026711,Italy,19.44,2025-01,2025-01-30
530196,SKU-004,Reusable Bottle,1,2024-06-04 14:44:00,14.34,-2147483648,Germany,14.34,2024-06,2024-06-04
530196,SKU-003,Ceramic Mug,1,2024-03-21 17:24:00,7.57,-2147483648,France,7.57,2024-03,2024-03-21
530196,SKU-004,Reusable Bottle,2,2024-08-03 11:43:00,16.52,218130993,Germany,33.04,2024-08,2024-08-03
530197,SKU-001,Premium Coffee Beans,1,2024-12-06 13:52:00,14.68,-2147483648,France,14.68,2024-12,2024-12-06
530197,SKU-005,Notebook A5,1,2024-09-03 22:19:00,5.06,-2147483648,France,5.06,2024-09,2024-09-03
530197,SKU-002,Organic Green Tea,1,2024-12-01 19:31:00,9.08,1210522254,United Kingdom,9.08,2024-12,2024-12-01
530198,SKU-008,Yoga Mat,1,2024-06-15 14:26:00,21.88,1419841616,France,21.88,2024-06,2024-06-15
530198,SKU-009,Running Socks,1,2024-12-21 14:33:00,6.84,1669324898,Portugal,6.84,2024-12,2024-12-21
530198,SKU-006,Wireless Charger,1,2024-12-02 09:59:00,26.2,-2147483648,Spain,26.2,2024-12,2024-12-02
530199,SKU-007,Desk Lamp,4,2024-10-09 13:11:00,34.79,1669324898,Portugal,139.16,2024-10,2024-10-09
530199,SKU-003,Ceramic Mug,1,2024-06-17 16:27:00,6.61,218130993,Germany,6.61,2024-06,2024-06-17
530199,SKU-011,Cotton Tote Bag,10,2024-11-15 19:43:00,9.72,-2147483648,France,97.2,2024-11,2024-11-15
530200,SKU-005,Notebook A5,2,2024-07-06 19:39:00,4.88,-2147483648,Netherlands,9.76,2024-07,2024-07-06
530200,SKU-002,Organic Green Tea,4,2024-12-23 09:51:00,8.28,1992550224,Netherlands,33.12,2024-12,2024-12-23
530200,SKU-002,Organic Green Tea,3,2025-02-15 18:01:00,9.31,-2147483648,Spain,27.93,2025-02,2025-02-15
530201,SKU-007,Desk Lamp,1,2024-09-13 09:31:00,30.19,1551467267,United Kingdom,30.19,2024-09,2024-09-13
530201,SKU-010,Bluetooth Speaker,1,2024-12-21 22:34:00,44.79,-2147483648,United Kingdom,44.79,2024-12,2024-12-21
530201,SKU-008,Yoga Mat,1,2024-08-22 16:37:00,25.29,-2147483648,Netherlands,25.29,2024-08,2024-08-22
530202,SKU-011,Cotton Tote Bag,5,2024-09-26 12:54:00,10.17,-2147483648,Portugal,50.85,2024-09,2024-09-26
530202,SKU-004,Reusable Bottle,4,2024-09-12 20:29:00,16.98,-2147483648,Italy,67.92,2024-09,2024-09-12
530202,SKU-002,Organic Green Tea,1,2024-10-02 11:54:00,8.4,-2147483648,Portugal,8.4,2024-10,2024-10-02
530203,SKU-002,Organic Green Tea,1,2024-08-12 13:50:00,9.4,-2147483648,Germany,9.4,2024-08,2024-08-12
530203,SKU-007,Desk Lamp,10,2024-12-02 22:52:00,30.51,1432582759,Netherlands,305.1,2024-12,2024-12-02
530203,SKU-012,Phone Stand,1,2024-12-26 14:00:00,10.43,-2147483648,Germany,10.43,2024-12,2024-12-26
530204,SKU-004,Reusable Bottle,4,2024-10-14 16:18:00,14.35,1656588885,Germany,57.4,2024-10,2024-10-14
530204,SKU-011,Cotton Tote Bag,4,2025-01-19 12:19:00,9.54,1743953104,Netherlands,38.16,2025-01,2025-01-19
530205,SKU-007,Desk Lamp,5,2024-07-20 08:00:00,29.58,-2147483648,Portugal,147.9,2024-07,2024-07-20
530205,SKU-006,Wireless Charger,2,2024-12-31 21:52:00,21.07,-2147483648,France,42.14,2024-12,2024-12-31
530205,SKU-012,Phone Stand,1,2024-10-19 17:20:00,10.47,-2147483648,United Kingdom,10.47,2024-10,2024-10-19
530206,SKU-010,Bluetooth Speaker,2,2024-08-02 14:15:00,42.92,1551467267,United Kingdom,85.84,2024-08,2024-08-02
530206,SKU-007,Desk Lamp,3,2024-07-20 11:39:00,30.34,-2147483648,France,91.02,2024-07,2024-07-20
530206,SKU-001,Premium Coffee Beans,5,2024-07-30 20:59:00,11.62,-2147483648,Spain,58.1,2024-07,2024-07-30
530207,SKU-003,Ceramic Mug,2,2024-05-06 18:24:00,8.25,-2147483648,France,16.5,2024-05,2024-05-06
530207,SKU-003,Ceramic Mug,1,2024-08-06 14:57:00,8.1,1551467267,United Kingdom,8.1,2024-08,2024-08-06
530207,SKU-003,Ceramic Mug,1,2024-05-03 14:14:00,7.85,1669324898,Portugal,7.85,2024-05,2024-05-03
530208,SKU-003,Ceramic Mug,2,2024-06-14 16:07:00,7.65,1432582759,Netherlands,15.3,2024-06,2024-06-14
530208,SKU-007,Desk Lamp,1,2024-12-08 21:48:00,31.1,-2147483648,Spain,31.1,2024-12,2024-12-08
530208,SKU-005,Notebook A5,1,2024-09-20 21:35:00,6.17,-2147483648,Spain,6.17,2024-09,2024-09-20
530209,SKU-006,Wireless Charger,1,2024-08-22 11:05:00,20.97,1570446780,Portugal,20.97,2024-08,2024-08-22
530209,SKU-007,Desk Lamp,2,2024-08-07 08:40:00,29.24,1210522254,United Kingdom,58.48,2024-08,2024-08-07
530209,SKU-003,Ceramic Mug,2,2024-07-07 08:39:00,7.11,1532026711,Italy,14.22,2024-07,2024-07-07
530210,SKU-012,Phone Stand,3,2024-08-17 10:29:00,11.08,-2147483648,Germany,33.24,2024-08,2024-08-17
530210,SKU-006,Wireless Charger,1,2024-07-20 10:15:00,26.28,1455905409,Portugal,26.28,2024-07,2024-07-20
530211,SKU-004,Reusable Bottle,2,2025-02-14 12:12:00,15.42,1967600446,Spain,30.84,2025-02,2025-02-14
530211,SKU-004,Reusable Bottle,1,2024-04-28 19:49:00,15.06,-2147483648,Spain,15.06,2024-04,2024-04-28
530211,SKU-007,Desk Lamp,1,2024-08-20 20:16:00,32.73,-2147483648,Italy,32.73,2024-08,2024-08-20
530212,SKU-001,Premium Coffee Beans,1,2024-07-11 18:37:00,12.77,1382732475,Portugal,12.77,2024-07,2024-07-11
530212,SKU-002,Organic Green Tea,1,2025-02-04 15:59:00,8.87,197896410,Netherlands,8.87,2025-02,2025-02-04
530213,SKU-002,Organic Green Tea,1,2024-07-25 10:18:00,7.7,1490291513,France,7.7,2024-07,2024-07-25
530213,SKU-003,Ceramic Mug,4,2024-03-08 09:04:00,7.27,-2147483648,Spain,29.08,2024-03,2024-03-08
530214,SKU-002,Organic Green Tea,1,2025-02-03 15:40:00,8.87,-2147483648,Germany,8.87,2025-02,2025-02-03
530214,SKU-011,Cotton Tote Bag,1,2024-06-16 14:24:00,10.7,-2147483648,Germany,10.7,2024-06,2024-06-16
530215,SKU-011,Cotton Tote Bag,1,2024-10-10 22:28:00,9.43,1551467267,United Kingdom,9.43,2024-10,2024-10-10
530215,SKU-011,Cotton Tote Bag,3,2024-10-02 17:40:00,10.27,-2147483648,Spain,30.81,2024-10,2024-10-02
530216,SKU-001,Premium Coffee Beans,2,2024-09-10 09:21:00,11.75,1494638862,Spain,23.5,2024-09,2024-09-10
530216,SKU-008,Yoga Mat,1,2025-01-30 17:38:00,24.05,-2147483648,Portugal,24.05,2025-01,2025-01-30
530216,SKU-003,Ceramic Mug,3,2024-10-05 16:47:00,7.58,-2147483648,Spain,22.74,2024-10,2024-10-05
530217,SKU-002,Organic Green Tea,3,2024-05-23 11:38:00,7.76,-2147483648,Italy,23.28,2024-05,2024-05-23
530217,SKU-001,Premium Coffee Beans,1,2024-07-06 16:32:00,13.77,1706304137,Netherlands,13.77,2024-07,2024-07-06
530217,SKU-004,Reusable Bottle,2,2024-04-16 21:23:00,14.05,1743953104,Netherlands,28.1,2024-04,2024-04-16
530218,SKU-004,Reusable Bottle,5,2025-01-02 08:20:00,17.13,-2147483648,Netherlands,85.65,2025-01,2025-01-02
530218,SKU-002,Organic Green Tea,2,2024-10-10 19:44:00,8.97,218130993,Germany,17.94,2024-10,2024-10-10
530219,SKU-002,Organic Green Tea,1,2024-07-30 13:45:00,7.78,-2147483648,Portugal,7.78,2024-07,2024-07-30
530219,SKU-005,Notebook A5,1,2024-06-28 15:47:00,6.06,1570446780,Portugal,6.06,2024-06,2024-06-28
530219,SKU-007,Desk Lamp,1,2024-08-07 16:25:00,29.26,-2147483648,Germany,29.26,2024-08,2024-08-07
530220,SKU-005,Notebook A5,1,2024-08-22 10:12:00,5.95,1706304137,Netherlands,5.95,2024-08,2024-08-22
530220,SKU-012,Phone Stand,2,2024-06-07 12:25:00,11.34,1345088738,Germany,22.68,2024-06,2024-06-07
530220,SKU-010,Bluetooth Speaker,1,2025-01-01 12:10:00,45.94,-2147483648,United Kingdom,45.94,2025-01,2025-01-01
530221,SKU-012,Phone Stand,1,2024-07-24 15:27:00,12.51,-2147483648,Netherlands,12.51,2024-07,2024-07-24
530221,SKU-007,Desk Lamp,1,2025-03-17 17:47:00,29.02,-2147483648,Italy,29.02,2025-03,2025-03-17
530221,SKU-006,Wireless Charger,2,2024-11-09 17:06:00,26.11,-2147483648,Portugal,52.22,2024-11,2024-11-09
530222,SKU-007,Desk Lamp,1,2024-10-04 11:36:00,30.63,-2147483648,Spain,30.63,2024-10,2024-10-04
530222,SKU-011,Cotton Tote Bag,1,2024-03-30 21:04:00,10.11,-2147483648,Germany,10.11,2024-03,2024-03-30
530222,SKU-001,Premium Coffee Beans,2,2024-10-16 16:16:00,12.21,-2147483648,Germany,24.42,2024-10,2024-10-16
530223,SKU-005,Notebook A5,1,2024-05-29 17:52:00,5.75,1714484967,Spain,5.75,2024-05,2024-05-29
530223,SKU-009,Running Socks,2,2024-10-05 13:25:00,6.92,1455905409,Portugal,13.84,2024-10,2024-10-05
530223,SKU-003,Ceramic Mug,5,2025-03-13 20:20:00,7.37,-2147483648,Italy,36.85,2025-03,2025-03-13
530224,SKU-003,Ceramic Mug,2,2024-05-08 13:15:00,7.86,-2147483648,France,15.72,2024-05,2024-05-08
530224,SKU-011,Cotton Tote Bag,1,2025-03-22 13:23:00,11.35,-2147483648,Netherlands,11.35,2025-03,2025-03-22
530224,SKU-006,Wireless Charger,1,2024-06-24 09:00:00,23.94,1532026711,Italy,23.94,2024-06,2024-06-24
530225,SKU-001,Premium Coffee Beans,1,2024-08-18 19:21:00,13.75,-2147483648,Germany,13.75,2024-08,2024-08-18
530225,SKU-009,Running Socks,1,2025-03-09 09:24:00,6.25,218130993,Germany,6.25,2025-03,2025-03-09
530226,SKU-004,Reusable Bottle,2,2024-12-03 16:13:00,13.63,1432582759,Netherlands,27.26,2024-12,2024-12-03
530226,SKU-005,Notebook A5,5,2024-09-22 19:38:00,5.51,1328460370,United Kingdom,27.55,2024-09,2024-09-22
530226,SKU-011,Cotton Tote Bag,2,2024-08-14 09:36:00,10.82,-2147483648,Portugal,21.64,2024-08,2024-08-14
530227,SKU-007,Desk Lamp,2,2024-04-22 18:48:00,29.4,-2147483648,Spain,58.8,2024-04,2024-04-22
530227,SKU-006,Wireless Charger,1,2024-09-17 11:12:00,25.16,1879582139,Italy,25.16,2024-09,2024-09-17
530227,SKU-008,Yoga Mat,2,2024-10-27 15:02:00,23.64,1551467267,United Kingdom,47.28,2024-10,2024-10-27
530228,SKU-007,Desk Lamp,1,2024-11-06 09:07:00,29.62,1092425570,Germany,29.62,2024-11,2024-11-06
530229,SKU-010,Bluetooth Speaker,1,2024-07-23 08:58:00,43.02,-2147483648,Netherlands,43.02,2024-07,2024-07-23
530229,SKU-003,Ceramic Mug,4,2024-07-26 21:25:00,7.15,-2147483648,Portugal,28.6,2024-07,2024-07-26
530229,SKU-009,Running Socks,1,2024-09-16 22:33:00,7.69,1239773369,Spain,7.69,2024-09,2024-09-16
530230,SKU-011,Cotton Tote Bag,2,2024-04-13 08:04:00,9.35,-2147483648,Germany,18.7,2024-04,2024-04-13
530230,SKU-007,Desk Lamp,1,2025-03-10 19:19:00,35.99,-2147483648,Spain,35.99,2025-03,2025-03-10
530230,SKU-006,Wireless Charger,1,2025-03-08 14:05:00,24.56,1247913175,Portugal,24.56,2025-03,2025-03-08
530231,SKU-006,Wireless Charger,2,2024-02-15 15:39:00,21.45,1326335706,Italy,42.9,2024-02,2024-02-15
530231,SKU-005,Notebook A5,2,2024-08-01 19:29:00,5.54,-2147483648,Netherlands,11.08,2024-08,2024-08-01
530231,SKU-011,Cotton Tote Bag,2,2024-08-11 22:07:00,9.21,1328460370,United Kingdom,18.42,2024-08,2024-08-11
530232,SKU-010,Bluetooth Speaker,8,2024-08-21 09:01:00,45.81,-2147483648,Italy,366.48,2024-08,2024-08-21
530232,SKU-001,Premium Coffee Beans,4,2024-10-04 10:06:00,13.85,-2147483648,Germany,55.4,2024-10,2024-10-04
530232,SKU-012,Phone Stand,1,2025-02-11 19:27:00,13.08,1326335706,Italy,13.08,2025-02,2025-02-11
530233,SKU-002,Organic Green Tea,5,2024-12-14 11:46:00,9.1,1532026711,Italy,45.5,2024-12,2024-12-14
530233,SKU-006,Wireless Charger,2,2024-05-09 21:57:00,22.85,-2147483648,United Kingdom,45.7,2024-05,2024-05-09
530233,SKU-001,Premium Coffee Beans,1,2025-01-06 22:44:00,11.91,1579141586,France,11.91,2025-01,2025-01-06
530234,SKU-005,Notebook A5,1,2024-03-21 22:50:00,5.02,-2147483648,Germany,5.02,2024-03,2024-03-21
530234,SKU-001,Premium Coffee Beans,3,2024-03-30 12:04:00,12.57,1706304137,Netherlands,37.71,2024-03,2024-03-30
530234,SKU-012,Phone Stand,2,2024-10-09 17:50:00,12.2,-2147483648,France,24.4,2024-10,2024-10-09
530235,SKU-005,Notebook A5,1,2024-11-09 19:10:00,5.96,1175764926,Germany,5.96,2024-11,2024-11-09
530235,SKU-010,Bluetooth Speaker,1,2024-06-25 15:07:00,42.39,1879582139,Italy,42.39,2024-06,2024-06-25
530235,SKU-003,Ceramic Mug,2,2024-06-13 20:37:00,7.04,-2147483648,Spain,14.08,2024-06,2024-06-13
530236,SKU-007,Desk Lamp,3,2025-01-12 18:28:00,31.97,1579141586,France,95.91,2025-01,2025-01-12
530236,SKU-009,Running Socks,1,2024-04-08 16:15:00,6.9,160241283,France,6.9,2024-04,2024-04-08
530236,SKU-011,Cotton Tote Bag,1,2024-12-28 15:17:00,9.28,1432582759,Netherlands,9.28,2024-12,2024-12-28
530237,SKU-012,Phone Stand,1,2024-08-12 15:14:00,10.46,1130080571,Germany,10.46,2024-08,2024-08-12
530237,SKU-004,Reusable Bottle,2,2024-09-09 18:41:00,14.69,-2147483648,Spain,29.38,2024-09,2024-09-09
530238,SKU-004,Reusable Bottle,2,2024-07-22 19:04:00,17.05,-2147483648,Netherlands,34.1,2024-07,2024-07-22
530238,SKU-004,Reusable Bottle,2,2025-03-27 15:52:00,15.85,-2147483648,Spain,31.7,2025-03,2025-03-27
530239,SKU-008,Yoga Mat,1,2024-08-13 09:21:00,27.04,1298664459,United Kingdom,27.04,2024-08,2024-08-13
530239,SKU-010,Bluetooth Speaker,8,2024-11-28 20:33:00,45.55,-2147483648,Spain,364.4,2024-11,2024-11-28
530239,SKU-006,Wireless Charger,4,2024-09-20 20:19:00,22.07,-2147483648,France,88.28,2024-09,2024-09-20
530240,SKU-011,Cotton Tote Bag,1,2024-04-19 10:54:00,10.75,-2147483648,Germany,10.75,2024-04,2024-04-19
530240,SKU-003,Ceramic Mug,1,2024-12-09 11:58:00,7.32,1996590439,Netherlands,7.32,2024-12,2024-12-09
530240,SKU-008,Yoga Mat,1,2025-03-03 21:39:00,22.86,-2147483648,Italy,22.86,2025-03,2025-03-03
530241,SKU-007,Desk Lamp,4,2024-11-20 11:04:00,30.18,-2147483648,United Kingdom,120.72,2024-11,2024-11-20
530241,SKU-003,Ceramic Mug,1,2025-02-25 18:19:00,7.39,1455905409,Portugal,7.39,2025-02,2025-02-25
530241,SKU-010,Bluetooth Speaker,1,2024-07-23 18:06:00,46.5,-2147483648,France,46.5,2024-07,2024-07-23
530242,SKU-002,Organic Green Tea,1,2024-06-29 19:07:00,8.1,-2147483648,Portugal,8.1,2024-06,2024-06-29
530242,SKU-008,Yoga Mat,2,2024-11-24 10:17:00,27.34,1210522254,United Kingdom,54.68,2024-11,2024-11-24
530242,SKU-011,Cotton Tote Bag,8,2024-07-16 16:28:00,9.37,218130993,Germany,74.96,2024-07,2024-07-16
530243,SKU-002,Organic Green Tea,1,2025-01-20 22:35:00,8.84,-2147483648,Spain,8.84,2025-01,2025-01-20
530243,SKU-007,Desk Lamp,2,2024-09-08 11:09:00,29.63,-2147483648,France,59.26,2024-09,2024-09-08
530243,SKU-007,Desk Lamp,5,2024-12-25 16:21:00,32.97,1374553813,France,164.85,2024-12,2024-12-25
530244,SKU-005,Notebook A5,1,2024-08-30 13:06:00,5.88,1175764926,Germany,5.88,2024-08,2024-08-30
530244,SKU-007,Desk Lamp,1,2025-02-11 19:59:00,34.82,1092425570,Germany,34.82,2025-02,2025-02-11
530244,SKU-005,Notebook A5,1,2024-05-14 11:25:00,5.0,218130993,Germany,5.0,2024-05,2024-05-14
530245,SKU-005,Notebook A5,1,2024-12-25 16:38:00,6.2,168411885,Netherlands,6.2,2024-12,2024-12-25
530245,SKU-007,Desk Lamp,1,2024-11-06 09:43:00,35.73,1130080571,Germany,35.73,2024-11,2024-11-06
530245,SKU-004,Reusable Bottle,1,2024-05-25 09:14:00,16.33,1298664459,United Kingdom,16.33,2024-05,2024-05-25
530246,SKU-001,Premium Coffee Beans,1,2024-09-07 17:17:00,14.13,256300136,Germany,14.13,2024-09,2024-09-07
530246,SKU-009,Running Socks,4,2024-03-22 09:17:00,7.56,1743953104,Netherlands,30.24,2024-03,2024-03-22
530246,SKU-010,Bluetooth Speaker,1,2024-11-09 19:45:00,49.3,168411885,Netherlands,49.3,2024-11,2024-11-09
530247,SKU-007,Desk Lamp,1,2024-10-28 09:14:00,33.1,1532026711,Italy,33.1,2024-10,2024-10-28
530247,SKU-012,Phone Stand,4,2024-01-20 12:31:00,11.16,-2147483648,Portugal,44.64,2024-01,2024-01-20
530247,SKU-004,Reusable Bottle,1,2025-01-27 13:40:00,15.93,-2147483648,France,15.93,2025-01,2025-01-27
530248,SKU-003,Ceramic Mug,1,2024-05-11 16:58:00,7.72,-2147483648,Spain,7.72,2024-05,2024-05-11
530248,SKU-008,Yoga Mat,1,2024-08-29 19:19:00,22.86,-2147483648,Germany,22.86,2024-08,2024-08-29
530249,SKU-012,Phone Stand,1,2025-01-05 11:10:00,11.82,1494638862,Spain,11.82,2025-01,2025-01-05
530249,SKU-002,Organic Green Tea,1,2025-03-11 10:11:00,8.25,168411885,Netherlands,8.25,2025-03,2025-03-11
530249,SKU-008,Yoga Mat,10,2025-01-13 10:00:00,24.82,1432582759,Netherlands,248.2,2025-01,2025-01-13
530250,SKU-007,Desk Lamp,2,2024-06-10 13:01:00,31.54,1455905409,Portugal,63.08,2024-06,2024-06-10
530250,SKU-005,Notebook A5,1,2024-11-22 22:04:00,5.65,-2147483648,Germany,5.65,2024-11,2024-11-22
530250,SKU-001,Premium Coffee Beans,4,2024-07-11 17:22:00,14.83,-2147483648,United Kingdom,59.32,2024-07,2024-07-11
530251,SKU-010,Bluetooth Speaker,5,2024-12-12 08:31:00,42.98,1532026711,Italy,214.9,2024-12,2024-12-12
530251,SKU-008,Yoga Mat,1,2024-06-29 09:02:00,25.27,-2147483648,France,25.27,2024-06,2024-06-29
530251,SKU-010,Bluetooth Speaker,6,2025-02-03 18:18:00,44.78,-2147483648,Italy,268.68,2025-02,2025-02-03
530252,SKU-002,Organic Green Tea,1,2024-08-19 09:19:00,9.69,-2147483648,Spain,9.69,2024-08,2024-08-19
530252,SKU-006,Wireless Charger,1,2025-01-12 15:31:00,25.74,2026944232,Italy,25.74,2025-01,2025-01-12
530253,SKU-009,Running Socks,1,2024-10-20 12:42:00,7.18,1210522254,United Kingdom,7.18,2024-10,2024-10-20
530253,SKU-006,Wireless Charger,2,2024-02-11 15:00:00,22.47,-2147483648,Portugal,44.94,2024-02,2024-02-11
530253,SKU-005,Notebook A5,1,2025-02-17 19:21:00,5.2,1532026711,Italy,5.2,2025-02,2025-02-17
530254,SKU-011,Cotton Tote Bag,2,2024-11-23 21:55:00,10.15,-2147483648,Italy,20.3,2024-11,2024-11-23
530254,SKU-010,Bluetooth Speaker,1,2025-02-05 15:07:00,42.71,1298664459,United Kingdom,42.71,2025-02,2025-02-05
530255,SKU-007,Desk Lamp,5,2024-06-24 21:14:00,30.27,2026944232,Italy,151.35,2024-06,2024-06-24
530255,SKU-003,Ceramic Mug,1,2024-06-15 13:31:00,7.39,-2147483648,France,7.39,2024-06,2024-06-15
530255,SKU-010,Bluetooth Speaker,1,2024-09-19 19:44:00,48.5,-2147483648,Netherlands,48.5,2024-09,2024-09-19
530256,SKU-007,Desk Lamp,1,2024-11-05 18:06:00,36.17,-2147483648,Germany,36.17,2024-11,2024-11-05
530256,SKU-011,Cotton Tote Bag,1,2024-09-06 18:34:00,10.43,-2147483648,Spain,10.43,2024-09,2024-09-06
530257,SKU-008,Yoga Mat,2,2024-09-21 22:33:00,22.94,256300136,Germany,45.88,2024-09,2024-09-21
530257,SKU-011,Cotton Tote Bag,2,2024-06-21 13:56:00,9.71,1532026711,Italy,19.42,2024-06,2024-06-21
530258,SKU-001,Premium Coffee Beans,1,2024-10-11 17:33:00,13.49,-2147483648,France,13.49,2024-10,2024-10-11
530258,SKU-010,Bluetooth Speaker,2,2024-02-18 09:27:00,41.68,218130993,Germany,83.36,2024-02,2024-02-18
530258,SKU-010,Bluetooth Speaker,1,2024-04-07 20:50:00,47.71,1092425570,Germany,47.71,2024-04,2024-04-07
530259,SKU-002,Organic Green Tea,2,2024-12-14 08:31:00,9.06,-2147483648,France,18.12,2024-12,2024-12-14
530259,SKU-003,Ceramic Mug,1,2025-04-15 15:43:00,6.81,-2147483648,Spain,6.81,2025-04,2025-04-15
530259,SKU-005,Notebook A5,1,2025-03-20 17:35:00,6.19,1714484967,Spain,6.19,2025-03,2025-03-20
530260,SKU-005,Notebook A5,2,2024-09-12 15:18:00,6.17,-2147483648,United Kingdom,12.34,2024-09,2024-09-12
530260,SKU-005,Notebook A5,5,2024-07-17 08:29:00,5.31,-2147483648,Germany,26.55,2024-07,2024-07-17
530260,SKU-005,Notebook A5,1,2025-02-21 21:37:00,5.55,1269026528,France,5.55,2025-02,2025-02-21
530261,SKU-008,Yoga Mat,1,2024-11-07 12:00:00,24.5,1494638862,Spain,24.5,2024-11,2024-11-07
530261,SKU-011,Cotton Tote Bag,1,2025-03-11 21:00:00,10.62,160241283,France,10.62,2025-03,2025-03-11
530261,SKU-003,Ceramic Mug,4,2024-07-10 13:56:00,7.15,1627075596,Portugal,28.6,2024-07,2024-07-10
530262,SKU-009,Running Socks,4,2024-07-08 18:49:00,6.66,-2147483648,Portugal,26.64,2024-07,2024-07-08
530262,SKU-002,Organic Green Tea,3,2024-05-12 19:17:00,9.28,1490291513,France,27.84,2024-05,2024-05-12
530262,SKU-012,Phone Stand,1,2024-12-18 11:27:00,11.92,1148384623,Netherlands,11.92,2024-12,2024-12-18
530263,SKU-002,Organic Green Tea,1,2024-11-01 12:14:00,7.72,243580511,Germany,7.72,2024-11,2024-11-01
530263,SKU-006,Wireless Charger,1,2024-08-26 11:51:00,21.47,-2147483648,Spain,21.47,2024-08,2024-08-26
530263,SKU-007,Desk Lamp,1,2024-08-26 14:25:00,31.73,-2147483648,Netherlands,31.73,2024-08,2024-08-26
530264,SKU-002,Organic Green Tea,1,2024-12-03 22:16:00,7.81,-2147483648,France,7.81,2024-12,2024-12-03
530264,SKU-010,Bluetooth Speaker,2,2025-02-22 12:11:00,41.34,1706304137,Netherlands,82.68,2025-02,2025-02-22
530264,SKU-011,Cotton Tote Bag,1,2024-10-15 22:20:00,9.9,-2147483648,Portugal,9.9,2024-10,2024-10-15
530265,SKU-003,Ceramic Mug,1,2024-06-05 18:49:00,7.02,-2147483648,Netherlands,7.02,2024-06,2024-06-05
530265,SKU-003,Ceramic Mug,2,2024-05-04 14:35:00,8.18,160241283,France,16.36,2024-05,2024-05-04
530265,SKU-005,Notebook A5,2,2024-09-13 09:19:00,5.16,-2147483648,Germany,10.32,2024-09,2024-09-13
530266,SKU-011,Cotton Tote Bag,3,2024-08-10 15:34:00,10.37,-2147483648,United Kingdom,31.11,2024-08,2024-08-10
530266,SKU-007,Desk Lamp,2,2024-07-15 09:08:00,35.0,1785010438,France,70.0,2024-07,2024-07-15
530266,SKU-012,Phone Stand,1,2024-07-02 13:32:00,10.9,1743953104,Netherlands,10.9,2024-07,2024-07-02
530267,SKU-012,Phone Stand,1,2024-11-23 13:29:00,11.04,-2147483648,Netherlands,11.04,2024-11,2024-11-23
530267,SKU-008,Yoga Mat,2,2025-04-03 14:26:00,27.6,-2147483648,Germany,55.2,2025-04,2025-04-03
530268,SKU-003,Ceramic Mug,1,2024-09-16 17:58:00,6.87,1519564128,France,6.87,2024-09,2024-09-16
530268,SKU-004,Reusable Bottle,1,2024-09-26 17:32:00,15.57,-2147483648,United Kingdom,15.57,2024-09,2024-09-26
530268,SKU-010,Bluetooth Speaker,2,2024-12-27 16:57:00,44.1,1608360933,France,88.2,2024-12,2024-12-27
530269,SKU-005,Notebook A5,1,2024-07-05 08:48:00,5.37,-2147483648,Germany,5.37,2024-07,2024-07-05
530269,SKU-009,Running Socks,2,2024-05-08 15:53:00,6.65,-2147483648,Italy,13.3,2024-05,2024-05-08
530270,SKU-001,Premium Coffee Beans,1,2024-06-23 12:53:00,11.67,-2147483648,Italy,11.67,2024-06,2024-06-23
530270,SKU-002,Organic Green Tea,2,2024-03-28 13:38:00,8.58,1631149627,Italy,17.16,2024-03,2024-03-28
530270,SKU-005,Notebook A5,3,2024-07-14 17:30:00,6.11,1148384623,Netherlands,18.33,2024-07,2024-07-14
530271,SKU-001,Premium Coffee Beans,1,2025-04-17 09:47:00,14.42,-2147483648,Germany,14.42,2025-04,2025-04-17
530271,SKU-009,Running Socks,2,2024-10-24 19:45:00,6.55,-2147483648,Germany,13.1,2024-10,2024-10-24
530271,SKU-004,Reusable Bottle,1,2025-01-29 16:09:00,13.54,1706304137,Netherlands,13.54,2025-01,2025-01-29
530272,SKU-008,Yoga Mat,1,2024-09-01 10:14:00,25.43,-2147483648,France,25.43,2024-09,2024-09-01
530272,SKU-011,Cotton Tote Bag,1,2024-08-16 21:09:00,10.35,256300136,Germany,10.35,2024-08,2024-08-16
530273,SKU-008,Yoga Mat,2,2025-01-30 17:44:00,21.69,2031279327,Portugal,43.38,2025-01,2025-01-30
530273,SKU-002,Organic Green Tea,1,2024-01-29 08:09:00,7.97,218130993,Germany,7.97,2024-01,2024-01-29
530273,SKU-002,Organic Green Tea,3,2024-07-06 16:06:00,8.98,-2147483648,Germany,26.94,2024-07,2024-07-06
530274,SKU-002,Organic Green Tea,1,2024-09-10 15:01:00,9.34,-2147483648,Spain,9.34,2024-09,2024-09-10
530274,SKU-008,Yoga Mat,3,2024-07-24 14:03:00,26.36,-2147483648,Netherlands,79.08,2024-07,2024-07-24
530274,SKU-005,Notebook A5,2,2025-02-23 14:30:00,4.88,1714484967,Spain,9.76,2025-02,2025-02-23
530275,SKU-004,Reusable Bottle,2,2024-11-02 21:54:00,14.16,-2147483648,Germany,28.32,2024-11,2024-11-02
530275,SKU-010,Bluetooth Speaker,2,2024-05-23 18:28:00,40.73,1549367179,Italy,81.46,2024-05,2024-05-23
530275,SKU-010,Bluetooth Speaker,1,2024-05-12 09:27:00,46.97,-2147483648,Italy,46.97,2024-05,2024-05-12
530276,SKU-001,Premium Coffee Beans,2,2024-08-09 10:09:00,14.11,1551467267,United Kingdom,28.22,2024-08,2024-08-09
530276,SKU-011,Cotton Tote Bag,1,2024-11-03 11:10:00,11.21,1549367179,Italy,11.21,2024-11,2024-11-03
530276,SKU-012,Phone Stand,2,2024-06-16 16:12:00,11.89,256300136,Germany,23.78,2024-06,2024-06-16
530277,SKU-005,Notebook A5,2,2025-04-25 12:42:00,4.91,-2147483648,Spain,9.82,2025-04,2025-04-25
530277,SKU-010,Bluetooth Speaker,1,2024-11-16 15:23:00,42.03,-2147483648,Portugal,42.03,2024-11,2024-11-16
530277,SKU-007,Desk Lamp,1,2024-08-27 14:44:00,30.05,197896410,Netherlands,30.05,2024-08,2024-08-27
530278,SKU-008,Yoga Mat,2,2025-02-20 14:52:00,25.05,1210522254,United Kingdom,50.1,2025-02,2025-02-20
530278,SKU-001,Premium Coffee Beans,1,2025-04-08 12:29:00,13.95,1992550224,Netherlands,13.95,2025-04,2025-04-08
530278,SKU-007,Desk Lamp,2,2024-08-14 08:37:00,30.77,-2147483648,France,61.54,2024-08,2024-08-14
530279,SKU-011,Cotton Tote Bag,3,2024-03-30 18:57:00,9.63,1917754338,Germany,28.89,2024-03,2024-03-30
530279,SKU-008,Yoga Mat,1,2024-09-09 08:58:00,21.67,-2147483648,Netherlands,21.67,2024-09,2024-09-09
530279,SKU-003,Ceramic Mug,5,2024-07-16 15:56:00,7.13,-2147483648,Netherlands,35.65,2024-07,2024-07-16
530280,SKU-005,Notebook A5,2,2024-12-11 08:10:00,5.12,-2147483648,France,10.24,2024-12,2024-12-11
530280,SKU-009,Running Socks,2,2024-11-09 11:22:00,6.36,1210522254,United Kingdom,12.72,2024-11,2024-11-09
530280,SKU-009,Running Socks,2,2025-01-04 14:32:00,7.22,-2147483648,Spain,14.44,2025-01,2025-01-04
530281,SKU-011,Cotton Tote Bag,1,2024-11-02 10:22:00,10.7,1714484967,Spain,10.7,2024-11,2024-11-02
530281,SKU-010,Bluetooth Speaker,1,2024-08-13 13:29:00,47.06,2026944232,Italy,47.06,2024-08,2024-08-13
530281,SKU-003,Ceramic Mug,3,2024-10-06 12:50:00,6.68,-2147483648,Germany,20.04,2024-10,2024-10-06
530282,SKU-005,Notebook A5,8,2025-01-26 22:25:00,6.04,256300136,Germany,48.32,2025-01,2025-01-26
530282,SKU-011,Cotton Tote Bag,2,2024-12-29 15:24:00,10.59,-2147483648,Netherlands,21.18,2024-12,2024-12-29
530282,SKU-010,Bluetooth Speaker,6,2024-08-25 18:11:00,41.96,1631149627,Italy,251.76,2024-08,2024-08-25
530283,SKU-009,Running Socks,2,2024-08-21 20:42:00,6.37,1996590439,Netherlands,12.74,2024-08,2024-08-21
530283,SKU-003,Ceramic Mug,3,2024-11-10 19:20:00,6.84,-2147483648,Spain,20.52,2024-11,2024-11-10
530283,SKU-010,Bluetooth Speaker,1,2024-07-14 13:37:00,44.99,256300136,Germany,44.99,2024-07,2024-07-14
530284,SKU-007,Desk Lamp,1,2024-02-07 09:02:00,31.12,-2147483648,Netherlands,31.12,2024-02,2024-02-07
530284,SKU-012,Phone Stand,5,2025-02-18 10:14:00,10.87,-2147483648,Germany,54.35,2025-02,2025-02-18
530284,SKU-002,Organic Green Tea,1,2024-12-03 15:59:00,7.66,2026944232,Italy,7.66,2024-12,2024-12-03
530285,SKU-006,Wireless Charger,2,2024-06-24 20:14:00,21.14,1992550224,Netherlands,42.28,2024-06,2024-06-24
530285,SKU-012,Phone Stand,1,2024-09-09 20:15:00,13.17,1092425570,Germany,13.17,2024-09,2024-09-09
530285,SKU-003,Ceramic Mug,1,2025-02-11 19:57:00,8.06,1992550224,Netherlands,8.06,2025-02,2025-02-11
530286,SKU-007,Desk Lamp,2,2024-04-14 22:04:00,33.96,1326335706,Italy,67.92,2024-04,2024-04-14
530286,SKU-005,Notebook A5,2,2024-09-06 09:02:00,5.11,1549367179,Italy,10.22,2024-09,2024-09-06
530286,SKU-002,Organic Green Tea,2,2024-10-18 15:48:00,7.71,218130993,Germany,15.42,2024-10,2024-10-18
530287,SKU-011,Cotton Tote Bag,2,2024-06-10 21:01:00,9.43,-2147483648,Netherlands,18.86,2024-06,2024-06-10
530287,SKU-006,Wireless Charger,2,2024-10-05 09:44:00,25.45,-2147483648,Spain,50.9,2024-10,2024-10-05
530287,SKU-003,Ceramic Mug,5,2024-11-17 18:36:00,7.19,-2147483648,Italy,35.95,2024-11,2024-11-17
530288,SKU-004,Reusable Bottle,1,2025-03-02 12:31:00,14.66,-2147483648,Portugal,14.66,2025-03,2025-03-02
530288,SKU-005,Notebook A5,1,2024-12-10 11:12:00,5.23,-2147483648,Germany,5.23,2024-12,2024-12-10
530288,SKU-007,Desk Lamp,1,2024-08-20 21:33:00,31.59,-2147483648,Germany,31.59,2024-08,2024-08-20
530289,SKU-011,Cotton Tote Bag,3,2024-05-02 09:13:00,9.22,-2147483648,Portugal,27.66,2024-05,2024-05-02
530289,SKU-003,Ceramic Mug,3,2024-09-20 22:00:00,8.05,1532026711,Italy,24.15,2024-09,2024-09-20
530290,SKU-007,Desk Lamp,2,2024-10-07 17:34:00,34.29,1455905409,Portugal,68.58,2024-10,2024-10-07
530290,SKU-006,Wireless Charger,1,2024-11-22 10:43:00,22.58,1656588885,Germany,22.58,2024-11,2024-11-22
530290,SKU-012,Phone Stand,1,2024-07-30 18:33:00,13.13,1967600446,Spain,13.13,2024-07,2024-07-30
530291,SKU-004,Reusable Bottle,2,2025-03-13 17:52:00,16.89,-2147483648,Germany,33.78,2025-03,2025-03-13
530291,SKU-006,Wireless Charger,4,2024-08-12 13:39:00,21.93,-2147483648,Spain,87.72,2024-08,2024-08-12
530291,SKU-003,Ceramic Mug,2,2024-09-07 20:04:00,7.67,1656588885,Germany,15.34,2024-09,2024-09-07
530292,SKU-011,Cotton Tote Bag,1,2024-03-23 14:55:00,10.23,256300136,Germany,10.23,2024-03,2024-03-23
530292,SKU-002,Organic Green Tea,2,2024-09-20 10:50:00,8.89,2026944232,Italy,17.78,2024-09,2024-09-20
530292,SKU-002,Organic Green Tea,2,2024-12-20 09:31:00,9.77,-2147483648,Netherlands,19.54,2024-12,2024-12-20
530293,SKU-005,Notebook A5,1,2024-06-27 22:53:00,5.06,1532026711,Italy,5.06,2024-06,2024-06-27
530293,SKU-012,Phone Stand,1,2024-03-29 13:04:00,12.87,-2147483648,Spain,12.87,2024-03,2024-03-29
530294,SKU-003,Ceramic Mug,1,2024-07-26 12:04:00,7.0,-2147483648,United Kingdom,7.0,2024-07,2024-07-26
530294,SKU-004,Reusable Bottle,1,2024-09-19 21:33:00,16.4,-2147483648,Portugal,16.4,2024-09,2024-09-19
530294,SKU-009,Running Socks,1,2024-09-14 12:25:00,7.66,256300136,Germany,7.66,2024-09,2024-09-14
530295,SKU-009,Running Socks,1,2024-09-21 19:57:00,7.31,-2147483648,Portugal,7.31,2024-09,2024-09-21
530295,SKU-008,Yoga Mat,2,2024-10-16 22:58:00,27.14,1714484967,Spain,54.28,2024-10,2024-10-16
530295,SKU-011,Cotton Tote Bag,2,2024-04-12 08:02:00,10.31,2026944232,Italy,20.62,2024-04,2024-04-12
530296,SKU-005,Notebook A5,1,2024-12-26 11:21:00,4.87,-2147483648,Netherlands,4.87,2024-12,2024-12-26
530296,SKU-001,Premium Coffee Beans,1,2024-11-16 10:13:00,11.75,-2147483648,Portugal,11.75,2024-11,2024-11-16
530296,SKU-012,Phone Stand,3,2024-12-21 13:59:00,10.79,-2147483648,Netherlands,32.37,2024-12,2024-12-21
530297,SKU-001,Premium Coffee Beans,1,2024-12-28 11:31:00,13.94,139426996,Germany,13.94,2024-12,2024-12-28
530297,SKU-010,Bluetooth Speaker,2,2024-04-18 22:39:00,46.45,-2147483648,France,92.9,2024-04,2024-04-18
530297,SKU-001,Premium Coffee Beans,6,2025-01-01 13:04:00,13.97,-2147483648,France,83.82,2025-01,2025-01-01
530298,SKU-010,Bluetooth Speaker,1,2025-01-23 19:39:00,44.16,1532026711,Italy,44.16,2025-01,2025-01-23
530298,SKU-009,Running Socks,2,2024-02-17 15:08:00,6.83,-2147483648,Spain,13.66,2024-02,2024-02-17
530298,SKU-001,Premium Coffee Beans,10,2024-05-03 09:02:00,13.36,-2147483648,France,133.6,2024-05,2024-05-03
530299,SKU-004,Reusable Bottle,1,2024-09-03 18:22:00,15.78,-2147483648,Italy,15.78,2024-09,2024-09-03
530299,SKU-005,Notebook A5,2,2024-07-12 20:54:00,5.14,2031279327,Portugal,10.28,2024-07,2024-07-12
530299,SKU-004,Reusable Bottle,1,2025-02-04 08:59:00,16.8,-2147483648,United Kingdom,16.8,2025-02,2025-02-04
530300,SKU-004,Reusable Bottle,1,2024-07-20 16:38:00,14.5,-2147483648,Germany,14.5,2024-07,2024-07-20
530300,SKU-008,Yoga Mat,1,2024-11-02 08:24:00,24.71,-2147483648,France,24.71,2024-11,2024-11-02
530301,SKU-012,Phone Stand,1,2025-01-25 10:27:00,10.61,-2147483648,Germany,10.61,2025-01,2025-01-25
530301,SKU-009,Running Socks,1,2025-01-12 10:07:00,7.47,1210522254,United Kingdom,7.47,2025-01,2025-01-12
530301,SKU-010,Bluetooth Speaker,3,2024-10-27 22:23:00,40.86,-2147483648,Portugal,122.58,2024-10,2024-10-27
530302,SKU-006,Wireless Charger,2,2024-10-21 14:58:00,24.88,1967600446,Spain,49.76,2024-10,2024-10-21
530302,SKU-007,Desk Lamp,5,2024-02-17 19:48:00,31.24,-2147483648,Germany,156.2,2024-02,2024-02-17
530303,SKU-009,Running Socks,1,2024-02-25 17:02:00,6.32,-2147483648,Spain,6.32,2024-02,2024-02-25
530303,SKU-001,Premium Coffee Beans,6,2024-09-20 21:46:00,13.24,218130993,Germany,79.44,2024-09,2024-09-20
530303,SKU-001,Premium Coffee Beans,1,2024-02-21 09:03:00,12.49,-2147483648,Germany,12.49,2024-02,2024-02-21
530304,SKU-003,Ceramic Mug,1,2024-04-14 12:02:00,7.77,-2147483648,Portugal,7.77,2024-04,2024-04-14
530304,SKU-010,Bluetooth Speaker,5,2024-10-08 18:56:00,41.09,1298664459,United Kingdom,205.45,2024-10,2024-10-08
530304,SKU-005,Notebook A5,1,2024-10-23 10:38:00,5.91,-2147483648,Spain,5.91,2024-10,2024-10-23
530305,SKU-011,Cotton Tote Bag,6,2024-11-15 09:42:00,10.63,-2147483648,Spain,63.78,2024-11,2024-11-15
530305,SKU-005,Notebook A5,5,2024-05-29 16:13:00,6.08,-2147483648,Germany,30.4,2024-05,2024-05-29
530305,SKU-012,Phone Stand,1,2024-12-18 21:22:00,10.36,-2147483648,Italy,10.36,2024-12,2024-12-18
530306,SKU-004,Reusable Bottle,1,2025-01-14 15:45:00,16.09,-2147483648,Netherlands,16.09,2025-01,2025-01-14
530306,SKU-006,Wireless Charger,1,2024-03-27 20:35:00,25.36,214040582,Germany,25.36,2024-03,2024-03-27
530306,SKU-011,Cotton Tote Bag,1,2024-10-03 11:33:00,10.1,2026944232,Italy,10.1,2024-10,2024-10-03
530307,SKU-006,Wireless Charger,1,2024-05-04 19:34:00,25.55,1706304137,Netherlands,25.55,2024-05,2024-05-04
530307,SKU-001,Premium Coffee Beans,8,2024-06-06 13:57:00,11.97,-2147483648,Spain,95.76,2024-06,2024-06-06
530307,SKU-010,Bluetooth Speaker,1,2024-10-04 15:17:00,50.07,1374553813,France,50.07,2024-10,2024-10-04
530308,SKU-003,Ceramic Mug,3,2024-08-10 21:33:00,6.77,-2147483648,France,20.31,2024-08,2024-08-10
530308,SKU-012,Phone Stand,5,2024-04-27 16:13:00,12.84,2026944232,Italy,64.2,2024-04,2024-04-27
530308,SKU-012,Phone Stand,1,2024-08-28 21:50:00,12.7,-2147483648,Netherlands,12.7,2024-08,2024-08-28
530309,SKU-004,Reusable Bottle,1,2025-01-02 19:28:00,13.95,-2147483648,Spain,13.95,2025-01,2025-01-02
530309,SKU-008,Yoga Mat,3,2024-11-05 09:01:00,26.51,1148384623,Netherlands,79.53,2024-11,2024-11-05
530309,SKU-001,Premium Coffee Beans,2,2024-09-22 12:17:00,12.76,-2147483648,Netherlands,25.52,2024-09,2024-09-22
530310,SKU-005,Notebook A5,1,2024-08-22 21:05:00,5.24,1403566220,United Kingdom,5.24,2024-08,2024-08-22
530310,SKU-007,Desk Lamp,1,2024-08-18 14:28:00,29.25,-2147483648,Germany,29.25,2024-08,2024-08-18
530311,SKU-004,Reusable Bottle,2,2024-10-05 14:11:00,14.3,1879582139,Italy,28.6,2024-10,2024-10-05
530311,SKU-009,Running Socks,4,2024-05-27 08:42:00,6.24,-2147483648,France,24.96,2024-05,2024-05-27
530311,SKU-009,Running Socks,1,2025-03-25 20:22:00,7.26,218130993,Germany,7.26,2025-03,2025-03-25
530312,SKU-010,Bluetooth Speaker,1,2024-09-25 20:57:00,41.52,-2147483648,Spain,41.52,2024-09,2024-09-25
530312,SKU-005,Notebook A5,2,2024-05-31 20:48:00,5.62,1532026711,Italy,11.24,2024-05,2024-05-31
530312,SKU-001,Premium Coffee Beans,1,2024-10-12 13:46:00,13.7,1967600446,Spain,13.7,2024-10,2024-10-12
530313,SKU-007,Desk Lamp,1,2024-10-04 21:27:00,28.8,1345088738,Germany,28.8,2024-10,2024-10-04
530313,SKU-012,Phone Stand,2,2024-10-19 20:03:00,12.92,1551467267,United Kingdom,25.84,2024-10,2024-10-19
530313,SKU-009,Running Socks,8,2025-03-21 14:46:00,7.54,1247913175,Portugal,60.32,2025-03,2025-03-21
530314,SKU-005,Notebook A5,4,2024-11-11 21:34:00,4.96,1519564128,France,19.84,2024-11,2024-11-11
530314,SKU-010,Bluetooth Speaker,3,2024-09-04 19:36:00,49.66,-2147483648,France,148.98,2024-09,2024-09-04
530314,SKU-005,Notebook A5,1,2024-11-02 10:24:00,6.1,-2147483648,Italy,6.1,2024-11,2024-11-02
530315,SKU-011,Cotton Tote Bag,1,2024-02-14 12:05:00,10.09,1092425570,Germany,10.09,2024-02,2024-02-14
530315,SKU-009,Running Socks,1,2024-12-27 12:21:00,7.2,-2147483648,Portugal,7.2,2024-12,2024-12-27
530316,SKU-001,Premium Coffee Beans,1,2024-12-19 17:17:00,14.41,218130993,Germany,14.41,2024-12,2024-12-19
530316,SKU-011,Cotton Tote Bag,5,2024-12-26 12:50:00,10.72,-2147483648,Portugal,53.6,2024-12,2024-12-26
530316,SKU-010,Bluetooth Speaker,1,2024-07-02 08:07:00,41.25,-2147483648,Spain,41.25,2024-07,2024-07-02
530317,SKU-011,Cotton Tote Bag,1,2025-01-12 13:53:00,9.5,-2147483648,France,9.5,2025-01,2025-01-12
530317,SKU-001,Premium Coffee Beans,8,2024-12-27 15:02:00,11.69,1743953104,Netherlands,93.52,2024-12,2024-12-27
530318,SKU-008,Yoga Mat,2,2024-04-11 18:54:00,25.62,1532026711,Italy,51.24,2024-04,2024-04-11
530318,SKU-007,Desk Lamp,1,2024-11-22 08:37:00,29.04,218130993,Germany,29.04,2024-11,2024-11-22
530318,SKU-005,Notebook A5,1,2025-03-13 22:39:00,5.87,-2147483648,Germany,5.87,2025-03,2025-03-13
530319,SKU-002,Organic Green Tea,1,2024-05-21 15:11:00,9.28,2031279327,Portugal,9.28,2024-05,2024-05-21
530319,SKU-005,Notebook A5,3,2025-02-18 12:55:00,5.77,-2147483648,France,17.31,2025-02,2025-02-18
530319,SKU-004,Reusable Bottle,1,2024-09-01 18:11:00,15.77,1714484967,Spain,15.77,2024-09,2024-09-01
530320,SKU-010,Bluetooth Speaker,2,2024-07-28 18:03:00,50.52,243580511,Germany,101.04,2024-07,2024-07-28
530320,SKU-011,Cotton Tote Bag,1,2024-11-28 08:11:00,9.06,-2147483648,Spain,9.06,2024-11,2024-11-28
530320,SKU-008,Yoga Mat,3,2024-10-21 17:20:00,21.68,-2147483648,Germany,65.04,2024-10,2024-10-21
530321,SKU-012,Phone Stand,1,2024-06-19 11:03:00,13.12,2026944232,Italy,13.12,2024-06,2024-06-19
530321,SKU-005,Notebook A5,1,2025-02-10 12:01:00,5.86,218130993,Germany,5.86,2025-02,2025-02-10
530321,SKU-006,Wireless Charger,1,2024-06-06 16:45:00,26.17,-2147483648,Spain,26.17,2024-06,2024-06-06
530322,SKU-004,Reusable Bottle,4,2024-07-27 13:06:00,16.73,-2147483648,Portugal,66.92,2024-07,2024-07-27
530322,SKU-008,Yoga Mat,8,2025-01-30 09:32:00,23.78,-2147483648,France,190.24,2025-01,2025-01-30
530322,SKU-004,Reusable Bottle,2,2025-01-23 13:36:00,14.65,-2147483648,France,29.3,2025-01,2025-01-23
530323,SKU-011,Cotton Tote Bag,4,2024-11-29 14:04:00,9.88,-2147483648,Germany,39.52,2024-11,2024-11-29
530323,SKU-005,Notebook A5,1,2024-11-30 10:01:00,5.14,-2147483648,United Kingdom,5.14,2024-11,2024-11-30
530323,SKU-006,Wireless Charger,1,2024-08-25 13:26:00,23.59,-2147483648,Spain,23.59,2024-08,2024-08-25
530324,SKU-006,Wireless Charger,1,2024-05-27 15:18:00,25.01,-2147483648,Netherlands,25.01,2024-05,2024-05-27
530324,SKU-003,Ceramic Mug,1,2024-10-16 13:02:00,8.12,-2147483648,Spain,8.12,2024-10,2024-10-16
530324,SKU-003,Ceramic Mug,1,2024-12-23 22:37:00,8.26,-2147483648,France,8.26,2024-12,2024-12-23
530325,SKU-010,Bluetooth Speaker,6,2024-09-19 11:51:00,45.67,-2147483648,France,274.02,2024-09,2024-09-19
530325,SKU-012,Phone Stand,2,2024-06-18 20:47:00,10.65,-2147483648,Germany,21.3,2024-06,2024-06-18
530325,SKU-010,Bluetooth Speaker,1,2024-08-10 19:22:00,46.71,-2147483648,Spain,46.71,2024-08,2024-08-10
530326,SKU-007,Desk Lamp,8,2024-07-09 21:37:00,31.82,-2147483648,France,254.56,2024-07,2024-07-09
530326,SKU-012,Phone Stand,1,2024-03-18 10:24:00,11.96,-2147483648,Portugal,11.96,2024-03,2024-03-18
530326,SKU-011,Cotton Tote Bag,1,2024-08-02 09:04:00,8.95,-2147483648,Germany,8.95,2024-08,2024-08-02
530327,SKU-004,Reusable Bottle,2,2024-03-29 17:32:00,14.87,-2147483648,Italy,29.74,2024-03,2024-03-29
530327,SKU-011,Cotton Tote Bag,1,2024-09-13 16:46:00,9.79,1532026711,Italy,9.79,2024-09,2024-09-13
530327,SKU-012,Phone Stand,8,2025-04-27 09:54:00,12.58,1432582759,Netherlands,100.64,2025-04,2025-04-27
530328,SKU-001,Premium Coffee Beans,1,2024-07-30 17:30:00,14.79,-2147483648,Spain,14.79,2024-07,2024-07-30
530328,SKU-009,Running Socks,1,2024-02-08 15:20:00,7.11,-2147483648,France,7.11,2024-02,2024-02-08
530328,SKU-010,Bluetooth Speaker,2,2024-05-31 12:58:00,40.75,1455905409,Portugal,81.5,2024-05,2024-05-31
530329,SKU-004,Reusable Bottle,5,2025-04-24 20:49:00,17.05,1092425570,Germany,85.25,2025-04,2025-04-24
530329,SKU-004,Reusable Bottle,2,2024-09-30 15:20:00,15.52,-2147483648,Spain,31.04,2024-09,2024-09-30
530329,SKU-002,Organic Green Tea,1,2024-10-23 19:15:00,7.91,-2147483648,Germany,7.91,2024-10,2024-10-23
530330,SKU-007,Desk Lamp,3,2025-01-25 13:05:00,32.59,-2147483648,Netherlands,97.77,2025-01,2025-01-25
530330,SKU-009,Running Socks,5,2024-11-03 09:58:00,6.92,-2147483648,Spain,34.6,2024-11,2024-11-03
530330,SKU-008,Yoga Mat,1,2024-08-29 17:14:00,26.92,1419841616,France,26.92,2024-08,2024-08-29
530331,SKU-007,Desk Lamp,1,2024-01-19 11:36:00,30.82,2031279327,Portugal,30.82,2024-01,2024-01-19
530331,SKU-003,Ceramic Mug,1,2024-02-07 22:34:00,6.89,1938616789,Portugal,6.89,2024-02,2024-02-07
530331,SKU-007,Desk Lamp,1,2024-10-05 18:37:00,32.83,-2147483648,Germany,32.83,2024-10,2024-10-05
530332,SKU-010,Bluetooth Speaker,2,2025-05-02 12:50:00,51.13,-2147483648,Portugal,102.26,2025-05,2025-05-02
530332,SKU-006,Wireless Charger,3,2024-07-29 09:05:00,20.97,-2147483648,Spain,62.91,2024-07,2024-07-29
530332,SKU-009,Running Socks,1,2024-09-12 10:36:00,7.35,-2147483648,Italy,7.35,2024-09,2024-09-12
530333,SKU-004,Reusable Bottle,1,2024-07-19 22:11:00,14.66,-2147483648,Germany,14.66,2024-07,2024-07-19
530333,SKU-001,Premium Coffee Beans,10,2024-11-29 10:07:00,14.75,1130080571,Germany,147.5,2024-11,2024-11-29
530333,SKU-009,Running Socks,1,2024-08-08 19:59:00,7.05,68850517,France,7.05,2024-08,2024-08-08
530334,SKU-002,Organic Green Tea,3,2024-08-29 10:55:00,8.28,-2147483648,Germany,24.84,2024-08,2024-08-29
530334,SKU-007,Desk Lamp,3,2024-08-17 08:44:00,33.61,-2147483648,France,100.83,2024-08,2024-08-17
530334,SKU-002,Organic Green Tea,2,2024-03-15 10:32:00,7.71,-2147483648,France,15.42,2024-03,2024-03-15
530335,SKU-007,Desk Lamp,2,2024-09-10 19:35:00,29.23,1879582139,Italy,58.46,2024-09,2024-09-10
530335,SKU-005,Notebook A5,2,2024-09-10 09:21:00,6.11,218130993,Germany,12.22,2024-09,2024-09-10
530336,SKU-006,Wireless Charger,10,2024-09-09 17:38:00,21.27,-2147483648,Portugal,212.7,2024-09,2024-09-09
530336,SKU-012,Phone Stand,1,2024-10-02 08:04:00,12.34,-2147483648,Spain,12.34,2024-10,2024-10-02
530336,SKU-006,Wireless Charger,1,2024-08-30 15:58:00,21.08,-2147483648,Spain,21.08,2024-08,2024-08-30
530337,SKU-008,Yoga Mat,3,2025-03-07 19:53:00,22.49,256300136,Germany,67.47,2025-03,2025-03-07
530337,SKU-008,Yoga Mat,2,2025-02-05 19:08:00,25.36,-2147483648,France,50.72,2025-02,2025-02-05
530337,SKU-012,Phone Stand,1,2024-10-19 20:37:00,12.36,1909084044,United Kingdom,12.36,2024-10,2024-10-19
530338,SKU-009,Running Socks,1,2025-02-26 09:09:00,6.31,1210522254,United Kingdom,6.31,2025-02,2025-02-26
530338,SKU-010,Bluetooth Speaker,3,2024-10-20 17:23:00,48.77,1455905409,Portugal,146.31,2024-10,2024-10-20
530338,SKU-008,Yoga Mat,1,2024-04-22 14:20:00,22.12,-2147483648,Portugal,22.12,2024-04,2024-04-22
530339,SKU-009,Running Socks,1,2025-01-02 19:37:00,6.98,-2147483648,Netherlands,6.98,2025-01,2025-01-02
530339,SKU-002,Organic Green Tea,2,2024-07-18 11:19:00,8.17,98105698,Portugal,16.34,2024-07,2024-07-18
530339,SKU-001,Premium Coffee Beans,3,2024-09-29 17:33:00,12.43,-2147483648,Germany,37.29,2024-09,2024-09-29
530340,SKU-010,Bluetooth Speaker,1,2024-11-02 16:54:00,45.44,-2147483648,Netherlands,45.44,2024-11,2024-11-02
530340,SKU-005,Notebook A5,5,2024-11-19 13:24:00,5.46,-2147483648,Spain,27.3,2024-11,2024-11-19
530340,SKU-003,Ceramic Mug,3,2024-08-27 10:02:00,6.62,1938616789,Portugal,19.86,2024-08,2024-08-27
530341,SKU-012,Phone Stand,1,2024-03-19 22:46:00,12.95,-2147483648,France,12.95,2024-03,2024-03-19
530341,SKU-009,Running Socks,1,2024-11-07 12:36:00,7.74,-2147483648,Germany,7.74,2024-11,2024-11-07
530341,SKU-006,Wireless Charger,2,2024-11-25 09:22:00,21.81,-2147483648,Spain,43.62,2024-11,2024-11-25
530342,SKU-002,Organic Green Tea,1,2024-11-18 12:17:00,9.45,-2147483648,Germany,9.45,2024-11,2024-11-18
530342,SKU-004,Reusable Bottle,3,2024-11-27 22:10:00,14.8,1996590439,Netherlands,44.4,2024-11,2024-11-27
530343,SKU-004,Reusable Bottle,2,2024-09-22 18:17:00,16.71,197896410,Netherlands,33.42,2024-09,2024-09-22
530343,SKU-004,Reusable Bottle,4,2024-09-28 16:53:00,14.14,1551467267,United Kingdom,56.56,2024-09,2024-09-28
530343,SKU-003,Ceramic Mug,2,2024-11-02 08:38:00,8.25,1148384623,Netherlands,16.5,2024-11,2024-11-02
530344,SKU-009,Running Socks,1,2024-06-21 16:51:00,7.3,-2147483648,Portugal,7.3,2024-06,2024-06-21
530344,SKU-008,Yoga Mat,6,2024-08-26 21:52:00,26.32,-2147483648,United Kingdom,157.92,2024-08,2024-08-26
530344,SKU-004,Reusable Bottle,2,2024-06-23 12:36:00,15.78,1169203032,Spain,31.56,2024-06,2024-06-23
530345,SKU-008,Yoga Mat,8,2024-10-15 16:08:00,26.92,1579141586,France,215.36,2024-10,2024-10-15
530345,SKU-005,Notebook A5,1,2025-02-27 22:07:00,5.04,1706304137,Netherlands,5.04,2025-02,2025-02-27
530345,SKU-002,Organic Green Tea,1,2024-09-30 15:56:00,8.93,2026944232,Italy,8.93,2024-09,2024-09-30
530346,SKU-005,Notebook A5,5,2025-01-31 09:55:00,5.39,-2147483648,France,26.95,2025-01,2025-01-31
530346,SKU-005,Notebook A5,2,2024-10-21 19:42:00,5.38,-2147483648,Germany,10.76,2024-10,2024-10-21
530346,SKU-006,Wireless Charger,1,2024-06-20 20:05:00,23.23,-2147483648,Germany,23.23,2024-06,2024-06-20
530347,SKU-004,Reusable Bottle,2,2024-11-29 19:04:00,14.91,256300136,Germany,29.82,2024-11,2024-11-29
530347,SKU-009,Running Socks,1,2024-09-01 13:17:00,7.58,-2147483648,Spain,7.58,2024-09,2024-09-01
530347,SKU-012,Phone Stand,1,2024-10-16 16:43:00,12.96,139426996,Germany,12.96,2024-10,2024-10-16
530348,SKU-012,Phone Stand,3,2025-03-26 19:20:00,12.38,1382732475,Portugal,37.14,2025-03,2025-03-26
530348,SKU-001,Premium Coffee Beans,1,2024-08-04 14:06:00,13.43,1403566220,United Kingdom,13.43,2024-08,2024-08-04
530348,SKU-009,Running Socks,1,2025-03-05 13:12:00,6.68,-2147483648,United Kingdom,6.68,2025-03,2025-03-05
530349,SKU-011,Cotton Tote Bag,1,2024-09-03 21:56:00,10.9,-2147483648,Germany,10.9,2024-09,2024-09-03
530349,SKU-011,Cotton Tote Bag,1,2024-09-12 18:00:00,10.22,-2147483648,Italy,10.22,2024-09,2024-09-12
530349,SKU-010,Bluetooth Speaker,6,2024-03-24 14:55:00,47.16,-2147483648,United Kingdom,282.96,2024-03,2024-03-24
530350,SKU-011,Cotton Tote Bag,8,2025-02-19 11:16:00,10.67,256300136,Germany,85.36,2025-02,2025-02-19
530350,SKU-008,Yoga Mat,1,2024-08-07 21:11:00,25.11,-2147483648,Portugal,25.11,2024-08,2024-08-07
530350,SKU-005,Notebook A5,2,2024-11-06 10:12:00,5.44,-2147483648,Spain,10.88,2024-11,2024-11-06
530351,SKU-002,Organic Green Tea,1,2024-05-22 16:54:00,8.0,-2147483648,Spain,8.0,2024-05,2024-05-22
530351,SKU-004,Reusable Bottle,1,2024-12-08 08:27:00,14.38,1298664459,United Kingdom,14.38,2024-12,2024-12-08
530351,SKU-009,Running Socks,5,2024-09-29 17:13:00,6.57,-2147483648,Spain,32.85,2024-09,2024-09-29
530352,SKU-001,Premium Coffee Beans,5,2024-08-19 14:44:00,13.5,-2147483648,Spain,67.5,2024-08,2024-08-19
530352,SKU-007,Desk Lamp,1,2024-06-16 18:37:00,33.75,-2147483648,Spain,33.75,2024-06,2024-06-16
530352,SKU-006,Wireless Charger,1,2024-12-03 15:33:00,25.5,-2147483648,France,25.5,2024-12,2024-12-03
530353,SKU-003,Ceramic Mug,1,2024-07-13 22:19:00,8.03,1490291513,France,8.03,2024-07,2024-07-13
530353,SKU-005,Notebook A5,1,2025-01-07 18:31:00,5.3,1706304137,Netherlands,5.3,2025-01,2025-01-07
530353,SKU-011,Cotton Tote Bag,1,2024-12-28 14:38:00,9.75,-2147483648,Germany,9.75,2024-12,2024-12-28
530354,SKU-008,Yoga Mat,2,2024-09-13 12:06:00,23.55,1298664459,United Kingdom,47.1,2024-09,2024-09-13
530354,SKU-005,Notebook A5,2,2024-08-24 14:28:00,6.09,1669324898,Portugal,12.18,2024-08,2024-08-24
530354,SKU-011,Cotton Tote Bag,1,2024-08-16 14:07:00,10.86,-2147483648,Germany,10.86,2024-08,2024-08-16
530355,SKU-006,Wireless Charger,1,2025-01-03 18:07:00,24.03,-2147483648,Germany,24.03,2025-01,2025-01-03
530355,SKU-007,Desk Lamp,2,2024-11-08 19:08:00,30.82,1432582759,Netherlands,61.64,2024-11,2024-11-08
530355,SKU-008,Yoga Mat,3,2024-05-06 21:51:00,25.93,-2147483648,Spain,77.79,2024-05,2024-05-06
530356,SKU-010,Bluetooth Speaker,1,2024-03-29 14:43:00,46.37,-2147483648,Spain,46.37,2024-03,2024-03-29
530356,SKU-005,Notebook A5,1,2024-08-03 12:32:00,6.12,218130993,Germany,6.12,2024-08,2024-08-03
530356,SKU-007,Desk Lamp,3,2025-02-08 08:35:00,36.02,-2147483648,Germany,108.06,2025-02,2025-02-08
530357,SKU-005,Notebook A5,1,2025-03-07 18:20:00,5.96,1298664459,United Kingdom,5.96,2025-03,2025-03-07
530357,SKU-008,Yoga Mat,1,2025-02-28 14:25:00,26.27,-2147483648,Netherlands,26.27,2025-02,2025-02-28
530357,SKU-001,Premium Coffee Beans,1,2024-06-19 12:31:00,14.71,-2147483648,Spain,14.71,2024-06,2024-06-19
530358,SKU-006,Wireless Charger,1,2024-12-24 18:52:00,21.11,-2147483648,Germany,21.11,2024-12,2024-12-24
530358,SKU-008,Yoga Mat,1,2024-07-28 14:14:00,23.45,-2147483648,Germany,23.45,2024-07,2024-07-28
530358,SKU-003,Ceramic Mug,1,2024-10-14 16:13:00,8.13,1714484967,Spain,8.13,2024-10,2024-10-14
530359,SKU-002,Organic Green Tea,1,2024-05-21 17:39:00,9.41,-2147483648,Netherlands,9.41,2024-05,2024-05-21
530359,SKU-010,Bluetooth Speaker,1,2024-07-09 16:01:00,47.27,1579141586,France,47.27,2024-07,2024-07-09
530359,SKU-001,Premium Coffee Beans,1,2024-10-11 20:24:00,13.92,-2147483648,France,13.92,2024-10,2024-10-11
530360,SKU-012,Phone Stand,1,2025-04-26 13:58:00,11.48,1608360933,France,11.48,2025-04,2025-04-26
530360,SKU-009,Running Socks,2,2024-09-03 09:41:00,7.41,-2147483648,Spain,14.82,2024-09,2024-09-03
530360,SKU-004,Reusable Bottle,1,2024-09-04 13:34:00,15.46,1326335706,Italy,15.46,2024-09,2024-09-04
530361,SKU-003,Ceramic Mug,5,2024-06-17 21:34:00,7.22,1706304137,Netherlands,36.1,2024-06,2024-06-17
530361,SKU-012,Phone Stand,2,2024-07-15 11:18:00,11.76,1917754338,Germany,23.52,2024-07,2024-07-15
530361,SKU-006,Wireless Charger,1,2024-11-29 13:26:00,24.28,1743953104,Netherlands,24.28,2024-11,2024-11-29
530362,SKU-012,Phone Stand,1,2025-01-05 11:00:00,10.84,-2147483648,Germany,10.84,2025-01,2025-01-05
530362,SKU-001,Premium Coffee Beans,1,2024-07-25 20:33:00,14.0,1532026711,Italy,14.0,2024-07,2024-07-25
530362,SKU-007,Desk Lamp,1,2024-08-13 20:31:00,31.76,1298664459,United Kingdom,31.76,2024-08,2024-08-13
530363,SKU-005,Notebook A5,2,2024-06-24 12:01:00,5.11,1490291513,France,10.22,2024-06,2024-06-24
530363,SKU-012,Phone Stand,1,2024-06-18 11:02:00,12.24,1656588885,Germany,12.24,2024-06,2024-06-18
530363,SKU-002,Organic Green Tea,1,2024-10-10 21:50:00,8.27,1996590439,Netherlands,8.27,2024-10,2024-10-10
530364,SKU-007,Desk Lamp,1,2024-05-05 10:52:00,34.93,-2147483648,Portugal,34.93,2024-05,2024-05-05
530364,SKU-005,Notebook A5,1,2024-08-09 21:05:00,5.24,218130993,Germany,5.24,2024-08,2024-08-09
530364,SKU-009,Running Socks,2,2024-09-02 19:45:00,6.75,1374553813,France,13.5,2024-09,2024-09-02
530365,SKU-007,Desk Lamp,2,2025-01-12 08:00:00,35.79,1879582139,Italy,71.58,2025-01,2025-01-12
530365,SKU-009,Running Socks,2,2024-11-11 17:58:00,7.84,-2147483648,France,15.68,2024-11,2024-11-11
530365,SKU-012,Phone Stand,2,2024-03-23 17:50:00,12.16,1806136113,Netherlands,24.32,2024-03,2024-03-23
530366,SKU-010,Bluetooth Speaker,2,2025-01-04 21:19:00,44.6,1092425570,Germany,89.2,2025-01,2025-01-04
530366,SKU-005,Notebook A5,4,2024-05-16 15:12:00,5.72,2026944232,Italy,22.88,2024-05,2024-05-16
530367,SKU-011,Cotton Tote Bag,5,2024-12-05 17:30:00,9.35,1298664459,United Kingdom,46.75,2024-12,2024-12-05
530367,SKU-007,Desk Lamp,1,2025-02-05 09:14:00,33.93,-2147483648,Portugal,33.93,2025-02,2025-02-05
530367,SKU-009,Running Socks,1,2024-09-28 12:30:00,7.63,-2147483648,Italy,7.63,2024-09,2024-09-28
530368,SKU-012,Phone Stand,1,2025-02-16 16:32:00,10.47,1239773369,Spain,10.47,2025-02,2025-02-16
530368,SKU-001,Premium Coffee Beans,2,2024-04-25 15:46:00,11.76,168411885,Netherlands,23.52,2024-04,2024-04-25
530368,SKU-006,Wireless Charger,1,2024-04-25 20:34:00,24.98,-2147483648,Italy,24.98,2024-04,2024-04-25
530369,SKU-008,Yoga Mat,2,2024-05-21 11:36:00,21.69,1247913175,Portugal,43.38,2024-05,2024-05-21
530369,SKU-007,Desk Lamp,2,2024-10-18 20:14:00,34.75,-2147483648,Germany,69.5,2024-10,2024-10-18
530369,SKU-008,Yoga Mat,1,2025-02-17 17:06:00,24.87,-2147483648,Germany,24.87,2025-02,2025-02-17
530370,SKU-006,Wireless Charger,5,2025-02-11 10:51:00,23.89,168411885,Netherlands,119.45,2025-02,2025-02-11
530370,SKU-002,Organic Green Tea,10,2024-10-27 09:35:00,8.52,-2147483648,Netherlands,85.2,2024-10,2024-10-27
530370,SKU-008,Yoga Mat,1,2025-01-16 17:15:00,24.49,-2147483648,United Kingdom,24.49,2025-01,2025-01-16
530371,SKU-007,Desk Lamp,3,2024-12-17 17:53:00,34.04,-2147483648,Netherlands,102.12,2024-12,2024-12-17
530371,SKU-012,Phone Stand,1,2024-04-29 21:36:00,12.77,1269026528,France,12.77,2024-04,2024-04-29
530371,SKU-001,Premium Coffee Beans,1,2024-04-30 20:31:00,12.12,-2147483648,Germany,12.12,2024-04,2024-04-30
530372,SKU-005,Notebook A5,2,2024-06-08 19:21:00,6.0,-2147483648,Germany,12.0,2024-06,2024-06-08
530372,SKU-001,Premium Coffee Beans,3,2024-09-04 13:44:00,13.97,-2147483648,Spain,41.91,2024-09,2024-09-04
530372,SKU-007,Desk Lamp,1,2024-12-25 21:00:00,28.63,1146225127,Italy,28.63,2024-12,2024-12-25
530373,SKU-004,Reusable Bottle,2,2024-08-20 20:35:00,15.86,1549367179,Italy,31.72,2024-08,2024-08-20
530373,SKU-009,Running Socks,1,2025-04-01 15:20:00,6.62,1992550224,Netherlands,6.62,2025-04,2025-04-01
530373,SKU-004,Reusable Bottle,1,2024-10-18 13:29:00,14.27,-2147483648,Spain,14.27,2024-10,2024-10-18
530374,SKU-009,Running Socks,8,2024-06-05 16:54:00,7.31,-2147483648,Spain,58.48,2024-06,2024-06-05
530374,SKU-012,Phone Stand,2,2024-10-07 09:58:00,11.79,1374553813,France,23.58,2024-10,2024-10-07
530374,SKU-012,Phone Stand,4,2024-12-18 09:24:00,10.85,-2147483648,France,43.4,2024-12,2024-12-18
530375,SKU-001,Premium Coffee Beans,2,2025-03-26 10:33:00,14.68,-2147483648,Germany,29.36,2025-03,2025-03-26
530375,SKU-003,Ceramic Mug,1,2025-01-31 11:28:00,8.06,1298664459,United Kingdom,8.06,2025-01,2025-01-31
530375,SKU-002,Organic Green Tea,1,2024-08-27 08:56:00,9.04,1175764926,Germany,9.04,2024-08,2024-08-27
530376,SKU-003,Ceramic Mug,1,2024-05-12 18:51:00,7.27,-2147483648,Germany,7.27,2024-05,2024-05-12
530376,SKU-003,Ceramic Mug,2,2024-04-25 19:55:00,8.13,-2147483648,Spain,16.26,2024-04,2024-04-25
530376,SKU-007,Desk Lamp,4,2024-11-15 08:18:00,29.19,1298664459,United Kingdom,116.76,2024-11,2024-11-15
530377,SKU-005,Notebook A5,1,2025-04-05 19:59:00,5.31,-2147483648,Germany,5.31,2025-04,2025-04-05
530377,SKU-005,Notebook A5,2,2025-02-04 16:20:00,5.88,1345088738,Germany,11.76,2025-02,2025-02-04
530377,SKU-006,Wireless Charger,1,2024-10-04 17:41:00,21.15,256300136,Germany,21.15,2024-10,2024-10-04
530378,SKU-005,Notebook A5,2,2024-03-11 16:43:00,6.1,1298664459,United Kingdom,12.2,2024-03,2024-03-11
530378,SKU-010,Bluetooth Speaker,4,2025-01-01 19:23:00,49.68,-2147483648,Germany,198.72,2025-01,2025-01-01
530378,SKU-005,Notebook A5,1,2025-01-10 15:29:00,6.07,-2147483648,Portugal,6.07,2025-01,2025-01-10
530379,SKU-006,Wireless Charger,1,2024-05-27 22:47:00,26.15,-2147483648,Spain,26.15,2024-05,2024-05-27
530379,SKU-003,Ceramic Mug,1,2024-10-21 10:33:00,6.92,1714484967,Spain,6.92,2024-10,2024-10-21
530379,SKU-008,Yoga Mat,1,2024-01-27 08:20:00,24.63,1532026711,Italy,24.63,2024-01,2024-01-27
530380,SKU-003,Ceramic Mug,1,2024-09-05 15:04:00,7.22,-2147483648,Germany,7.22,2024-09,2024-09-05
530380,SKU-001,Premium Coffee Beans,1,2025-03-21 12:44:00,13.62,1298664459,United Kingdom,13.62,2025-03,2025-03-21
530380,SKU-012,Phone Stand,1,2024-09-16 09:34:00,11.03,1938616789,Portugal,11.03,2024-09,2024-09-16
530381,SKU-002,Organic Green Tea,1,2024-10-17 08:39:00,8.83,-2147483648,Netherlands,8.83,2024-10,2024-10-17
530381,SKU-003,Ceramic Mug,2,2024-12-04 09:22:00,6.63,-2147483648,Portugal,13.26,2024-12,2024-12-04
530382,SKU-004,Reusable Bottle,2,2024-09-24 12:18:00,15.43,1455905409,Portugal,30.86,2024-09,2024-09-24
530382,SKU-007,Desk Lamp,5,2024-10-16 17:46:00,29.07,-2147483648,Spain,145.35,2024-10,2024-10-16
530382,SKU-010,Bluetooth Speaker,1,2024-10-06 20:25:00,47.41,-2147483648,Spain,47.41,2024-10,2024-10-06
530383,SKU-009,Running Socks,1,2024-09-15 16:41:00,7.1,-2147483648,Germany,7.1,2024-09,2024-09-15
530383,SKU-002,Organic Green Tea,1,2024-03-22 17:09:00,9.56,-2147483648,France,9.56,2024-03,2024-03-22
530383,SKU-004,Reusable Bottle,10,2024-07-13 12:11:00,16.79,-2147483648,Spain,167.9,2024-07,2024-07-13
530384,SKU-002,Organic Green Tea,1,2024-06-15 10:51:00,9.22,1551467267,United Kingdom,9.22,2024-06,2024-06-15
530384,SKU-011,Cotton Tote Bag,1,2024-05-28 20:24:00,10.63,1324144741,France,10.63,2024-05,2024-05-28
530384,SKU-010,Bluetooth Speaker,2,2024-07-07 17:17:00,45.22,1549367179,Italy,90.44,2024-07,2024-07-07
530385,SKU-012,Phone Stand,3,2024-11-26 21:39:00,12.04,1167092688,Portugal,36.12,2024-11,2024-11-26
530385,SKU-004,Reusable Bottle,3,2024-12-13 11:05:00,14.76,1374553813,France,44.28,2024-12,2024-12-13
530386,SKU-010,Bluetooth Speaker,1,2024-11-25 10:09:00,51.36,1579141586,France,51.36,2024-11,2024-11-25
530386,SKU-001,Premium Coffee Beans,2,2024-09-23 13:04:00,14.07,-2147483648,Germany,28.14,2024-09,2024-09-23
530386,SKU-001,Premium Coffee Beans,2,2024-12-14 10:32:00,12.62,1210522254,United Kingdom,25.24,2024-12,2024-12-14
530387,SKU-007,Desk Lamp,1,2024-10-26 18:30:00,29.82,1656588885,Germany,29.82,2024-10,2024-10-26
530387,SKU-009,Running Socks,1,2024-12-06 20:07:00,6.27,256300136,Germany,6.27,2024-12,2024-12-06
530387,SKU-007,Desk Lamp,2,2025-02-18 14:49:00,33.97,243580511,Germany,67.94,2025-02,2025-02-18
530388,SKU-008,Yoga Mat,4,2024-10-25 13:19:00,23.34,-2147483648,France,93.36,2024-10,2024-10-25
530388,SKU-006,Wireless Charger,2,2024-08-18 16:05:00,24.68,1210522254,United Kingdom,49.36,2024-08,2024-08-18
530388,SKU-004,Reusable Bottle,8,2025-02-26 10:40:00,14.72,1210522254,United Kingdom,117.76,2025-02,2025-02-26
530389,SKU-012,Phone Stand,1,2024-06-24 10:53:00,12.89,-2147483648,Germany,12.89,2024-06,2024-06-24
530389,SKU-008,Yoga Mat,2,2024-10-22 15:44:00,26.29,1092425570,Germany,52.58,2024-10,2024-10-22
530389,SKU-011,Cotton Tote Bag,1,2024-08-24 09:35:00,9.81,2026944232,Italy,9.81,2024-08,2024-08-24
530390,SKU-011,Cotton Tote Bag,3,2024-09-01 13:11:00,11.09,1455905409,Portugal,33.27,2024-09,2024-09-01
530390,SKU-006,Wireless Charger,3,2024-06-16 21:29:00,25.03,1092425570,Germany,75.09,2024-06,2024-06-16
530390,SKU-006,Wireless Charger,1,2024-07-03 19:27:00,22.91,-2147483648,Portugal,22.91,2024-07,2024-07-03
530391,SKU-009,Running Socks,1,2024-10-20 22:58:00,7.45,-2147483648,Germany,7.45,2024-10,2024-10-20
530391,SKU-007,Desk Lamp,2,2024-05-29 13:11:00,32.97,218130993,Germany,65.94,2024-05,2024-05-29
530391,SKU-001,Premium Coffee Beans,2,2024-10-06 11:28:00,13.99,1532026711,Italy,27.98,2024-10,2024-10-06
530392,SKU-004,Reusable Bottle,2,2025-02-01 08:37:00,13.54,-2147483648,Germany,27.08,2025-02,2025-02-01
530392,SKU-002,Organic Green Tea,1,2024-08-26 22:23:00,9.46,1210522254,United Kingdom,9.46,2024-08,2024-08-26
530392,SKU-009,Running Socks,4,2025-02-17 22:00:00,6.98,-2147483648,Netherlands,27.92,2025-02,2025-02-17
530393,SKU-001,Premium Coffee Beans,1,2024-07-28 18:17:00,13.0,218130993,Germany,13.0,2024-07,2024-07-28
530393,SKU-007,Desk Lamp,1,2024-12-13 08:44:00,34.22,-2147483648,Germany,34.22,2024-12,2024-12-13
530393,SKU-005,Notebook A5,2,2024-08-21 18:03:00,5.48,-2147483648,Spain,10.96,2024-08,2024-08-21
530394,SKU-001,Premium Coffee Beans,2,2025-01-15 21:45:00,13.91,-2147483648,Netherlands,27.82,2025-01,2025-01-15
530394,SKU-010,Bluetooth Speaker,2,2024-03-10 18:29:00,40.8,-2147483648,Netherlands,81.6,2024-03,2024-03-10
530394,SKU-008,Yoga Mat,1,2024-06-20 19:55:00,27.51,-2147483648,Spain,27.51,2024-06,2024-06-20
530395,SKU-009,Running Socks,2,2024-07-05 20:06:00,6.77,-2147483648,France,13.54,2024-07,2024-07-05
530395,SKU-001,Premium Coffee Beans,2,2024-08-31 17:57:00,13.28,-2147483648,Germany,26.56,2024-08,2024-08-31
530395,SKU-012,Phone Stand,2,2024-04-16 19:11:00,12.58,1432582759,Netherlands,25.16,2024-04,2024-04-16
530396,SKU-003,Ceramic Mug,2,2024-07-21 09:26:00,7.22,-2147483648,Spain,14.44,2024-07,2024-07-21
530396,SKU-002,Organic Green Tea,8,2024-09-06 08:28:00,9.77,1656588885,Germany,78.16,2024-09,2024-09-06
530396,SKU-001,Premium Coffee Beans,1,2024-09-08 13:06:00,11.74,-2147483648,Germany,11.74,2024-09,2024-09-08
530397,SKU-005,Notebook A5,3,2024-11-10 21:12:00,5.68,1328460370,United Kingdom,17.04,2024-11,2024-11-10
530397,SKU-012,Phone Stand,10,2024-07-05 08:21:00,12.59,1374553813,France,125.9,2024-07,2024-07-05
530397,SKU-006,Wireless Charger,8,2024-12-19 22:45:00,26.33,1374553813,France,210.64,2024-12,2024-12-19
530398,SKU-010,Bluetooth Speaker,1,2024-09-07 19:23:00,48.5,1432582759,Netherlands,48.5,2024-09,2024-09-07
530398,SKU-011,Cotton Tote Bag,1,2024-09-08 14:26:00,9.49,-2147483648,France,9.49,2024-09,2024-09-08
530399,SKU-009,Running Socks,5,2024-06-22 10:46:00,6.37,1092425570,Germany,31.85,2024-06,2024-06-22
530399,SKU-003,Ceramic Mug,1,2024-10-15 15:02:00,7.07,-2147483648,Portugal,7.07,2024-10,2024-10-15
530399,SKU-004,Reusable Bottle,1,2025-01-01 19:32:00,16.56,256300136,Germany,16.56,2025-01,2025-01-01
530400,SKU-011,Cotton Tote Bag,5,2024-07-30 19:53:00,9.9,1455905409,Portugal,49.5,2024-07,2024-07-30
530400,SKU-002,Organic Green Tea,2,2024-06-11 13:29:00,7.71,-2147483648,Portugal,15.42,2024-06,2024-06-11
530401,SKU-012,Phone Stand,1,2025-03-18 09:36:00,10.99,-2147483648,France,10.99,2025-03,2025-03-18
530401,SKU-002,Organic Green Tea,1,2024-03-27 09:58:00,8.65,218130993,Germany,8.65,2024-03,2024-03-27
530401,SKU-012,Phone Stand,3,2024-11-13 09:11:00,10.58,-2147483648,Portugal,31.74,2024-11,2024-11-13
530402,SKU-011,Cotton Tote Bag,1,2024-04-30 08:49:00,10.04,1714484967,Spain,10.04,2024-04,2024-04-30
530402,SKU-001,Premium Coffee Beans,1,2024-11-16 11:40:00,13.81,1455905409,Portugal,13.81,2024-11,2024-11-16
530402,SKU-002,Organic Green Tea,1,2024-11-20 22:46:00,9.52,1247913175,Portugal,9.52,2024-11,2024-11-20
530403,SKU-005,Notebook A5,1,2025-03-14 21:43:00,5.91,2026944232,Italy,5.91,2025-03,2025-03-14
530403,SKU-004,Reusable Bottle,2,2024-08-12 19:48:00,15.34,-2147483648,Spain,30.68,2024-08,2024-08-12
530403,SKU-005,Notebook A5,1,2024-10-25 08:24:00,5.91,1092425570,Germany,5.91,2024-10,2024-10-25
530404,SKU-003,Ceramic Mug,1,2024-12-17 12:08:00,6.94,1298664459,United Kingdom,6.94,2024-12,2024-12-17
530404,SKU-007,Desk Lamp,4,2024-08-26 11:53:00,29.9,-2147483648,Germany,119.6,2024-08,2024-08-26
530404,SKU-004,Reusable Bottle,1,2024-11-23 10:18:00,17.24,2031279327,Portugal,17.24,2024-11,2024-11-23
530405,SKU-008,Yoga Mat,4,2024-11-18 12:05:00,26.97,-2147483648,Italy,107.88,2024-11,2024-11-18
530405,SKU-010,Bluetooth Speaker,5,2024-08-10 13:22:00,50.87,-2147483648,Portugal,254.35,2024-08,2024-08-10
530405,SKU-009,Running Socks,2,2024-11-14 15:53:00,7.93,-2147483648,Portugal,15.86,2024-11,2024-11-14
530406,SKU-003,Ceramic Mug,1,2024-09-21 08:53:00,7.14,-2147483648,Spain,7.14,2024-09,2024-09-21
530406,SKU-003,Ceramic Mug,1,2024-06-15 16:36:00,7.47,1706304137,Netherlands,7.47,2024-06,2024-06-15
530406,SKU-012,Phone Stand,5,2024-03-23 14:22:00,10.58,1328460370,United Kingdom,52.9,2024-03,2024-03-23
530407,SKU-011,Cotton Tote Bag,1,2024-04-18 20:18:00,9.87,1669324898,Portugal,9.87,2024-04,2024-04-18
530407,SKU-012,Phone Stand,2,2024-09-18 16:35:00,11.32,1345088738,Germany,22.64,2024-09,2024-09-18
530408,SKU-005,Notebook A5,1,2024-08-29 11:29:00,5.07,-2147483648,Italy,5.07,2024-08,2024-08-29
530408,SKU-002,Organic Green Tea,1,2024-11-15 16:42:00,7.71,-2147483648,Germany,7.71,2024-11,2024-11-15
530408,SKU-008,Yoga Mat,1,2024-01-12 10:29:00,26.82,-2147483648,United Kingdom,26.82,2024-01,2024-01-12
530409,SKU-006,Wireless Charger,1,2024-10-22 17:24:00,24.11,256300136,Germany,24.11,2024-10,2024-10-22
530409,SKU-001,Premium Coffee Beans,1,2025-01-16 13:44:00,12.4,-2147483648,France,12.4,2025-01,2025-01-16
530410,SKU-007,Desk Lamp,3,2025-04-04 15:21:00,33.84,1247913175,Portugal,101.52,2025-04,2025-04-04
530410,SKU-002,Organic Green Tea,8,2024-01-30 10:58:00,9.0,-2147483648,Germany,72.0,2024-01,2024-01-30
530410,SKU-003,Ceramic Mug,5,2025-01-14 15:34:00,8.0,-2147483648,Spain,40.0,2025-01,2025-01-14
530411,SKU-001,Premium Coffee Beans,2,2024-01-30 15:51:00,11.65,1532026711,Italy,23.3,2024-01,2024-01-30
530411,SKU-010,Bluetooth Speaker,1,2024-08-25 17:44:00,45.0,-2147483648,Netherlands,45.0,2024-08,2024-08-25
530411,SKU-007,Desk Lamp,1,2024-12-31 15:53:00,35.46,1169203032,Spain,35.46,2024-12,2024-12-31
530412,SKU-012,Phone Stand,1,2024-11-23 13:38:00,12.39,-2147483648,Germany,12.39,2024-11,2024-11-23
530412,SKU-011,Cotton Tote Bag,1,2024-06-30 14:19:00,9.23,-2147483648,Germany,9.23,2024-06,2024-06-30
530412,SKU-004,Reusable Bottle,1,2024-10-14 20:59:00,17.08,-2147483648,Italy,17.08,2024-10,2024-10-14
530413,SKU-009,Running Socks,5,2024-12-01 09:26:00,7.47,256300136,Germany,37.35,2024-12,2024-12-01
530413,SKU-005,Notebook A5,1,2024-12-27 17:25:00,6.08,-2147483648,Germany,6.08,2024-12,2024-12-27
530413,SKU-003,Ceramic Mug,1,2024-12-04 16:10:00,6.99,-2147483648,Portugal,6.99,2024-12,2024-12-04
530414,SKU-010,Bluetooth Speaker,3,2024-09-11 19:33:00,48.21,-2147483648,France,144.63,2024-09,2024-09-11
530414,SKU-010,Bluetooth Speaker,2,2024-09-07 20:08:00,43.77,1148384623,Netherlands,87.54,2024-09,2024-09-07
530414,SKU-006,Wireless Charger,3,2024-08-24 20:03:00,21.55,-2147483648,Netherlands,64.65,2024-08,2024-08-24
530415,SKU-005,Notebook A5,1,2024-08-29 20:49:00,5.74,-2147483648,Portugal,5.74,2024-08,2024-08-29
530415,SKU-006,Wireless Charger,1,2024-09-08 15:25:00,25.8,-2147483648,France,25.8,2024-09,2024-09-08
530415,SKU-001,Premium Coffee Beans,2,2024-10-01 18:09:00,14.02,2031279327,Portugal,28.04,2024-10,2024-10-01
530416,SKU-003,Ceramic Mug,5,2024-10-09 12:19:00,8.0,1938616789,Portugal,40.0,2024-10,2024-10-09
530416,SKU-004,Reusable Bottle,2,2024-11-30 21:13:00,14.99,1631149627,Italy,29.98,2024-11,2024-11-30
530416,SKU-012,Phone Stand,2,2024-04-18 11:09:00,12.46,1167092688,Portugal,24.92,2024-04,2024-04-18
530417,SKU-006,Wireless Charger,1,2024-10-22 08:30:00,21.17,-2147483648,Portugal,21.17,2024-10,2024-10-22
530417,SKU-012,Phone Stand,1,2024-12-28 11:58:00,10.91,1298664459,United Kingdom,10.91,2024-12,2024-12-28
530418,SKU-007,Desk Lamp,2,2024-11-06 21:29:00,28.59,-2147483648,Germany,57.18,2024-11,2024-11-06
530418,SKU-002,Organic Green Tea,2,2024-07-30 14:08:00,9.3,-2147483648,France,18.6,2024-07,2024-07-30
530418,SKU-003,Ceramic Mug,1,2024-05-15 14:49:00,7.61,218130993,Germany,7.61,2024-05,2024-05-15
530419,SKU-005,Notebook A5,1,2024-07-20 21:43:00,5.27,-2147483648,Portugal,5.27,2024-07,2024-07-20
530419,SKU-007,Desk Lamp,2,2024-11-24 17:25:00,32.88,1996590439,Netherlands,65.76,2024-11,2024-11-24
530419,SKU-006,Wireless Charger,1,2024-08-21 15:42:00,24.1,-2147483648,Netherlands,24.1,2024-08,2024-08-21
530420,SKU-010,Bluetooth Speaker,2,2024-11-11 08:14:00,47.83,256300136,Germany,95.66,2024-11,2024-11-11
530420,SKU-003,Ceramic Mug,2,2024-11-10 20:15:00,8.27,-2147483648,Portugal,16.54,2024-11,2024-11-10
530421,SKU-010,Bluetooth Speaker,2,2024-10-06 20:25:00,41.39,1455905409,Portugal,82.78,2024-10,2024-10-06
530421,SKU-011,Cotton Tote Bag,2,2024-11-28 11:08:00,9.22,-2147483648,Spain,18.44,2024-11,2024-11-28
530422,SKU-006,Wireless Charger,1,2024-02-03 14:41:00,24.24,256300136,Germany,24.24,2024-02,2024-02-03
530422,SKU-003,Ceramic Mug,2,2025-02-07 12:19:00,8.22,1996590439,Netherlands,16.44,2025-02,2025-02-07
530422,SKU-008,Yoga Mat,3,2024-07-29 08:16:00,27.0,1656588885,Germany,81.0,2024-07,2024-07-29
530423,SKU-007,Desk Lamp,1,2024-08-13 10:10:00,31.01,-2147483648,Italy,31.01,2024-08,2024-08-13
530423,SKU-009,Running Socks,1,2024-10-28 21:06:00,7.25,-2147483648,Italy,7.25,2024-10,2024-10-28
530423,SKU-002,Organic Green Tea,5,2024-08-19 13:43:00,9.19,1549367179,Italy,45.95,2024-08,2024-08-19
530424,SKU-011,Cotton Tote Bag,4,2024-04-02 21:25:00,9.66,-2147483648,Netherlands,38.64,2024-04,2024-04-02
530424,SKU-001,Premium Coffee Beans,1,2024-05-25 10:20:00,13.21,-2147483648,Germany,13.21,2024-05,2024-05-25
530424,SKU-009,Running Socks,1,2024-10-22 14:43:00,6.32,218130993,Germany,6.32,2024-10,2024-10-22
530425,SKU-008,Yoga Mat,5,2024-10-08 18:42:00,26.89,1298664459,United Kingdom,134.45,2024-10,2024-10-08
530425,SKU-001,Premium Coffee Beans,3,2024-05-02 12:27:00,12.93,1967600446,Spain,38.79,2024-05,2024-05-02
530425,SKU-011,Cotton Tote Bag,2,2024-07-13 09:38:00,10.49,-2147483648,Germany,20.98,2024-07,2024-07-13
530426,SKU-008,Yoga Mat,4,2024-10-13 16:23:00,22.89,1117373196,France,91.56,2024-10,2024-10-13
530426,SKU-012,Phone Stand,3,2024-08-07 13:54:00,11.89,-2147483648,Germany,35.67,2024-08,2024-08-07
530426,SKU-006,Wireless Charger,1,2024-07-10 09:50:00,23.33,218130993,Germany,23.33,2024-07,2024-07-10
530427,SKU-007,Desk Lamp,1,2024-03-29 16:48:00,30.74,1714484967,Spain,30.74,2024-03,2024-03-29
530427,SKU-012,Phone Stand,1,2024-12-13 17:16:00,12.14,-2147483648,Portugal,12.14,2024-12,2024-12-13
530428,SKU-010,Bluetooth Speaker,1,2024-09-16 19:55:00,49.99,2026944232,Italy,49.99,2024-09,2024-09-16
530428,SKU-001,Premium Coffee Beans,2,2024-11-07 15:18:00,14.76,-2147483648,France,29.52,2024-11,2024-11-07
530428,SKU-008,Yoga Mat,1,2024-11-05 15:23:00,26.18,-2147483648,United Kingdom,26.18,2024-11,2024-11-05
530429,SKU-010,Bluetooth Speaker,3,2025-01-25 18:23:00,41.61,-2147483648,Spain,124.83,2025-01,2025-01-25
530429,SKU-006,Wireless Charger,3,2024-06-26 18:18:00,20.95,-2147483648,Portugal,62.85,2024-06,2024-06-26
530429,SKU-001,Premium Coffee Beans,3,2024-05-05 16:17:00,13.78,-2147483648,Spain,41.34,2024-05,2024-05-05
530430,SKU-006,Wireless Charger,1,2024-07-28 14:01:00,21.09,-2147483648,Spain,21.09,2024-07,2024-07-28
530430,SKU-006,Wireless Charger,1,2024-07-06 19:02:00,23.56,-2147483648,Portugal,23.56,2024-07,2024-07-06
530431,SKU-007,Desk Lamp,1,2024-07-11 11:11:00,35.65,-2147483648,Spain,35.65,2024-07,2024-07-11
530431,SKU-002,Organic Green Tea,5,2025-04-12 10:46:00,8.77,-2147483648,Germany,43.85,2025-04,2025-04-12
530431,SKU-008,Yoga Mat,3,2024-05-21 14:57:00,23.11,-2147483648,France,69.33,2024-05,2024-05-21
530432,SKU-008,Yoga Mat,1,2024-06-07 19:39:00,25.51,-2147483648,Italy,25.51,2024-06,2024-06-07
530432,SKU-012,Phone Stand,1,2024-07-05 21:33:00,10.99,-2147483648,Spain,10.99,2024-07,2024-07-05
530432,SKU-001,Premium Coffee Beans,2,2024-11-06 09:20:00,13.75,1175764926,Germany,27.5,2024-11,2024-11-06
530433,SKU-003,Ceramic Mug,1,2024-06-16 17:46:00,6.97,-2147483648,Spain,6.97,2024-06,2024-06-16
